Sport,Country,Ratio,Onlybefore2Count
Archery,ASA,0.471698113207547,1
Archery,AUS,4.24528301886792,9
Archery,BEL,0.943396226415094,2
Archery,BHU,1.41509433962264,3
Archery,BLR,1.41509433962264,3
Archery,BUL,0.471698113207547,1
Archery,CAF,0.471698113207547,1
Archery,CAN,1.41509433962264,3
Archery,CHI,0.471698113207547,1
Archery,CHN,4.24528301886792,9
Archery,CUB,1.88679245283019,4
Archery,DEN,0.471698113207547,1
Archery,EGY,0.471698113207547,1
Archery,ESA,0.471698113207547,1
Archery,ESP,0.943396226415094,2
Archery,EST,0.471698113207547,1
Archery,FIN,2.35849056603774,5
Archery,FRA,3.30188679245283,7
Archery,GBR,2.35849056603774,5
Archery,GEO,1.41509433962264,3
Archery,GER,1.88679245283019,4
Archery,GRE,0.471698113207547,1
Archery,HUN,0.943396226415094,2
Archery,INA,1.41509433962264,3
Archery,IND,1.41509433962264,3
Archery,IRL,0.471698113207547,1
Archery,ITA,4.71698113207547,10
Archery,JPN,4.24528301886792,9
Archery,KAZ,4.24528301886792,9
Archery,KEN,0.943396226415094,2
Archery,KOR,4.71698113207547,10
Archery,MDA,0.943396226415094,2
Archery,MEX,2.35849056603774,5
Archery,MGL,0.471698113207547,1
Archery,MRI,0.471698113207547,1
Archery,MYA,0.471698113207547,1
Archery,NED,2.35849056603774,5
Archery,NOR,1.88679245283019,4
Archery,NZL,1.41509433962264,3
Archery,PHI,0.471698113207547,1
Archery,POL,3.77358490566038,8
Archery,POR,0.471698113207547,1
Archery,PRK,0.471698113207547,1
Archery,PUR,0.471698113207547,1
Archery,RSA,1.41509433962264,3
Archery,RUS,3.77358490566038,8
Archery,SLO,1.41509433962264,3
Archery,SMR,0.471698113207547,1
Archery,SWE,4.71698113207547,10
Archery,TPE,3.77358490566038,8
Archery,TUR,3.77358490566038,8
Archery,UGA,0.471698113207547,1
Archery,UKR,5.18867924528302,11
Archery,USA,4.24528301886792,9
Archery,VAN,0.471698113207547,1
Athletics,AFG,0.0577200577200577,2
Athletics,AHO,0.0865800865800866,3
Athletics,ALB,0.115440115440115,4
Athletics,ALG,0.721500721500722,25
Athletics,AND,0.0577200577200577,2
Athletics,ANG,0.0865800865800866,3
Athletics,ANT,0.230880230880231,8
Athletics,ARG,0.461760461760462,16
Athletics,ARM,0.115440115440115,4
Athletics,ARU,0.0865800865800866,3
Athletics,ASA,0.0865800865800866,3
Athletics,AUS,3.17460317460317,110
Athletics,AUT,0.606060606060606,21
Athletics,AZE,0.230880230880231,8
Athletics,BAH,0.75036075036075,26
Athletics,BAN,0.115440115440115,4
Athletics,BAR,0.346320346320346,12
Athletics,BDI,0.288600288600289,10
Athletics,BEL,0.519480519480519,18
Athletics,BEN,0.144300144300144,5
Athletics,BER,0.0865800865800866,3
Athletics,BIH,0.173160173160173,6
Athletics,BIZ,0.173160173160173,6
Athletics,BLR,1.5007215007215,52
Athletics,BOL,0.115440115440115,4
Athletics,BOT,0.288600288600289,10
Athletics,BRA,1.44300144300144,50
Athletics,BRN,0.0865800865800866,3
Athletics,BRU,0.0288600288600289,1
Athletics,BUL,0.981240981240981,34
Athletics,BUR,0.173160173160173,6
Athletics,CAF,0.173160173160173,6
Athletics,CAM,0.0577200577200577,2
Athletics,CAN,1.7027417027417,59
Athletics,CAY,0.0577200577200577,2
Athletics,CGO,0.0865800865800866,3
Athletics,CHA,0.144300144300144,5
Athletics,CHI,0.288600288600289,10
Athletics,CHN,1.5007215007215,52
Athletics,CIV,0.288600288600289,10
Athletics,CMR,0.461760461760462,16
Athletics,COD,0.0865800865800866,3
Athletics,COK,0.0577200577200577,2
Athletics,COL,0.548340548340548,19
Athletics,COM,0.144300144300144,5
Athletics,CPV,0.0865800865800866,3
Athletics,CRC,0.0577200577200577,2
Athletics,CRO,0.432900432900433,15
Athletics,CUB,1.7027417027417,59
Athletics,CYP,0.404040404040404,14
Athletics,CZE,1.01010101010101,35
Athletics,DEN,0.288600288600289,10
Athletics,DJI,0.144300144300144,5
Athletics,DMA,0.202020202020202,7
Athletics,DOM,0.144300144300144,5
Athletics,ECU,0.115440115440115,4
Athletics,EGY,0.0577200577200577,2
Athletics,ERI,0.0865800865800866,3
Athletics,ESA,0.115440115440115,4
Athletics,ESP,2.77056277056277,96
Athletics,EST,0.375180375180375,13
Athletics,ETH,0.894660894660895,31
Athletics,FIJ,0.202020202020202,7
Athletics,FIN,1.18326118326118,41
Athletics,FRA,2.62626262626263,91
Athletics,FSM,0.0577200577200577,2
Athletics,GAB,0.144300144300144,5
Athletics,GAM,0.25974025974026,9
Athletics,GBR,3.52092352092352,122
Athletics,GBS,0.0865800865800866,3
Athletics,GEO,0.115440115440115,4
Athletics,GEQ,0.202020202020202,7
Athletics,GER,3.46320346320346,120
Athletics,GHA,0.779220779220779,27
Athletics,GRE,1.55844155844156,54
Athletics,GRN,0.202020202020202,7
Athletics,GUA,0.317460317460317,11
Athletics,GUI,0.115440115440115,4
Athletics,GUM,0.115440115440115,4
Athletics,GUY,0.25974025974026,9
Athletics,HAI,0.173160173160173,6
Athletics,HKG,0.173160173160173,6
Athletics,HON,0.0577200577200577,2
Athletics,HUN,1.35642135642136,47
Athletics,INA,0.173160173160173,6
Athletics,IND,0.779220779220779,27
Athletics,IOA,0.0577200577200577,2
Athletics,IRI,0.0577200577200577,2
Athletics,IRL,1.38528138528139,48
Athletics,IRQ,0.0865800865800866,3
Athletics,ISL,0.202020202020202,7
Athletics,ISR,0.25974025974026,9
Athletics,ISV,0.230880230880231,8
Athletics,ITA,2.27994227994228,79
Athletics,IVB,0.173160173160173,6
Athletics,JAM,1.9047619047619,66
Athletics,JOR,0.0865800865800866,3
Athletics,JPN,1.64502164502165,57
Athletics,KAZ,0.836940836940837,29
Athletics,KEN,1.87590187590188,65
Athletics,KGZ,0.346320346320346,12
Athletics,KOR,0.692640692640693,24
Athletics,KSA,0.461760461760462,16
Athletics,KUW,0.144300144300144,5
Athletics,LAO,0.144300144300144,5
Athletics,LAT,0.808080808080808,28
Athletics,LBA,0.115440115440115,4
Athletics,LBR,0.288600288600289,10
Athletics,LCA,0.202020202020202,7
Athletics,LES,0.288600288600289,10
Athletics,LIB,0.0577200577200577,2
Athletics,LIE,0.0288600288600289,1
Athletics,LTU,0.721500721500722,25
Athletics,LUX,0.0288600288600289,1
Athletics,MAD,0.346320346320346,12
Athletics,MAR,1.06782106782107,37
Athletics,MAS,0.115440115440115,4
Athletics,MAW,0.115440115440115,4
Athletics,MDA,0.346320346320346,12
Athletics,MDV,0.173160173160173,6
Athletics,MEX,0.808080808080808,28
Athletics,MGL,0.115440115440115,4
Athletics,MKD,0.0577200577200577,2
Athletics,MLI,0.144300144300144,5
Athletics,MLT,0.0865800865800866,3
Athletics,MOZ,0.0577200577200577,2
Athletics,MRI,0.461760461760462,16
Athletics,MTN,0.173160173160173,6
Athletics,MYA,0.115440115440115,4
Athletics,NAM,0.230880230880231,8
Athletics,NCA,0.0865800865800866,3
Athletics,NED,0.519480519480519,18
Athletics,NEP,0.115440115440115,4
Athletics,NGR,1.35642135642136,47
Athletics,NIG,0.144300144300144,5
Athletics,NOR,0.548340548340548,19
Athletics,NZL,0.634920634920635,22
Athletics,OMA,0.115440115440115,4
Athletics,PAK,0.115440115440115,4
Athletics,PAN,0.0288600288600289,1
Athletics,PAR,0.115440115440115,4
Athletics,PER,0.173160173160173,6
Athletics,PHI,0.115440115440115,4
Athletics,PLE,0.0577200577200577,2
Athletics,PLW,0.0577200577200577,2
Athletics,PNG,0.230880230880231,8
Athletics,POL,1.44300144300144,50
Athletics,POR,1.12554112554113,39
Athletics,PRK,0.230880230880231,8
Athletics,PUR,0.375180375180375,13
Athletics,QAT,0.490620490620491,17
Athletics,ROU,1.06782106782107,37
Athletics,RSA,1.01010101010101,35
Athletics,RUS,4.79076479076479,166
Athletics,RWA,0.144300144300144,5
Athletics,SAM,0.0577200577200577,2
Athletics,SCG,0.808080808080808,28
Athletics,SEN,0.404040404040404,14
Athletics,SEY,0.115440115440115,4
Athletics,SGP,0.0577200577200577,2
Athletics,SKN,0.288600288600289,10
Athletics,SLE,0.404040404040404,14
Athletics,SLO,0.75036075036075,26
Athletics,SMR,0.0577200577200577,2
Athletics,SOL,0.115440115440115,4
Athletics,SOM,0.144300144300144,5
Athletics,SRI,0.461760461760462,16
Athletics,STP,0.115440115440115,4
Athletics,SUD,0.115440115440115,4
Athletics,SUI,0.836940836940837,29
Athletics,SUR,0.0865800865800866,3
Athletics,SVK,0.692640692640693,24
Athletics,SWE,0.836940836940837,29
Athletics,SWZ,0.173160173160173,6
Athletics,SYR,0.0865800865800866,3
Athletics,TAN,0.230880230880231,8
Athletics,TGA,0.0577200577200577,2
Athletics,THA,0.548340548340548,19
Athletics,TJK,0.0577200577200577,2
Athletics,TKM,0.0865800865800866,3
Athletics,TOG,0.173160173160173,6
Athletics,TPE,0.25974025974026,9
Athletics,TTO,0.519480519480519,18
Athletics,TUN,0.346320346320346,12
Athletics,TUR,0.202020202020202,7
Athletics,UAE,0.0577200577200577,2
Athletics,UGA,0.173160173160173,6
Athletics,UKR,2.33766233766234,81
Athletics,URU,0.173160173160173,6
Athletics,USA,5.85858585858586,203
Athletics,UZB,0.779220779220779,27
Athletics,VAN,0.144300144300144,5
Athletics,VEN,0.25974025974026,9
Athletics,VIE,0.0865800865800866,3
Athletics,VIN,0.25974025974026,9
Athletics,YEM,0.144300144300144,5
Athletics,ZAM,0.202020202020202,7
Athletics,ZIM,0.317460317460317,11
Badminton,AUS,4.0133779264214,12
Badminton,AUT,0.334448160535117,1
Badminton,BEL,0.334448160535117,1
Badminton,BLR,0.668896321070234,2
Badminton,BUL,1.67224080267559,5
Badminton,CAN,4.34782608695652,13
Badminton,CHN,10.7023411371237,32
Badminton,DEN,8.69565217391304,26
Badminton,FIN,1.33779264214047,4
Badminton,FRA,1.33779264214047,4
Badminton,GBR,5.68561872909699,17
Badminton,GER,3.01003344481605,9
Badminton,GUA,0.334448160535117,1
Badminton,HKG,2.34113712374582,7
Badminton,HUN,0.334448160535117,1
Badminton,INA,10.3678929765886,31
Badminton,IND,1.33779264214047,4
Badminton,IRL,0.334448160535117,1
Badminton,ISL,0.334448160535117,1
Badminton,JPN,5.01672240802676,15
Badminton,KOR,7.69230769230769,23
Badminton,MAS,3.34448160535117,10
Badminton,MRI,2.34113712374582,7
Badminton,NED,4.0133779264214,12
Badminton,NGR,0.668896321070234,2
Badminton,NZL,0.668896321070234,2
Badminton,PER,0.334448160535117,1
Badminton,PHI,0.334448160535117,1
Badminton,POL,1.00334448160535,3
Badminton,POR,0.334448160535117,1
Badminton,RUS,2.34113712374582,7
Badminton,SGP,0.334448160535117,1
Badminton,SLO,0.334448160535117,1
Badminton,SUI,0.668896321070234,2
Badminton,SUR,0.334448160535117,1
Badminton,SWE,4.34782608695652,13
Badminton,THA,3.67892976588629,11
Badminton,TPE,2.67558528428094,8
Badminton,TTO,0.334448160535117,1
Badminton,UKR,1.00334448160535,3
Badminton,USA,1.00334448160535,3
Baseball,AUS,13.0841121495327,42
Baseball,CUB,10.5919003115265,34
Baseball,ITA,11.214953271028,36
Baseball,JPN,13.0841121495327,42
Baseball,KOR,12.7725856697819,41
Baseball,NCA,5.9190031152648,19
Baseball,NED,12.1495327102804,39
Baseball,RSA,7.47663551401869,24
Baseball,USA,13.7071651090343,44
Basketball,ANG,3.420523138833,17
Basketball,ARG,2.41448692152917,12
Basketball,AUS,6.841046277666,34
Basketball,BRA,5.83501006036217,29
Basketball,CAN,6.63983903420523,33
Basketball,CHN,5.63380281690141,28
Basketball,COD,2.41448692152917,12
Basketball,CRO,2.41448692152917,12
Basketball,CUB,3.21931589537223,16
Basketball,ESP,2.41448692152917,12
Basketball,FRA,4.82897384305835,24
Basketball,GRE,2.41448692152917,12
Basketball,ITA,4.82897384305835,24
Basketball,JPN,2.41448692152917,12
Basketball,KOR,5.83501006036217,29
Basketball,LTU,4.02414486921529,20
Basketball,NZL,4.82897384305835,24
Basketball,POL,2.41448692152917,12
Basketball,PUR,2.41448692152917,12
Basketball,RUS,5.63380281690141,28
Basketball,SCG,3.82293762575453,19
Basketball,SEN,2.41448692152917,12
Basketball,SVK,2.41448692152917,12
Basketball,UKR,2.41448692152917,12
Basketball,USA,8.04828973843058,40
Beach Volleyball,ARG,2.64900662251656,4
Beach Volleyball,AUS,7.94701986754967,12
Beach Volleyball,AUT,1.32450331125828,2
Beach Volleyball,BRA,7.94701986754967,12
Beach Volleyball,BUL,1.32450331125828,2
Beach Volleyball,CAN,5.29801324503311,8
Beach Volleyball,CHN,2.64900662251656,4
Beach Volleyball,CUB,2.64900662251656,4
Beach Volleyball,CZE,4.63576158940397,7
Beach Volleyball,ESP,3.3112582781457,5
Beach Volleyball,EST,1.32450331125828,2
Beach Volleyball,FRA,3.3112582781457,5
Beach Volleyball,GBR,1.32450331125828,2
Beach Volleyball,GER,5.96026490066225,9
Beach Volleyball,GRE,1.32450331125828,2
Beach Volleyball,INA,2.64900662251656,4
Beach Volleyball,ITA,5.96026490066225,9
Beach Volleyball,JPN,5.29801324503311,8
Beach Volleyball,MEX,3.97350993377483,6
Beach Volleyball,NED,3.3112582781457,5
Beach Volleyball,NOR,3.97350993377483,6
Beach Volleyball,NZL,1.32450331125828,2
Beach Volleyball,POR,2.64900662251656,4
Beach Volleyball,RUS,1.32450331125828,2
Beach Volleyball,SUI,1.32450331125828,2
Beach Volleyball,SWE,2.64900662251656,4
Beach Volleyball,USA,12.5827814569536,19
Boxing,ALG,1.81219110378913,11
Boxing,ARG,1.64744645799012,10
Boxing,ARM,0.988467874794069,6
Boxing,ASA,0.164744645799012,1
Boxing,AUS,2.47116968698517,15
Boxing,AZE,1.15321252059308,7
Boxing,BAR,0.494233937397035,3
Boxing,BLR,0.823723228995058,5
Boxing,BOT,0.329489291598023,2
Boxing,BRA,1.81219110378913,11
Boxing,BUL,1.4827018121911,9
Boxing,BUR,0.329489291598023,2
Boxing,CAN,2.63591433278418,16
Boxing,CHI,0.164744645799012,1
Boxing,CHN,0.823723228995058,5
Boxing,CMR,0.988467874794069,6
Boxing,COL,1.15321252059308,7
Boxing,CRO,0.164744645799012,1
Boxing,CUB,3.13014827018122,19
Boxing,CZE,0.988467874794069,6
Boxing,DEN,0.329489291598023,2
Boxing,DOM,1.4827018121911,9
Boxing,ECU,0.329489291598023,2
Boxing,EGY,1.64744645799012,10
Boxing,ESP,0.164744645799012,1
Boxing,ETH,0.658978583196046,4
Boxing,FIN,0.164744645799012,1
Boxing,FRA,2.30642504118616,14
Boxing,GAB,0.494233937397035,3
Boxing,GBR,0.658978583196046,4
Boxing,GEO,1.15321252059308,7
Boxing,GER,2.47116968698517,15
Boxing,GHA,0.988467874794069,6
Boxing,GRE,0.658978583196046,4
Boxing,GUI,0.329489291598023,2
Boxing,GUY,0.164744645799012,1
Boxing,HON,0.329489291598023,2
Boxing,HUN,1.15321252059308,7
Boxing,INA,0.658978583196046,4
Boxing,IND,0.988467874794069,6
Boxing,IOA,0.164744645799012,1
Boxing,IRI,0.988467874794069,6
Boxing,IRL,0.823723228995058,5
Boxing,ISR,0.164744645799012,1
Boxing,ISV,0.164744645799012,1
Boxing,ITA,1.64744645799012,10
Boxing,JAM,0.494233937397035,3
Boxing,JPN,0.658978583196046,4
Boxing,KAZ,2.14168039538715,13
Boxing,KEN,1.4827018121911,9
Boxing,KGZ,1.15321252059308,7
Boxing,KOR,2.96540362438221,18
Boxing,LAT,0.164744645799012,1
Boxing,LES,0.329489291598023,2
Boxing,LTU,0.494233937397035,3
Boxing,MAD,0.329489291598023,2
Boxing,MAR,1.64744645799012,10
Boxing,MAS,0.164744645799012,1
Boxing,MDA,0.494233937397035,3
Boxing,MEX,2.30642504118616,14
Boxing,MGL,0.494233937397035,3
Boxing,MOZ,0.164744645799012,1
Boxing,MRI,0.988467874794069,6
Boxing,NAM,0.494233937397035,3
Boxing,NGR,1.31795716639209,8
Boxing,NOR,0.164744645799012,1
Boxing,NZL,0.329489291598023,2
Boxing,PAK,1.15321252059308,7
Boxing,PER,0.164744645799012,1
Boxing,PHI,1.31795716639209,8
Boxing,PNG,0.658978583196046,4
Boxing,POL,1.31795716639209,8
Boxing,PRK,0.494233937397035,3
Boxing,PUR,1.97693574958814,12
Boxing,ROU,2.30642504118616,14
Boxing,RSA,1.31795716639209,8
Boxing,RUS,2.8006589785832,17
Boxing,SAM,0.494233937397035,3
Boxing,SCG,0.164744645799012,1
Boxing,SEN,0.164744645799012,1
Boxing,SEY,0.494233937397035,3
Boxing,SLE,0.164744645799012,1
Boxing,SVK,0.329489291598023,2
Boxing,SWE,0.988467874794069,6
Boxing,SWZ,0.329489291598023,2
Boxing,SYR,0.658978583196046,4
Boxing,TAN,0.329489291598023,2
Boxing,TGA,0.329489291598023,2
Boxing,THA,1.97693574958814,12
Boxing,TJK,0.164744645799012,1
Boxing,TKM,0.164744645799012,1
Boxing,TPE,0.164744645799012,1
Boxing,TTO,0.164744645799012,1
Boxing,TUN,1.15321252059308,7
Boxing,TUR,2.63591433278418,16
Boxing,UGA,0.988467874794069,6
Boxing,UKR,2.96540362438221,18
Boxing,USA,3.95387149917628,24
Boxing,UZB,2.30642504118616,14
Boxing,VEN,0.988467874794069,6
Boxing,ZAM,0.988467874794069,6
Boxing,ZIM,0.329489291598023,2
Canoeing,ANT,0.474683544303797,3
Canoeing,ARG,0.791139240506329,5
Canoeing,ARM,0.158227848101266,1
Canoeing,AUS,5.22151898734177,33
Canoeing,AUT,0.632911392405063,4
Canoeing,BEL,0.632911392405063,4
Canoeing,BIH,0.158227848101266,1
Canoeing,BLR,1.26582278481013,8
Canoeing,BRA,0.949367088607595,6
Canoeing,BUL,2.37341772151899,15
Canoeing,CAN,4.43037974683544,28
Canoeing,CHN,1.26582278481013,8
Canoeing,CIV,0.316455696202532,2
Canoeing,CRC,0.316455696202532,2
Canoeing,CRO,0.791139240506329,5
Canoeing,CUB,0.474683544303797,3
Canoeing,CZE,6.0126582278481,38
Canoeing,DEN,0.949367088607595,6
Canoeing,ESP,3.95569620253165,25
Canoeing,EST,0.158227848101266,1
Canoeing,FIN,0.316455696202532,2
Canoeing,FRA,4.27215189873418,27
Canoeing,GBR,3.95569620253165,25
Canoeing,GER,6.4873417721519,41
Canoeing,GRE,0.158227848101266,1
Canoeing,GUA,0.158227848101266,1
Canoeing,HUN,4.27215189873418,27
Canoeing,IRI,0.158227848101266,1
Canoeing,IRL,1.10759493670886,7
Canoeing,ISR,0.791139240506329,5
Canoeing,ITA,2.84810126582278,18
Canoeing,JPN,1.42405063291139,9
Canoeing,KAZ,1.58227848101266,10
Canoeing,KGZ,0.316455696202532,2
Canoeing,KOR,0.474683544303797,3
Canoeing,LAT,0.632911392405063,4
Canoeing,LTU,0.632911392405063,4
Canoeing,MAR,0.158227848101266,1
Canoeing,MAS,0.158227848101266,1
Canoeing,MDA,0.632911392405063,4
Canoeing,MEX,1.26582278481013,8
Canoeing,MKD,0.474683544303797,3
Canoeing,NED,0.316455696202532,2
Canoeing,NOR,1.26582278481013,8
Canoeing,NZL,0.158227848101266,1
Canoeing,PAN,0.158227848101266,1
Canoeing,POL,5.22151898734177,33
Canoeing,POR,0.949367088607595,6
Canoeing,ROU,3.48101265822785,22
Canoeing,RSA,0.316455696202532,2
Canoeing,RUS,3.32278481012658,21
Canoeing,SCG,1.10759493670886,7
Canoeing,SLO,1.10759493670886,7
Canoeing,SUI,1.58227848101266,10
Canoeing,SVK,4.43037974683544,28
Canoeing,SWE,2.68987341772152,17
Canoeing,UKR,3.00632911392405,19
Canoeing,USA,5.06329113924051,32
Canoeing,UZB,2.84810126582278,18
Cycling,ALB,0.131926121372032,1
Cycling,ANT,0.131926121372032,1
Cycling,ARG,1.71503957783641,13
Cycling,ARM,0.131926121372032,1
Cycling,ARU,0.131926121372032,1
Cycling,AUS,4.61741424802111,35
Cycling,AUT,1.97889182058048,15
Cycling,BEL,2.37467018469657,18
Cycling,BER,0.131926121372032,1
Cycling,BIZ,0.131926121372032,1
Cycling,BLR,0.923482849604222,7
Cycling,BOL,0.131926121372032,1
Cycling,BRA,1.58311345646438,12
Cycling,CAN,3.03430079155673,23
Cycling,CAY,0.131926121372032,1
Cycling,CHI,0.659630606860158,5
Cycling,CHN,0.923482849604222,7
Cycling,COL,2.37467018469657,18
Cycling,CRC,0.263852242744063,2
Cycling,CUB,0.527704485488127,4
Cycling,CZE,1.58311345646438,12
Cycling,DEN,2.24274406332454,17
Cycling,ECU,0.395778364116095,3
Cycling,EGY,0.527704485488127,4
Cycling,ESA,0.131926121372032,1
Cycling,ESP,4.35356200527704,33
Cycling,EST,1.31926121372032,10
Cycling,FIN,0.79155672823219,6
Cycling,FRA,4.08970976253298,31
Cycling,GBR,4.35356200527704,33
Cycling,GER,4.74934036939314,36
Cycling,GRE,0.659630606860158,5
Cycling,GUA,0.923482849604222,7
Cycling,GUM,0.263852242744063,2
Cycling,HKG,0.263852242744063,2
Cycling,HUN,0.263852242744063,2
Cycling,IRI,0.263852242744063,2
Cycling,IRL,1.18733509234828,9
Cycling,ITA,3.82585751978892,29
Cycling,JPN,2.24274406332454,17
Cycling,KAZ,1.05540897097625,8
Cycling,KEN,0.131926121372032,1
Cycling,KGZ,0.131926121372032,1
Cycling,KOR,1.45118733509235,11
Cycling,LAT,1.58311345646438,12
Cycling,LBA,0.131926121372032,1
Cycling,LTU,1.97889182058048,15
Cycling,MDA,0.659630606860158,5
Cycling,MEX,1.31926121372032,10
Cycling,MGL,0.131926121372032,1
Cycling,NAM,0.131926121372032,1
Cycling,NED,3.82585751978892,29
Cycling,NOR,1.58311345646438,12
Cycling,NZL,3.43007915567282,26
Cycling,OMA,0.131926121372032,1
Cycling,POL,1.97889182058048,15
Cycling,POR,1.05540897097625,8
Cycling,PUR,0.131926121372032,1
Cycling,RSA,1.05540897097625,8
Cycling,RUS,3.56200527704486,27
Cycling,SAM,0.131926121372032,1
Cycling,SLO,0.923482849604222,7
Cycling,SUI,3.29815303430079,25
Cycling,SVK,1.84696569920844,14
Cycling,SWE,1.18733509234828,9
Cycling,TPE,0.395778364116095,3
Cycling,TTO,0.131926121372032,1
Cycling,UAE,0.131926121372032,1
Cycling,UKR,2.77044854881266,21
Cycling,URU,0.395778364116095,3
Cycling,USA,5.54089709762533,42
Cycling,UZB,0.131926121372032,1
Cycling,VEN,1.05540897097625,8
Cycling,ZIM,0.131926121372032,1
Diving,ARG,0.442477876106195,1
Diving,ARM,0.884955752212389,2
Diving,AUS,5.30973451327434,12
Diving,AUT,1.32743362831858,3
Diving,AZE,0.442477876106195,1
Diving,BLR,2.21238938053097,5
Diving,BOL,0.442477876106195,1
Diving,BRA,0.884955752212389,2
Diving,BUL,0.442477876106195,1
Diving,CAN,4.86725663716814,11
Diving,CHN,4.42477876106195,10
Diving,COL,0.884955752212389,2
Diving,CRC,0.442477876106195,1
Diving,CUB,2.65486725663717,6
Diving,CZE,0.442477876106195,1
Diving,ESP,3.09734513274336,7
Diving,FIN,0.884955752212389,2
Diving,FRA,2.65486725663717,6
Diving,GBR,4.42477876106195,10
Diving,GEO,1.32743362831858,3
Diving,GER,5.30973451327434,12
Diving,GRE,2.21238938053097,5
Diving,HKG,0.884955752212389,2
Diving,HUN,1.76991150442478,4
Diving,INA,1.32743362831858,3
Diving,ITA,3.09734513274336,7
Diving,JPN,1.32743362831858,3
Diving,KAZ,3.53982300884956,8
Diving,KOR,3.09734513274336,7
Diving,KUW,0.884955752212389,2
Diving,MAS,1.32743362831858,3
Diving,MEX,3.98230088495575,9
Diving,PER,0.442477876106195,1
Diving,PHI,0.884955752212389,2
Diving,PRK,2.21238938053097,5
Diving,PUR,1.32743362831858,3
Diving,ROU,1.32743362831858,3
Diving,RUS,4.86725663716814,11
Diving,SCG,0.884955752212389,2
Diving,SRI,0.442477876106195,1
Diving,SUI,1.32743362831858,3
Diving,SWE,1.32743362831858,3
Diving,THA,1.32743362831858,3
Diving,TJK,0.884955752212389,2
Diving,TPE,2.21238938053097,5
Diving,UKR,4.86725663716814,11
Diving,URU,0.442477876106195,1
Diving,USA,5.75221238938053,13
Diving,VEN,1.76991150442478,4
Diving,ZIM,0.442477876106195,1
Equestrianism,AHO,0.288184438040346,1
Equestrianism,ARG,1.72910662824208,6
Equestrianism,AUS,6.34005763688761,22
Equestrianism,AUT,2.01729106628242,7
Equestrianism,BEL,2.88184438040346,10
Equestrianism,BER,0.576368876080692,2
Equestrianism,BRA,4.32276657060519,15
Equestrianism,BUL,0.864553314121038,3
Equestrianism,CAN,4.61095100864553,16
Equestrianism,CHI,0.576368876080692,2
Equestrianism,COL,0.576368876080692,2
Equestrianism,DEN,2.30547550432277,8
Equestrianism,EGY,0.288184438040346,1
Equestrianism,ESP,5.18731988472623,18
Equestrianism,FIN,1.15273775216138,4
Equestrianism,FRA,5.47550432276657,19
Equestrianism,GBR,6.34005763688761,22
Equestrianism,GER,7.78097982708934,27
Equestrianism,GRE,0.288184438040346,1
Equestrianism,HUN,1.44092219020173,5
Equestrianism,IND,0.576368876080692,2
Equestrianism,IRI,0.288184438040346,1
Equestrianism,IRL,4.03458213256484,14
Equestrianism,ISV,0.288184438040346,1
Equestrianism,ITA,4.89913544668588,17
Equestrianism,JOR,0.288184438040346,1
Equestrianism,JPN,3.45821325648415,12
Equestrianism,KSA,1.15273775216138,4
Equestrianism,MEX,2.30547550432277,8
Equestrianism,NED,3.7463976945245,13
Equestrianism,NZL,3.1700288184438,11
Equestrianism,PHI,0.576368876080692,2
Equestrianism,POL,1.44092219020173,5
Equestrianism,POR,0.864553314121038,3
Equestrianism,PUR,0.288184438040346,1
Equestrianism,RUS,0.576368876080692,2
Equestrianism,SUI,4.32276657060519,15
Equestrianism,SWE,5.18731988472623,18
Equestrianism,URU,0.576368876080692,2
Equestrianism,USA,6.9164265129683,24
Fencing,ALG,1.14285714285714,4
Fencing,ARG,1.42857142857143,5
Fencing,AUS,2.28571428571429,8
Fencing,AUT,2,7
Fencing,AZE,0.285714285714286,1
Fencing,BLR,1.14285714285714,4
Fencing,BOL,0.285714285714286,1
Fencing,BRA,0.285714285714286,1
Fencing,BUL,0.857142857142857,3
Fencing,CAN,3.14285714285714,11
Fencing,CHI,0.571428571428571,2
Fencing,CHN,4.85714285714286,17
Fencing,COL,0.857142857142857,3
Fencing,CUB,3.42857142857143,12
Fencing,CZE,0.285714285714286,1
Fencing,DEN,0.285714285714286,1
Fencing,EGY,1.42857142857143,5
Fencing,ESP,3.71428571428571,13
Fencing,EST,2,7
Fencing,FIN,0.285714285714286,1
Fencing,FRA,6.85714285714286,24
Fencing,GBR,1.14285714285714,4
Fencing,GEO,0.285714285714286,1
Fencing,GER,7.71428571428571,27
Fencing,GRE,0.285714285714286,1
Fencing,GUA,0.285714285714286,1
Fencing,HUN,6,21
Fencing,ISR,0.857142857142857,3
Fencing,ITA,6.85714285714286,24
Fencing,JPN,2,7
Fencing,KAZ,1.71428571428571,6
Fencing,KGZ,0.285714285714286,1
Fencing,KOR,4.57142857142857,16
Fencing,KUW,0.285714285714286,1
Fencing,LAT,0.285714285714286,1
Fencing,LUX,0.285714285714286,1
Fencing,NOR,0.857142857142857,3
Fencing,PAR,0.285714285714286,1
Fencing,POL,4.28571428571429,15
Fencing,POR,0.571428571428571,2
Fencing,PUR,0.571428571428571,2
Fencing,ROU,2.85714285714286,10
Fencing,RUS,6,21
Fencing,SCG,0.285714285714286,1
Fencing,SUI,2.57142857142857,9
Fencing,SWE,0.571428571428571,2
Fencing,TUN,0.571428571428571,2
Fencing,UKR,3.42857142857143,12
Fencing,USA,5.42857142857143,19
Fencing,UZB,0.571428571428571,2
Fencing,VEN,1.14285714285714,4
Football,ARG,2.45566166439291,18
Football,AUS,6.41200545702592,47
Football,BRA,8.04911323328786,59
Football,CHI,2.31923601637108,17
Football,CHN,2.59208731241473,19
Football,CMR,2.45566166439291,18
Football,CZE,2.18281036834925,16
Football,DEN,2.04638472032742,15
Football,ESP,4.63847203274215,34
Football,FRA,2.31923601637108,17
Football,GER,3.54706684856753,26
Football,GHA,2.18281036834925,16
Football,HON,2.31923601637108,17
Football,HUN,2.31923601637108,17
Football,ITA,4.63847203274215,34
Football,JPN,6.41200545702592,47
Football,KOR,4.3656207366985,32
Football,KSA,2.04638472032742,15
Football,KUW,2.18281036834925,16
Football,MAR,2.31923601637108,17
Football,MEX,1.90995907230559,14
Football,NGR,6.27557980900409,46
Football,NOR,3.81991814461119,28
Football,POR,2.59208731241473,19
Football,RSA,2.18281036834925,16
Football,SVK,2.45566166439291,18
Football,SWE,3.68349249658936,27
Football,TUN,2.31923601637108,17
Football,USA,6.95770804911323,51
Gymnastics,ARG,0.833333333333333,3
Gymnastics,ARM,0.277777777777778,1
Gymnastics,AUS,4.44444444444444,16
Gymnastics,BAR,0.277777777777778,1
Gymnastics,BEL,0.277777777777778,1
Gymnastics,BLR,5.55555555555556,20
Gymnastics,BRA,0.555555555555556,2
Gymnastics,BUL,2.77777777777778,10
Gymnastics,CAN,3.61111111111111,13
Gymnastics,CHN,6.66666666666667,24
Gymnastics,CRO,0.277777777777778,1
Gymnastics,CUB,0.555555555555556,2
Gymnastics,CZE,1.11111111111111,4
Gymnastics,EGY,0.277777777777778,1
Gymnastics,ESP,5.55555555555556,20
Gymnastics,FRA,6.38888888888889,23
Gymnastics,GBR,2.77777777777778,10
Gymnastics,GEO,0.277777777777778,1
Gymnastics,GER,3.33333333333333,12
Gymnastics,GRE,3.05555555555556,11
Gymnastics,HUN,2.77777777777778,10
Gymnastics,IRL,0.277777777777778,1
Gymnastics,ISL,0.277777777777778,1
Gymnastics,ITA,4.72222222222222,17
Gymnastics,JPN,5.55555555555556,20
Gymnastics,KAZ,1.11111111111111,4
Gymnastics,KOR,2.77777777777778,10
Gymnastics,LAT,0.555555555555556,2
Gymnastics,LTU,0.277777777777778,1
Gymnastics,MAR,0.277777777777778,1
Gymnastics,MAS,0.277777777777778,1
Gymnastics,MEX,0.277777777777778,1
Gymnastics,NAM,0.277777777777778,1
Gymnastics,NOR,0.277777777777778,1
Gymnastics,NZL,0.555555555555556,2
Gymnastics,POL,0.555555555555556,2
Gymnastics,POR,0.277777777777778,1
Gymnastics,PRK,0.833333333333333,3
Gymnastics,PUR,0.555555555555556,2
Gymnastics,ROU,6.11111111111111,22
Gymnastics,RUS,6.11111111111111,22
Gymnastics,SLO,0.555555555555556,2
Gymnastics,SUI,1.38888888888889,5
Gymnastics,SVK,0.555555555555556,2
Gymnastics,TPE,0.277777777777778,1
Gymnastics,UKR,6.66666666666667,24
Gymnastics,USA,6.11111111111111,22
Gymnastics,UZB,0.555555555555556,2
Gymnastics,VEN,0.277777777777778,1
Handball,ALG,2.9520295202952,16
Handball,ANG,3.690036900369,20
Handball,AUS,5.53505535055351,30
Handball,AUT,2.76752767527675,15
Handball,BRA,5.53505535055351,30
Handball,CHN,2.2140221402214,12
Handball,CRO,2.9520295202952,16
Handball,CUB,2.5830258302583,14
Handball,DEN,4.4280442804428,24
Handball,EGY,4.24354243542435,23
Handball,ESP,4.0590405904059,22
Handball,FRA,7.38007380073801,40
Handball,GER,7.01107011070111,38
Handball,HUN,4.61254612546125,25
Handball,KOR,7.38007380073801,40
Handball,KUW,2.2140221402214,12
Handball,NOR,4.24354243542435,23
Handball,ROU,2.5830258302583,14
Handball,RUS,3.690036900369,20
Handball,SCG,2.76752767527675,15
Handball,SLO,2.76752767527675,15
Handball,SUI,2.39852398523985,13
Handball,SWE,3.690036900369,20
Handball,TUN,2.5830258302583,14
Handball,USA,5.90405904059041,32
Hockey,ARG,9.36936936936937,52
Hockey,AUS,8.64864864864865,48
Hockey,CAN,2.88288288288288,16
Hockey,CHN,2.7027027027027,15
Hockey,ESP,8.28828828828829,46
Hockey,GBR,9.18918918918919,51
Hockey,GER,9.00900900900901,50
Hockey,IND,4.32432432432432,24
Hockey,KOR,10.0900900900901,56
Hockey,MAS,4.5045045045045,25
Hockey,NED,8.64864864864865,48
Hockey,NZL,2.88288288288288,16
Hockey,PAK,5.04504504504505,28
Hockey,POL,2.88288288288288,16
Hockey,RSA,5.76576576576577,32
Hockey,USA,5.76576576576577,32
Judo,AHO,0.15220700152207,1
Judo,ALG,1.67427701674277,11
Judo,AND,0.15220700152207,1
Judo,ARG,1.67427701674277,11
Judo,ARM,0.30441400304414,2
Judo,ARU,0.15220700152207,1
Judo,AUS,3.80517503805175,25
Judo,AUT,1.06544901065449,7
Judo,AZE,0.76103500761035,5
Judo,BAR,0.15220700152207,1
Judo,BEL,1.82648401826484,12
Judo,BIH,0.30441400304414,2
Judo,BLR,0.91324200913242,6
Judo,BRA,3.34855403348554,22
Judo,BUL,0.45662100456621,3
Judo,BUR,0.15220700152207,1
Judo,CAN,2.13089802130898,14
Judo,CGO,0.30441400304414,2
Judo,CHI,0.15220700152207,1
Judo,CHN,3.34855403348554,22
Judo,CIV,0.76103500761035,5
Judo,CMR,0.60882800608828,4
Judo,CRC,0.30441400304414,2
Judo,CUB,2.89193302891933,19
Judo,CZE,0.91324200913242,6
Judo,DOM,0.91324200913242,6
Judo,ECU,0.30441400304414,2
Judo,EGY,0.60882800608828,4
Judo,ESA,0.45662100456621,3
Judo,ESP,2.73972602739726,18
Judo,EST,0.30441400304414,2
Judo,FIJ,0.30441400304414,2
Judo,FIN,0.30441400304414,2
Judo,FRA,3.34855403348554,22
Judo,GAB,0.30441400304414,2
Judo,GBR,3.0441400304414,20
Judo,GEO,1.5220700152207,10
Judo,GER,3.0441400304414,20
Judo,GRE,0.15220700152207,1
Judo,GUA,0.45662100456621,3
Judo,GUI,0.15220700152207,1
Judo,HAI,0.45662100456621,3
Judo,HKG,0.15220700152207,1
Judo,HON,0.45662100456621,3
Judo,HUN,1.5220700152207,10
Judo,INA,0.30441400304414,2
Judo,IND,0.76103500761035,5
Judo,IRI,0.60882800608828,4
Judo,IRL,0.30441400304414,2
Judo,ISL,0.15220700152207,1
Judo,ISR,0.76103500761035,5
Judo,ITA,2.13089802130898,14
Judo,JPN,3.19634703196347,21
Judo,KAZ,2.13089802130898,14
Judo,KGZ,0.76103500761035,5
Judo,KOR,3.19634703196347,21
Judo,KUW,0.30441400304414,2
Judo,LAT,0.15220700152207,1
Judo,LBA,0.15220700152207,1
Judo,LIE,0.30441400304414,2
Judo,LTU,0.30441400304414,2
Judo,LUX,0.15220700152207,1
Judo,MAD,0.15220700152207,1
Judo,MAR,0.45662100456621,3
Judo,MDA,0.91324200913242,6
Judo,MEX,0.45662100456621,3
Judo,MGL,1.36986301369863,9
Judo,MLI,0.15220700152207,1
Judo,MLT,0.15220700152207,1
Judo,MON,0.15220700152207,1
Judo,MRI,0.60882800608828,4
Judo,NCA,0.30441400304414,2
Judo,NED,2.43531202435312,16
Judo,NGR,0.45662100456621,3
Judo,NZL,0.76103500761035,5
Judo,PAN,0.15220700152207,1
Judo,PAR,0.15220700152207,1
Judo,PER,0.15220700152207,1
Judo,POL,1.97869101978691,13
Judo,POR,1.06544901065449,7
Judo,PRK,0.60882800608828,4
Judo,PUR,0.91324200913242,6
Judo,ROU,1.36986301369863,9
Judo,RSA,0.30441400304414,2
Judo,RUS,3.34855403348554,22
Judo,SAM,0.15220700152207,1
Judo,SCG,0.45662100456621,3
Judo,SEN,0.45662100456621,3
Judo,SEY,0.15220700152207,1
Judo,SMR,0.15220700152207,1
Judo,SUI,0.45662100456621,3
Judo,SVK,0.30441400304414,2
Judo,SWE,0.45662100456621,3
Judo,THA,0.15220700152207,1
Judo,TJK,0.45662100456621,3
Judo,TKM,0.45662100456621,3
Judo,TOG,0.15220700152207,1
Judo,TPE,2.43531202435312,16
Judo,TUN,1.82648401826484,12
Judo,TUR,1.21765601217656,8
Judo,UKR,1.21765601217656,8
Judo,URU,0.45662100456621,3
Judo,USA,3.19634703196347,21
Judo,UZB,1.5220700152207,10
Judo,VEN,1.5220700152207,10
Judo,VIE,0.15220700152207,1
Modern Pentathlon,AUS,4.16666666666667,3
Modern Pentathlon,BLR,2.77777777777778,2
Modern Pentathlon,BUL,1.38888888888889,1
Modern Pentathlon,CHN,2.77777777777778,2
Modern Pentathlon,DEN,1.38888888888889,1
Modern Pentathlon,EGY,1.38888888888889,1
Modern Pentathlon,EST,1.38888888888889,1
Modern Pentathlon,FRA,5.55555555555556,4
Modern Pentathlon,GBR,4.16666666666667,3
Modern Pentathlon,GEO,1.38888888888889,1
Modern Pentathlon,GER,2.77777777777778,2
Modern Pentathlon,GRE,1.38888888888889,1
Modern Pentathlon,HUN,8.33333333333333,6
Modern Pentathlon,ITA,8.33333333333333,6
Modern Pentathlon,KAZ,2.77777777777778,2
Modern Pentathlon,KGZ,1.38888888888889,1
Modern Pentathlon,KOR,1.38888888888889,1
Modern Pentathlon,LAT,4.16666666666667,3
Modern Pentathlon,LTU,1.38888888888889,1
Modern Pentathlon,MEX,4.16666666666667,3
Modern Pentathlon,POL,5.55555555555556,4
Modern Pentathlon,POR,1.38888888888889,1
Modern Pentathlon,ROU,2.77777777777778,2
Modern Pentathlon,RSA,2.77777777777778,2
Modern Pentathlon,RUS,6.94444444444444,5
Modern Pentathlon,SUI,2.77777777777778,2
Modern Pentathlon,SWE,4.16666666666667,3
Modern Pentathlon,UKR,4.16666666666667,3
Modern Pentathlon,USA,6.94444444444444,5
Rhythmic Gymnastics,AUS,0.595238095238095,1
Rhythmic Gymnastics,AUT,1.19047619047619,2
Rhythmic Gymnastics,BEL,0.595238095238095,1
Rhythmic Gymnastics,BLR,9.52380952380952,16
Rhythmic Gymnastics,BRA,3.57142857142857,6
Rhythmic Gymnastics,BUL,8.92857142857143,15
Rhythmic Gymnastics,CAN,1.19047619047619,2
Rhythmic Gymnastics,CHN,4.16666666666667,7
Rhythmic Gymnastics,CZE,1.19047619047619,2
Rhythmic Gymnastics,EGY,0.595238095238095,1
Rhythmic Gymnastics,ESP,8.33333333333333,14
Rhythmic Gymnastics,FIN,1.19047619047619,2
Rhythmic Gymnastics,FRA,7.73809523809524,13
Rhythmic Gymnastics,GEO,1.19047619047619,2
Rhythmic Gymnastics,GER,9.52380952380952,16
Rhythmic Gymnastics,GRE,5.35714285714286,9
Rhythmic Gymnastics,HUN,1.19047619047619,2
Rhythmic Gymnastics,ISR,0.595238095238095,1
Rhythmic Gymnastics,ITA,8.92857142857143,15
Rhythmic Gymnastics,JPN,5.35714285714286,9
Rhythmic Gymnastics,LTU,0.595238095238095,1
Rhythmic Gymnastics,POL,1.78571428571429,3
Rhythmic Gymnastics,ROU,1.19047619047619,2
Rhythmic Gymnastics,RUS,9.52380952380952,16
Rhythmic Gymnastics,UKR,1.78571428571429,3
Rhythmic Gymnastics,USA,4.16666666666667,7
Rowing,ALG,0.214362272240086,2
Rowing,ARG,3.0010718113612,28
Rowing,AUS,6.96677384780279,65
Rowing,AUT,1.82207931404073,17
Rowing,BEL,0.7502679528403,7
Rowing,BLR,2.67952840300107,25
Rowing,BRA,0.7502679528403,7
Rowing,BUL,0.857449088960343,8
Rowing,CAN,5.35905680600214,50
Rowing,CHI,0.643086816720257,6
Rowing,CHN,2.2508038585209,21
Rowing,CRO,1.82207931404073,17
Rowing,CUB,1.07181136120043,10
Rowing,CZE,0.535905680600214,5
Rowing,DEN,2.03644158628081,19
Rowing,EGY,0.7502679528403,7
Rowing,ESP,1.60771704180064,15
Rowing,EST,0.321543408360129,3
Rowing,FIN,0.214362272240086,2
Rowing,FRA,3.7513397642015,35
Rowing,GBR,6.43086816720257,60
Rowing,GER,7.07395498392283,66
Rowing,GRE,0.643086816720257,6
Rowing,HKG,0.428724544480171,4
Rowing,HUN,0.7502679528403,7
Rowing,IND,0.214362272240086,2
Rowing,IRL,0.857449088960343,8
Rowing,ITA,5.03751339764202,47
Rowing,JPN,1.60771704180064,15
Rowing,KAZ,0.107181136120043,1
Rowing,KOR,0.643086816720257,6
Rowing,LAT,0.428724544480171,4
Rowing,LTU,0.428724544480171,4
Rowing,MEX,0.643086816720257,6
Rowing,NED,5.78778135048232,54
Rowing,NOR,1.39335476956056,13
Rowing,NZL,1.39335476956056,13
Rowing,PAK,0.321543408360129,3
Rowing,PHI,0.107181136120043,1
Rowing,POL,2.67952840300107,25
Rowing,POR,0.428724544480171,4
Rowing,ROU,4.5016077170418,42
Rowing,RSA,1.17899249732047,11
Rowing,RUS,3.42979635584137,32
Rowing,SCG,0.643086816720257,6
Rowing,SLO,1.17899249732047,11
Rowing,SUI,1.82207931404073,17
Rowing,SVK,0.214362272240086,2
Rowing,SWE,1.17899249732047,11
Rowing,THA,0.107181136120043,1
Rowing,TUN,0.214362272240086,2
Rowing,UKR,2.57234726688103,24
Rowing,USA,8.14576634512326,76
Sailing,AHO,0.418994413407821,3
Sailing,AND,0.418994413407821,3
Sailing,ANT,0.139664804469274,1
Sailing,ARG,2.37430167597765,17
Sailing,ASA,0.279329608938547,2
Sailing,AUS,4.18994413407821,30
Sailing,AUT,1.53631284916201,11
Sailing,BAH,0.418994413407821,3
Sailing,BAR,0.279329608938547,2
Sailing,BEL,0.698324022346369,5
Sailing,BER,0.698324022346369,5
Sailing,BLR,1.39664804469274,10
Sailing,BRA,2.79329608938547,20
Sailing,BRN,0.558659217877095,4
Sailing,BUL,0.139664804469274,1
Sailing,CAN,2.79329608938547,20
Sailing,CAY,1.11731843575419,8
Sailing,CHI,0.139664804469274,1
Sailing,CHN,1.25698324022346,9
Sailing,COK,0.139664804469274,1
Sailing,CRO,0.837988826815642,6
Sailing,CUB,0.558659217877095,4
Sailing,CYP,0.558659217877095,4
Sailing,CZE,0.418994413407821,3
Sailing,DEN,2.6536312849162,19
Sailing,DJI,0.279329608938547,2
Sailing,ECU,0.139664804469274,1
Sailing,ESP,3.91061452513966,28
Sailing,EST,0.698324022346369,5
Sailing,FIJ,0.837988826815642,6
Sailing,FIN,1.95530726256983,14
Sailing,FRA,3.35195530726257,24
Sailing,GBR,3.77094972067039,27
Sailing,GEO,0.279329608938547,2
Sailing,GER,4.05027932960894,29
Sailing,GRE,2.51396648044693,18
Sailing,GUA,0.139664804469274,1
Sailing,GUM,0.418994413407821,3
Sailing,HKG,1.11731843575419,8
Sailing,HUN,2.23463687150838,16
Sailing,INA,0.139664804469274,1
Sailing,IRL,1.67597765363128,12
Sailing,ISL,0.139664804469274,1
Sailing,ISR,1.25698324022346,9
Sailing,ISV,0.418994413407821,3
Sailing,ITA,3.91061452513966,28
Sailing,IVB,0.139664804469274,1
Sailing,JAM,0.418994413407821,3
Sailing,JPN,2.09497206703911,15
Sailing,KOR,0.698324022346369,5
Sailing,LAT,0.558659217877095,4
Sailing,LCA,0.139664804469274,1
Sailing,LTU,0.139664804469274,1
Sailing,MAR,0.139664804469274,1
Sailing,MAS,0.139664804469274,1
Sailing,MEX,0.837988826815642,6
Sailing,MLT,0.418994413407821,3
Sailing,NED,2.51396648044693,18
Sailing,NOR,1.81564245810056,13
Sailing,NZL,4.05027932960894,29
Sailing,PAR,0.139664804469274,1
Sailing,PER,0.139664804469274,1
Sailing,POL,1.95530726256983,14
Sailing,POR,1.81564245810056,13
Sailing,PUR,0.698324022346369,5
Sailing,QAT,0.139664804469274,1
Sailing,ROU,0.279329608938547,2
Sailing,RSA,0.837988826815642,6
Sailing,RUS,2.6536312849162,19
Sailing,SEY,0.418994413407821,3
Sailing,SGP,0.977653631284916,7
Sailing,SLO,0.977653631284916,7
Sailing,SMR,0.139664804469274,1
Sailing,SRI,0.139664804469274,1
Sailing,SUI,1.81564245810056,13
Sailing,SVK,0.558659217877095,4
Sailing,SWE,3.49162011173184,25
Sailing,THA,0.418994413407821,3
Sailing,TPE,0.418994413407821,3
Sailing,TUR,1.25698324022346,9
Sailing,UKR,2.09497206703911,15
Sailing,URU,0.418994413407821,3
Sailing,USA,3.77094972067039,27
Sailing,VEN,0.279329608938547,2
Shooting,AHO,0.155038759689922,1
Shooting,ALB,0.310077519379845,2
Shooting,AND,0.310077519379845,2
Shooting,ANG,0.310077519379845,2
Shooting,ARG,1.3953488372093,9
Shooting,ARM,0.155038759689922,1
Shooting,AUS,5.11627906976744,33
Shooting,AUT,0.775193798449612,5
Shooting,AZE,0.465116279069767,3
Shooting,BAN,0.310077519379845,2
Shooting,BAR,0.155038759689922,1
Shooting,BEL,0.62015503875969,4
Shooting,BIH,0.310077519379845,2
Shooting,BLR,2.01550387596899,13
Shooting,BRA,0.155038759689922,1
Shooting,BRU,0.155038759689922,1
Shooting,BUL,1.3953488372093,9
Shooting,CAN,2.32558139534884,15
Shooting,CHI,0.465116279069767,3
Shooting,CHN,5.73643410852713,37
Shooting,COL,0.62015503875969,4
Shooting,CRO,0.62015503875969,4
Shooting,CUB,1.08527131782946,7
Shooting,CYP,0.775193798449612,5
Shooting,CZE,3.10077519379845,20
Shooting,DEN,1.3953488372093,9
Shooting,ECU,0.310077519379845,2
Shooting,EGY,1.24031007751938,8
Shooting,ESA,0.155038759689922,1
Shooting,ESP,1.24031007751938,8
Shooting,EST,0.310077519379845,2
Shooting,FIN,1.55038759689922,10
Shooting,FRA,2.7906976744186,18
Shooting,GBR,1.3953488372093,9
Shooting,GEO,0.465116279069767,3
Shooting,GER,4.8062015503876,31
Shooting,GRE,0.62015503875969,4
Shooting,GUA,0.62015503875969,4
Shooting,HKG,0.310077519379845,2
Shooting,HUN,2.32558139534884,15
Shooting,IND,0.775193798449612,5
Shooting,IRI,0.310077519379845,2
Shooting,IRL,0.930232558139535,6
Shooting,IRQ,0.155038759689922,1
Shooting,ISL,0.155038759689922,1
Shooting,ISR,0.62015503875969,4
Shooting,ISV,0.310077519379845,2
Shooting,ITA,3.56589147286822,23
Shooting,JOR,0.310077519379845,2
Shooting,JPN,2.17054263565891,14
Shooting,KAZ,1.3953488372093,9
Shooting,KEN,0.155038759689922,1
Shooting,KGZ,0.310077519379845,2
Shooting,KOR,2.7906976744186,18
Shooting,KSA,0.155038759689922,1
Shooting,KUW,0.775193798449612,5
Shooting,LAT,0.310077519379845,2
Shooting,LIB,0.155038759689922,1
Shooting,LIE,0.155038759689922,1
Shooting,LTU,0.155038759689922,1
Shooting,LUX,0.310077519379845,2
Shooting,MAS,0.310077519379845,2
Shooting,MDA,0.310077519379845,2
Shooting,MEX,0.310077519379845,2
Shooting,MGL,0.465116279069767,3
Shooting,MKD,0.310077519379845,2
Shooting,MLT,0.155038759689922,1
Shooting,MON,0.155038759689922,1
Shooting,MYA,0.155038759689922,1
Shooting,NAM,0.155038759689922,1
Shooting,NCA,0.155038759689922,1
Shooting,NED,0.62015503875969,4
Shooting,NEP,0.310077519379845,2
Shooting,NOR,1.24031007751938,8
Shooting,NZL,1.24031007751938,8
Shooting,OMA,0.310077519379845,2
Shooting,PAK,0.155038759689922,1
Shooting,PAN,0.310077519379845,2
Shooting,PER,0.465116279069767,3
Shooting,PHI,0.310077519379845,2
Shooting,POL,1.86046511627907,12
Shooting,POR,0.930232558139535,6
Shooting,PRK,0.310077519379845,2
Shooting,PUR,0.465116279069767,3
Shooting,QAT,0.155038759689922,1
Shooting,ROU,0.775193798449612,5
Shooting,RSA,0.62015503875969,4
Shooting,RUS,4.65116279069767,30
Shooting,SCG,1.08527131782946,7
Shooting,SGP,0.310077519379845,2
Shooting,SLO,0.465116279069767,3
Shooting,SMR,0.465116279069767,3
Shooting,SRI,0.465116279069767,3
Shooting,SUI,1.24031007751938,8
Shooting,SVK,0.62015503875969,4
Shooting,SWE,1.3953488372093,9
Shooting,SYR,0.155038759689922,1
Shooting,THA,0.775193798449612,5
Shooting,TKM,0.155038759689922,1
Shooting,TPE,0.465116279069767,3
Shooting,TUR,0.465116279069767,3
Shooting,UAE,0.465116279069767,3
Shooting,UKR,2.01550387596899,13
Shooting,URU,0.155038759689922,1
Shooting,USA,6.66666666666667,43
Shooting,UZB,0.62015503875969,4
Shooting,VEN,0.310077519379845,2
Shooting,VIE,0.310077519379845,2
Softball,AUS,10.4761904761905,22
Softball,CAN,13.8095238095238,29
Softball,CHN,10.4761904761905,22
Softball,CUB,7.14285714285714,15
Softball,ITA,7.14285714285714,15
Softball,JPN,11.9047619047619,25
Softball,NED,7.14285714285714,15
Softball,NZL,7.14285714285714,15
Softball,PUR,7.14285714285714,15
Softball,TPE,7.14285714285714,15
Softball,USA,10.4761904761905,22
Swimming,AHO,0.0699300699300699,1
Swimming,ALG,0.13986013986014,2
Swimming,AND,0.20979020979021,3
Swimming,ANG,0.13986013986014,2
Swimming,ARG,1.18881118881119,17
Swimming,ARM,0.20979020979021,3
Swimming,ARU,0.13986013986014,2
Swimming,AUS,4.40559440559441,63
Swimming,AUT,0.699300699300699,10
Swimming,AZE,0.13986013986014,2
Swimming,BAH,0.27972027972028,4
Swimming,BAN,0.20979020979021,3
Swimming,BAR,0.20979020979021,3
Swimming,BEL,0.769230769230769,11
Swimming,BER,0.0699300699300699,1
Swimming,BIH,0.20979020979021,3
Swimming,BLR,0.979020979020979,14
Swimming,BOL,0.27972027972028,4
Swimming,BRA,1.11888111888112,16
Swimming,BRN,0.13986013986014,2
Swimming,BUL,0.48951048951049,7
Swimming,CAM,0.20979020979021,3
Swimming,CAN,3.42657342657343,49
Swimming,CGO,0.20979020979021,3
Swimming,CHI,0.20979020979021,3
Swimming,CHN,2.51748251748252,36
Swimming,CIV,0.0699300699300699,1
Swimming,COL,0.559440559440559,8
Swimming,CRC,0.27972027972028,4
Swimming,CRO,1.32867132867133,19
Swimming,CUB,0.559440559440559,8
Swimming,CYP,0.559440559440559,8
Swimming,CZE,0.979020979020979,14
Swimming,DEN,0.979020979020979,14
Swimming,DMA,0.20979020979021,3
Swimming,DOM,0.0699300699300699,1
Swimming,ECU,0.34965034965035,5
Swimming,EGY,0.41958041958042,6
Swimming,ESA,0.13986013986014,2
Swimming,ESP,2.51748251748252,36
Swimming,EST,0.27972027972028,4
Swimming,FIJ,0.13986013986014,2
Swimming,FIN,1.11888111888112,16
Swimming,FRA,2.58741258741259,37
Swimming,FSM,0.13986013986014,2
Swimming,GBR,3.4965034965035,50
Swimming,GEO,0.0699300699300699,1
Swimming,GEQ,0.13986013986014,2
Swimming,GER,3.4965034965035,50
Swimming,GRE,1.32867132867133,19
Swimming,GRN,0.0699300699300699,1
Swimming,GUA,0.20979020979021,3
Swimming,GUI,0.13986013986014,2
Swimming,GUM,0.20979020979021,3
Swimming,HAI,0.0699300699300699,1
Swimming,HKG,0.769230769230769,11
Swimming,HON,0.20979020979021,3
Swimming,HUN,1.88811188811189,27
Swimming,INA,0.41958041958042,6
Swimming,IND,0.27972027972028,4
Swimming,IRI,0.13986013986014,2
Swimming,IRL,0.629370629370629,9
Swimming,IRQ,0.13986013986014,2
Swimming,ISL,0.699300699300699,10
Swimming,ISR,0.839160839160839,12
Swimming,ISV,0.13986013986014,2
Swimming,ITA,2.0979020979021,30
Swimming,JAM,0.20979020979021,3
Swimming,JOR,0.27972027972028,4
Swimming,JPN,2.86713286713287,41
Swimming,KAZ,0.839160839160839,12
Swimming,KEN,0.13986013986014,2
Swimming,KGZ,1.81818181818182,26
Swimming,KOR,1.95804195804196,28
Swimming,KSA,0.0699300699300699,1
Swimming,KUW,0.27972027972028,4
Swimming,LAO,0.0699300699300699,1
Swimming,LAT,0.27972027972028,4
Swimming,LCA,0.13986013986014,2
Swimming,LIB,0.13986013986014,2
Swimming,LTU,0.839160839160839,12
Swimming,LUX,0.20979020979021,3
Swimming,MAD,0.20979020979021,3
Swimming,MAR,0.0699300699300699,1
Swimming,MAS,0.699300699300699,10
Swimming,MDA,0.839160839160839,12
Swimming,MDV,0.20979020979021,3
Swimming,MEX,0.629370629370629,9
Swimming,MGL,0.13986013986014,2
Swimming,MKD,0.48951048951049,7
Swimming,MLI,0.13986013986014,2
Swimming,MLT,0.20979020979021,3
Swimming,MON,0.13986013986014,2
Swimming,MOZ,0.20979020979021,3
Swimming,MRI,0.27972027972028,4
Swimming,MYA,0.0699300699300699,1
Swimming,NAM,0.13986013986014,2
Swimming,NCA,0.20979020979021,3
Swimming,NED,2.16783216783217,31
Swimming,NEP,0.27972027972028,4
Swimming,NGR,0.13986013986014,2
Swimming,NIG,0.13986013986014,2
Swimming,NOR,0.34965034965035,5
Swimming,NZL,1.53846153846154,22
Swimming,OMA,0.13986013986014,2
Swimming,PAK,0.0699300699300699,1
Swimming,PAN,0.20979020979021,3
Swimming,PAR,0.27972027972028,4
Swimming,PER,0.34965034965035,5
Swimming,PHI,0.41958041958042,6
Swimming,PLE,0.0699300699300699,1
Swimming,PLW,0.13986013986014,2
Swimming,PNG,0.13986013986014,2
Swimming,POL,0.979020979020979,14
Swimming,POR,1.18881118881119,17
Swimming,PUR,0.559440559440559,8
Swimming,QAT,0.0699300699300699,1
Swimming,ROU,1.53846153846154,22
Swimming,RSA,1.11888111888112,16
Swimming,RUS,3.63636363636364,52
Swimming,RWA,0.13986013986014,2
Swimming,SCG,0.699300699300699,10
Swimming,SEN,0.13986013986014,2
Swimming,SEY,0.13986013986014,2
Swimming,SGP,0.699300699300699,10
Swimming,SLE,0.0699300699300699,1
Swimming,SLO,0.559440559440559,8
Swimming,SMR,0.0699300699300699,1
Swimming,SRI,0.13986013986014,2
Swimming,SUD,0.0699300699300699,1
Swimming,SUI,0.909090909090909,13
Swimming,SUR,0.27972027972028,4
Swimming,SVK,0.34965034965035,5
Swimming,SWE,1.95804195804196,28
Swimming,SWZ,0.20979020979021,3
Swimming,SYR,0.20979020979021,3
Swimming,THA,0.769230769230769,11
Swimming,TJK,0.13986013986014,2
Swimming,TPE,1.11888111888112,16
Swimming,TTO,0.27972027972028,4
Swimming,TUN,0.0699300699300699,1
Swimming,TUR,0.699300699300699,10
Swimming,UAE,0.13986013986014,2
Swimming,UGA,0.13986013986014,2
Swimming,UKR,2.16783216783217,31
Swimming,URU,0.41958041958042,6
Swimming,USA,5.73426573426573,82
Swimming,UZB,0.839160839160839,12
Swimming,VEN,0.629370629370629,9
Swimming,VIE,0.27972027972028,4
Swimming,VIN,0.13986013986014,2
Swimming,ZAM,0.13986013986014,2
Swimming,ZIM,0.27972027972028,4
Synchronized Swimming,AUS,6,9
Synchronized Swimming,BLR,1.33333333333333,2
Synchronized Swimming,BRA,1.33333333333333,2
Synchronized Swimming,CAN,11.3333333333333,17
Synchronized Swimming,CHN,10,15
Synchronized Swimming,CUB,1.33333333333333,2
Synchronized Swimming,CZE,1.33333333333333,2
Synchronized Swimming,EGY,1.33333333333333,2
Synchronized Swimming,ESP,1.33333333333333,2
Synchronized Swimming,FRA,8,12
Synchronized Swimming,GRE,1.33333333333333,2
Synchronized Swimming,HUN,1.33333333333333,2
Synchronized Swimming,ITA,9.33333333333333,14
Synchronized Swimming,JPN,9.33333333333333,14
Synchronized Swimming,KAZ,1.33333333333333,2
Synchronized Swimming,KOR,1.33333333333333,2
Synchronized Swimming,MEX,6,9
Synchronized Swimming,PRK,1.33333333333333,2
Synchronized Swimming,RUS,8.66666666666667,13
Synchronized Swimming,SUI,1.33333333333333,2
Synchronized Swimming,SVK,1.33333333333333,2
Synchronized Swimming,UKR,1.33333333333333,2
Synchronized Swimming,USA,11.3333333333333,17
Synchronized Swimming,VEN,1.33333333333333,2
Table Tennis,ALG,0.760456273764259,2
Table Tennis,ARG,0.760456273764259,2
Table Tennis,AUS,3.80228136882129,10
Table Tennis,AUT,2.28136882129278,6
Table Tennis,BEL,0.760456273764259,2
Table Tennis,BIH,0.380228136882129,1
Table Tennis,BLR,1.90114068441065,5
Table Tennis,BRA,2.28136882129278,6
Table Tennis,CAN,3.42205323193916,9
Table Tennis,CHI,2.28136882129278,6
Table Tennis,CHN,5.70342205323194,15
Table Tennis,CRO,1.90114068441065,5
Table Tennis,CUB,1.90114068441065,5
Table Tennis,CZE,1.14068441064639,3
Table Tennis,DEN,0.760456273764259,2
Table Tennis,DOM,0.380228136882129,1
Table Tennis,EGY,1.90114068441065,5
Table Tennis,FRA,2.6615969581749,7
Table Tennis,GBR,1.90114068441065,5
Table Tennis,GER,3.80228136882129,10
Table Tennis,GHA,0.760456273764259,2
Table Tennis,GRE,0.760456273764259,2
Table Tennis,HKG,3.04182509505703,8
Table Tennis,HUN,1.90114068441065,5
Table Tennis,INA,1.14068441064639,3
Table Tennis,IND,1.52091254752852,4
Table Tennis,IRI,0.380228136882129,1
Table Tennis,ITA,1.14068441064639,3
Table Tennis,JAM,0.760456273764259,2
Table Tennis,JOR,0.380228136882129,1
Table Tennis,JPN,4.94296577946768,13
Table Tennis,KOR,4.56273764258555,12
Table Tennis,KUW,0.380228136882129,1
Table Tennis,LIB,0.380228136882129,1
Table Tennis,LTU,0.760456273764259,2
Table Tennis,LUX,0.760456273764259,2
Table Tennis,MEX,0.380228136882129,1
Table Tennis,MRI,0.380228136882129,1
Table Tennis,NED,2.28136882129278,6
Table Tennis,NGR,3.04182509505703,8
Table Tennis,NZL,1.14068441064639,3
Table Tennis,PER,0.760456273764259,2
Table Tennis,POL,1.14068441064639,3
Table Tennis,PRK,2.6615969581749,7
Table Tennis,QAT,0.380228136882129,1
Table Tennis,ROU,2.6615969581749,7
Table Tennis,RUS,2.28136882129278,6
Table Tennis,SCG,1.14068441064639,3
Table Tennis,SGP,0.760456273764259,2
Table Tennis,SUD,0.380228136882129,1
Table Tennis,SUI,0.380228136882129,1
Table Tennis,SVK,0.380228136882129,1
Table Tennis,SWE,3.04182509505703,8
Table Tennis,THA,0.380228136882129,1
Table Tennis,TKM,0.380228136882129,1
Table Tennis,TPE,3.80228136882129,10
Table Tennis,TTO,0.380228136882129,1
Table Tennis,TUN,0.760456273764259,2
Table Tennis,UGA,1.14068441064639,3
Table Tennis,UKR,0.380228136882129,1
Table Tennis,USA,4.56273764258555,12
Table Tennis,VEN,0.760456273764259,2
Taekwondo,ARG,1.96078431372549,2
Taekwondo,AUS,7.84313725490196,8
Taekwondo,AUT,0.980392156862745,1
Taekwondo,BEN,0.980392156862745,1
Taekwondo,BRA,0.980392156862745,1
Taekwondo,CAN,0.980392156862745,1
Taekwondo,CHI,0.980392156862745,1
Taekwondo,CHN,2.94117647058824,3
Taekwondo,CIV,0.980392156862745,1
Taekwondo,COL,0.980392156862745,1
Taekwondo,CRO,0.980392156862745,1
Taekwondo,CUB,3.92156862745098,4
Taekwondo,DEN,1.96078431372549,2
Taekwondo,EGY,2.94117647058824,3
Taekwondo,ESP,3.92156862745098,4
Taekwondo,FIN,1.96078431372549,2
Taekwondo,FRA,1.96078431372549,2
Taekwondo,GBR,1.96078431372549,2
Taekwondo,GER,2.94117647058824,3
Taekwondo,GRE,2.94117647058824,3
Taekwondo,GUA,0.980392156862745,1
Taekwondo,HUN,0.980392156862745,1
Taekwondo,INA,0.980392156862745,1
Taekwondo,IRI,1.96078431372549,2
Taekwondo,ITA,2.94117647058824,3
Taekwondo,JOR,0.980392156862745,1
Taekwondo,JPN,1.96078431372549,2
Taekwondo,KOR,3.92156862745098,4
Taekwondo,KSA,0.980392156862745,1
Taekwondo,KUW,0.980392156862745,1
Taekwondo,LBA,0.980392156862745,1
Taekwondo,LES,1.96078431372549,2
Taekwondo,MAR,2.94117647058824,3
Taekwondo,MAS,0.980392156862745,1
Taekwondo,MEX,2.94117647058824,3
Taekwondo,MON,0.980392156862745,1
Taekwondo,NCA,0.980392156862745,1
Taekwondo,NED,1.96078431372549,2
Taekwondo,NOR,0.980392156862745,1
Taekwondo,PHI,3.92156862745098,4
Taekwondo,RUS,1.96078431372549,2
Taekwondo,SLO,0.980392156862745,1
Taekwondo,SWE,1.96078431372549,2
Taekwondo,SWZ,0.980392156862745,1
Taekwondo,TPE,3.92156862745098,4
Taekwondo,TTO,0.980392156862745,1
Taekwondo,TUR,1.96078431372549,2
Taekwondo,USA,3.92156862745098,4
Taekwondo,VEN,0.980392156862745,1
Taekwondo,VIE,1.96078431372549,2
Tennis,ARG,4.91803278688525,15
Tennis,ARM,0.327868852459016,1
Tennis,AUS,4.26229508196721,13
Tennis,AUT,1.31147540983607,4
Tennis,BAH,0.983606557377049,3
Tennis,BEL,1.31147540983607,4
Tennis,BEN,0.327868852459016,1
Tennis,BLR,1.31147540983607,4
Tennis,BOL,0.327868852459016,1
Tennis,BRA,1.9672131147541,6
Tennis,BUL,0.655737704918033,2
Tennis,CAN,2.62295081967213,8
Tennis,CHI,1.31147540983607,4
Tennis,CHN,1.9672131147541,6
Tennis,CIV,0.655737704918033,2
Tennis,COL,0.655737704918033,2
Tennis,CRC,0.327868852459016,1
Tennis,CRO,2.29508196721311,7
Tennis,CZE,3.27868852459016,10
Tennis,DEN,0.983606557377049,3
Tennis,DOM,0.327868852459016,1
Tennis,ECU,0.983606557377049,3
Tennis,ESP,3.60655737704918,11
Tennis,FRA,3.60655737704918,11
Tennis,GBR,2.95081967213115,9
Tennis,GER,2.29508196721311,7
Tennis,GRE,0.983606557377049,3
Tennis,HAI,0.655737704918033,2
Tennis,HUN,2.95081967213115,9
Tennis,INA,0.983606557377049,3
Tennis,IND,1.31147540983607,4
Tennis,IRL,0.655737704918033,2
Tennis,ITA,3.9344262295082,12
Tennis,JPN,3.27868852459016,10
Tennis,KOR,1.9672131147541,6
Tennis,LUX,0.327868852459016,1
Tennis,MAD,0.655737704918033,2
Tennis,MAR,0.655737704918033,2
Tennis,MEX,1.31147540983607,4
Tennis,NED,2.62295081967213,8
Tennis,NGR,0.327868852459016,1
Tennis,NOR,0.327868852459016,1
Tennis,NZL,0.327868852459016,1
Tennis,PAR,0.327868852459016,1
Tennis,POL,0.655737704918033,2
Tennis,POR,0.983606557377049,3
Tennis,ROU,1.63934426229508,5
Tennis,RSA,2.95081967213115,9
Tennis,RUS,2.62295081967213,8
Tennis,SCG,0.655737704918033,2
Tennis,SLO,0.983606557377049,3
Tennis,SUI,1.9672131147541,6
Tennis,SVK,2.62295081967213,8
Tennis,SWE,2.62295081967213,8
Tennis,THA,0.983606557377049,3
Tennis,TPE,1.63934426229508,5
Tennis,TUN,0.327868852459016,1
Tennis,UKR,0.655737704918033,2
Tennis,URU,0.327868852459016,1
Tennis,USA,4.91803278688525,15
Tennis,UZB,0.983606557377049,3
Tennis,VEN,1.9672131147541,6
Tennis,ZIM,1.31147540983607,4
Trampolining,ALG,4.16666666666667,1
Trampolining,AUS,8.33333333333333,2
Trampolining,BLR,8.33333333333333,2
Trampolining,CAN,8.33333333333333,2
Trampolining,CZE,4.16666666666667,1
Trampolining,FRA,4.16666666666667,1
Trampolining,GBR,8.33333333333333,2
Trampolining,GEO,4.16666666666667,1
Trampolining,GER,8.33333333333333,2
Trampolining,JPN,8.33333333333333,2
Trampolining,NED,4.16666666666667,1
Trampolining,RUS,8.33333333333333,2
Trampolining,SUI,4.16666666666667,1
Trampolining,UKR,8.33333333333333,2
Trampolining,USA,4.16666666666667,1
Trampolining,UZB,4.16666666666667,1
Triathlon,AHO,1,1
Triathlon,ARG,1,1
Triathlon,AUS,6,6
Triathlon,AUT,1,1
Triathlon,BEL,2,2
Triathlon,BRA,6,6
Triathlon,CAN,4,4
Triathlon,CHI,1,1
Triathlon,CHN,2,2
Triathlon,COL,1,1
Triathlon,CRC,1,1
Triathlon,CZE,4,4
Triathlon,DEN,2,2
Triathlon,ESP,4,4
Triathlon,FRA,6,6
Triathlon,GBR,6,6
Triathlon,GER,4,4
Triathlon,GRE,1,1
Triathlon,HUN,4,4
Triathlon,ITA,3,3
Triathlon,JAM,1,1
Triathlon,JPN,6,6
Triathlon,KAZ,2,2
Triathlon,LUX,1,1
Triathlon,NED,6,6
Triathlon,NZL,4,4
Triathlon,RSA,2,2
Triathlon,RUS,1,1
Triathlon,SUI,6,6
Triathlon,SWE,1,1
Triathlon,UKR,2,2
Triathlon,USA,6,6
Triathlon,VEN,1,1
Triathlon,ZIM,1,1
Volleyball,ARG,4.07725321888412,19
Volleyball,AUS,5.15021459227468,24
Volleyball,BRA,8.36909871244635,39
Volleyball,BUL,2.57510729613734,12
Volleyball,CAN,2.57510729613734,12
Volleyball,CHN,3.43347639484979,16
Volleyball,CRO,2.36051502145923,11
Volleyball,CUB,6.65236051502146,31
Volleyball,EGY,2.57510729613734,12
Volleyball,ESP,2.57510729613734,12
Volleyball,GER,4.07725321888412,19
Volleyball,ITA,6.00858369098712,28
Volleyball,JPN,2.57510729613734,12
Volleyball,KEN,2.57510729613734,12
Volleyball,KOR,7.72532188841202,36
Volleyball,NED,6.22317596566524,29
Volleyball,PER,3.6480686695279,17
Volleyball,POL,2.36051502145923,11
Volleyball,RUS,7.29613733905579,34
Volleyball,SCG,3.43347639484979,16
Volleyball,TUN,2.57510729613734,12
Volleyball,UKR,2.57510729613734,12
Volleyball,USA,8.58369098712446,40
Water Polo,AUS,8.15047021943574,26
Water Polo,CAN,4.07523510971787,13
Water Polo,CRO,5.95611285266458,19
Water Polo,ESP,5.01567398119122,16
Water Polo,GER,4.07523510971787,13
Water Polo,GRE,5.64263322884013,18
Water Polo,HUN,6.58307210031348,21
Water Polo,ITA,5.01567398119122,16
Water Polo,KAZ,8.15047021943574,26
Water Polo,NED,10.0313479623824,32
Water Polo,ROU,4.07523510971787,13
Water Polo,RUS,10.0313479623824,32
Water Polo,SCG,5.64263322884013,18
Water Polo,SVK,4.07523510971787,13
Water Polo,UKR,4.07523510971787,13
Water Polo,USA,10.3448275862069,33
Weightlifting,ALB,0.23094688221709,1
Weightlifting,ALG,0.92378752886836,4
Weightlifting,ARG,1.15473441108545,5
Weightlifting,ARM,3.00230946882217,13
Weightlifting,ARU,0.23094688221709,1
Weightlifting,ASA,0.46189376443418,2
Weightlifting,AUS,3.69515011547344,16
Weightlifting,AZE,1.38568129330254,6
Weightlifting,BEL,0.46189376443418,2
Weightlifting,BLR,3.23325635103926,14
Weightlifting,BRA,0.46189376443418,2
Weightlifting,BUL,3.92609699769053,17
Weightlifting,CAN,0.92378752886836,4
Weightlifting,CHI,0.23094688221709,1
Weightlifting,CHN,4.15704387990762,18
Weightlifting,CMR,0.23094688221709,1
Weightlifting,COK,0.23094688221709,1
Weightlifting,COL,1.61662817551963,7
Weightlifting,CRO,0.23094688221709,1
Weightlifting,CUB,2.07852193995381,9
Weightlifting,CZE,0.69284064665127,3
Weightlifting,DOM,0.69284064665127,3
Weightlifting,ECU,0.23094688221709,1
Weightlifting,EGY,0.69284064665127,3
Weightlifting,ESA,0.46189376443418,2
Weightlifting,ESP,0.92378752886836,4
Weightlifting,FIJ,0.46189376443418,2
Weightlifting,FIN,0.69284064665127,3
Weightlifting,FRA,0.92378752886836,4
Weightlifting,FSM,0.23094688221709,1
Weightlifting,GBR,0.46189376443418,2
Weightlifting,GEO,0.92378752886836,4
Weightlifting,GER,2.77136258660508,12
Weightlifting,GRE,2.77136258660508,12
Weightlifting,GUA,0.23094688221709,1
Weightlifting,GUM,0.23094688221709,1
Weightlifting,HUN,2.77136258660508,12
Weightlifting,INA,0.92378752886836,4
Weightlifting,IND,1.84757505773672,8
Weightlifting,IOA,0.23094688221709,1
Weightlifting,IRI,1.38568129330254,6
Weightlifting,IRQ,0.23094688221709,1
Weightlifting,ISR,0.23094688221709,1
Weightlifting,ITA,1.38568129330254,6
Weightlifting,JPN,2.77136258660508,12
Weightlifting,KAZ,2.54041570438799,11
Weightlifting,KEN,0.23094688221709,1
Weightlifting,KGZ,0.46189376443418,2
Weightlifting,KOR,3.23325635103926,14
Weightlifting,KSA,0.23094688221709,1
Weightlifting,KUW,0.23094688221709,1
Weightlifting,LAT,1.38568129330254,6
Weightlifting,LIB,0.23094688221709,1
Weightlifting,LTU,0.23094688221709,1
Weightlifting,MAR,0.23094688221709,1
Weightlifting,MDA,1.38568129330254,6
Weightlifting,MEX,0.23094688221709,1
Weightlifting,MRI,0.46189376443418,2
Weightlifting,MYA,0.69284064665127,3
Weightlifting,NCA,0.23094688221709,1
Weightlifting,NEP,0.23094688221709,1
Weightlifting,NGR,1.38568129330254,6
Weightlifting,NOR,0.23094688221709,1
Weightlifting,NRU,0.92378752886836,4
Weightlifting,NZL,0.46189376443418,2
Weightlifting,PAN,0.23094688221709,1
Weightlifting,PLW,0.23094688221709,1
Weightlifting,PNG,0.46189376443418,2
Weightlifting,POL,3.23325635103926,14
Weightlifting,POR,0.23094688221709,1
Weightlifting,PRK,1.15473441108545,5
Weightlifting,PUR,0.69284064665127,3
Weightlifting,QAT,0.46189376443418,2
Weightlifting,ROU,2.3094688221709,10
Weightlifting,RUS,3.69515011547344,16
Weightlifting,SAM,0.23094688221709,1
Weightlifting,SCG,0.23094688221709,1
Weightlifting,SEY,0.46189376443418,2
Weightlifting,SLE,0.23094688221709,1
Weightlifting,SOL,0.23094688221709,1
Weightlifting,SVK,0.92378752886836,4
Weightlifting,SWE,0.46189376443418,2
Weightlifting,SYR,0.23094688221709,1
Weightlifting,TGA,0.46189376443418,2
Weightlifting,THA,1.38568129330254,6
Weightlifting,TKM,0.23094688221709,1
Weightlifting,TPE,1.61662817551963,7
Weightlifting,TUN,0.23094688221709,1
Weightlifting,TUR,3.00230946882217,13
Weightlifting,UGA,0.23094688221709,1
Weightlifting,UKR,3.46420323325635,15
Weightlifting,URU,0.23094688221709,1
Weightlifting,USA,3.69515011547344,16
Weightlifting,UZB,1.15473441108545,5
Weightlifting,VEN,0.46189376443418,2
Wrestling,ALB,0.16750418760469,1
Wrestling,ALG,0.670016750418761,4
Wrestling,ARG,0.16750418760469,1
Wrestling,ARM,2.34505862646566,14
Wrestling,ASA,0.16750418760469,1
Wrestling,AUS,2.84757118927973,17
Wrestling,AZE,2.17755443886097,13
Wrestling,BEL,0.16750418760469,1
Wrestling,BIH,0.16750418760469,1
Wrestling,BLR,3.85259631490787,23
Wrestling,BUL,3.01507537688442,18
Wrestling,CAM,0.16750418760469,1
Wrestling,CAN,2.84757118927973,17
Wrestling,CHN,1.50753768844221,9
Wrestling,CIV,0.16750418760469,1
Wrestling,CMR,0.16750418760469,1
Wrestling,COL,0.670016750418761,4
Wrestling,CRO,0.16750418760469,1
Wrestling,CUB,3.51758793969849,21
Wrestling,CYP,0.16750418760469,1
Wrestling,CZE,0.837520938023451,5
Wrestling,DOM,0.16750418760469,1
Wrestling,EGY,0.50251256281407,3
Wrestling,EST,0.837520938023451,5
Wrestling,FIN,1.17252931323283,7
Wrestling,FRA,0.670016750418761,4
Wrestling,GBR,0.16750418760469,1
Wrestling,GBS,0.16750418760469,1
Wrestling,GEO,3.01507537688442,18
Wrestling,GER,2.51256281407035,15
Wrestling,GRE,2.51256281407035,15
Wrestling,GUA,0.16750418760469,1
Wrestling,GUM,0.16750418760469,1
Wrestling,HUN,2.68006700167504,16
Wrestling,IND,0.33500837520938,2
Wrestling,IRI,3.01507537688442,18
Wrestling,ISR,0.50251256281407,3
Wrestling,ITA,0.837520938023451,5
Wrestling,JPN,2.84757118927973,17
Wrestling,KAZ,2.68006700167504,16
Wrestling,KGZ,1.34003350083752,8
Wrestling,KOR,3.3500837520938,20
Wrestling,LAT,0.33500837520938,2
Wrestling,LTU,0.670016750418761,4
Wrestling,MAR,0.837520938023451,5
Wrestling,MDA,1.50753768844221,9
Wrestling,MEX,1.17252931323283,7
Wrestling,MGL,1.17252931323283,7
Wrestling,MKD,0.837520938023451,5
Wrestling,NED,0.16750418760469,1
Wrestling,NGR,0.670016750418761,4
Wrestling,NOR,0.33500837520938,2
Wrestling,NZL,0.50251256281407,3
Wrestling,PAK,0.16750418760469,1
Wrestling,PAN,0.16750418760469,1
Wrestling,PER,0.837520938023451,5
Wrestling,POL,2.51256281407035,15
Wrestling,POR,0.16750418760469,1
Wrestling,PRK,0.837520938023451,5
Wrestling,PUR,0.837520938023451,5
Wrestling,ROU,2.01005025125628,12
Wrestling,RSA,0.33500837520938,2
Wrestling,RUS,5.52763819095477,33
Wrestling,SAM,0.16750418760469,1
Wrestling,SCG,0.33500837520938,2
Wrestling,SEN,0.33500837520938,2
Wrestling,SUI,0.837520938023451,5
Wrestling,SVK,1.17252931323283,7
Wrestling,SWE,1.6750418760469,10
Wrestling,SYR,0.33500837520938,2
Wrestling,TJK,0.16750418760469,1
Wrestling,TKM,0.33500837520938,2
Wrestling,TUN,1.00502512562814,6
Wrestling,TUR,3.18257956448911,19
Wrestling,UKR,4.18760469011725,25
Wrestling,USA,5.86264656616415,35
Wrestling,UZB,2.68006700167504,16
Wrestling,VEN,1.34003350083752,8
Wrestling,YEM,0.16750418760469,1
