0,0,0,0,0,0,0,0.00789473684210525,0,0,0,0,0,0,0,0,0,0,0,0,0,0,0,0,0,0,0,0,0,0,0,0,0,0,0,0,0,0,0,0,0,0,0.0239130434782609,0,0,0,0,0,0,0,0,0,0,0,0,0,0,0,0,0,0,0,0,0,0,0.0916666666666669,0,0,0,0,0,0,0,0,0
0,0,0,0,0,0,0,0,0,0,0,0,0,0,0,0,0,0,0,0,0,0,0,0,0,0,0,0,0,0,0,0,0,0,0,0,0,0,0,0,0,0,0,0,0,0,0,0,0,0,0,0,0,0,0,0,0.0233329087567448,0,0,0,0,0,0,0,0,0,0,0,0,0,0,0,0,0,0
0,0,0,0,0,0,0,0,0,0,0,0,0,0,0,0,0,0,0,0,0,0,0,0,0,0,0,0,0,0,0,0,0,0,0,0,0,0,0,0,0,0,0,0,0,0,0,0,0,0,0,0,0,0,0,0,0,0,0,0,0,0,0,0,0,0,0,0,0,0,0,0,0,0,0
0,0,0,0,0,0,0,0.00526315789473684,0,0,0,0,0,0,0,0,0,0,0,0,0,0,0,0,0,0,0,0,0,0,0,0,0,0,0,0,0,0,0,0,0,0,0,0,0,0,0,0,0,0,0,0,0,0,0,0,0,0,0,0,0,0,0.0139240506329114,0,0,0,0,0,0,0,0,0,0,0.122222222222222,0
0,0,0,0,0,0,0,0.0615748943906828,0,0,0,0,0,0,0.319518605309665,0,0,0,0,0,0,0.0255813953488372,0,0,0,0,0,0,0,0,0,0,0,0.0439999999999999,0,0.0351063829787235,0,0.0305555555555556,0,0,0,0,0.135778915230958,0,0,0,0,0,0,0,0,0,0,0.00753424657534247,0,0,0.0392857142857143,0.0157142857142857,0,0,0,0,0.00696202531645572,0,0,0,0,0,0,0,0,0.0166666666666674,0,0.0305555555555556,0.0785714285714287
0,0,0,0,0,0,0,0.00526315789473684,0,0,0,0,0,0,0,0,0,0,0,0,0,0,0,0,0,0,0,0,0,0,0,0,0,0,0,0,0,0,0,0,0,0,0.0239130434782609,0,0,0,0,0,0,0,0,0,0,0,0,0,0,0.0157142857142857,0,0,0,0,0.0139240506329114,0,0,0,0,0,0,0,0,0,0,0,0
0,0,0,0,0,0,0,0.00789473684210525,0,0,0,0.0343750000000001,0,0,0,0,0,0,0.0183333333333333,0,0,0,0,0,0,0,0,0,0,0,0,0,0,0,0,0,0,0,0.125714285714285,0,0,0,0,0,0,0,0,0,0,0,0,0,0,0.00753424657534247,0,0,0.0392857142857143,0,0,0,0,0,0.0139240506329114,0,0,0,0,0,0,0,0,0,0,0,0
0,0,0,0,0,0,0,0.018421052631579,0,0,0,0,0,0,0,0,0,0,0,0,0,0,0,0,0,0,0,0,0,0,0,0,0,0,0,0,0,0,0,0,0,0,0,0,0,0,0,0,0,0,0,0,0,0,0,0,0,0,0,0,0,0,0.0139240506329114,0,0,0,0,0,0,0,0,0,0,0,0
0,0,0,0,0,0,0,0,0,0,0,0,0,0,0,0,0,0,0,0,0,0,0,0,0,0,0,0,0,0,0,0,0,0,0,0,0,0,0,0,0,0,0,0,0,0,0,0,0,0,0,0,0,0,0,0,0,0,0,0,0,0,0,0,0,0,0,0,0,0,0,0,0,0,0
0,0,0,0,0,0,0,0.0394736842105263,0,0,0,0.19376938585608,0,0.0499999999999998,0.153518741305954,0,0,0,0.183333333333333,0,0,0.0905812030721107,0,0,0,0,0,0,0,0,0,0,0.11578947368421,0,0,0.154438969764838,0.0916666666666669,0.0916666666666663,0.329999999999999,0.578850222717149,0,0,0.0793737993183685,0,0,0,0,0.0916666666666669,0,0,0,0,0,0.0753424657534247,0,0.0392857142857145,0.412901914761982,0.0942857142857141,0,0,0,0,0.050729780799808,0,0,0.0916666666666669,0.381597718148744,0,0,0.0611111111111105,0,0.353188405797101,0,0,0
0,0,0,0,0,0,0,0.0210526315789473,0,0,0,0,0,0,0.155753005413551,0,0,0,0,0,0,0,0,0,0,0,0,0,0,0,0,0,0,0,0,0,0,0.0611111111111111,0,0,0,0,0.0239130434782609,0,0,0,0,0,0,0,0,0,0,0,0,0,0,0.0157142857142857,0,0,0,0,0.0139240506329114,0,0,0,0,0,0,0,0,0,0,0.3853094613498,0.284631020369842
0,0,0,0,0,0,0,0,0,0,0,0,0,0,0,0,0,0,0,0,0,0,0,0,0,0,0,0,0,0,0,0,0,0,0,0,0,0,0,0,0,0,0,0,0,0,0,0,0,0,0,0,0,0,0,0,0.0392857142857143,0,0,0,0,0,0.0208860759493671,0,0,0,0,0,0,0,0,0,0,0,0
0,0,0,0,0,0,0,0.00526315789473684,0,0,0,0,0,0,0,0,0,0,0,0,0,0,0,0,0,0,0,0,0,0,0,0,0,0,0,0,0,0,0,0,0,0,0.0239130434782609,0,0,0,0,0,0,0,0,0,0,0,0,0,0,0,0,0,0,0,0.00696202531645572,0,0,0,0,0,0,0,0,0,0,0,0
0,0,0,0.247534115398777,0,0,0,0.278720458522443,0.22,0,0,0.628528225806452,0,0.25,0.387140699946759,0,0,0,0.722090135120238,0,0,0.9,0,0,0,0,0,0,0,0,0.55907196446158,0,0.506186693799174,0,0,0.023404255319149,0.275,0.152777777777778,0,0.734590757238308,0,0,0.293246458790494,0,0,0,0,0.221465360499217,0,0,0,0.0423076923076923,0,0.832191780821918,0,0.510714285714287,0.589563173936138,0.459806473555982,0,0,0,0,0.669466387337676,0.513333333333334,0.5,0.275000000000001,0.448656750431063,0,0,0.55,0,0.0333333333333339,0.586049801924168,0.102608540174239,0.0589285714285714
0,0,0,0,0,0,0,0.0290521753064678,0.0825,0,0,0,0,0.2,0,0,0,0,0.0999700370542396,0,0,0.0895348837209299,0,0,0,0,0,0,0,0,0,0,0.0751938622415308,0.0219999999999999,0,0,0.0916666666666669,0.0611111111111111,0,0,0,0,0.142751621467722,0,0,0,0,0,0,0,0,0.0423076923076923,0,0.0352009198682744,0,0,0.235574541151417,0.154888621750845,0,0,0,0,0.0914028413828138,0.0733333333333337,0.4,0,0.0825,0,0,0.244444444444445,0,0,0,0,0
0,0,0,0,0,0,0,0.0131578947368421,0,0,0,0,0,0,0.527222776644031,0,0,0,0.093738724847011,0,0,0.0383720930232558,0,0,0,0,0,0,0,0,0,0,0,0,0,0,0,0.0611111111111111,0,0,0,0,0.289993466432759,0,0,0,0,0,0,0,0,0.0423076923076923,0,0.0150684931506849,0,0,0,0.0333170656322999,0,0,0,0,0.0208860759493671,0,0,0.366666666666667,0,0,0,0,0,0,0,0.132371923892142,0.54616336834654
0,0,0,0,0,0,0,0.104848023668824,0,0,0,0,0,0,0,0,0,0,0,0,0,0,0,0,0,0,0,0,0,0,0,0,0,0,0,0,0,0,0,0,0,0,0,0,0,0,0,0,0,0,0,0,0,0,0,0,0,0,0,0,0,0,0.0139240506329114,0,0,0,0,0,0,0,0,0,0,0,0
0,0,0,0.055,0,0,0,0.00526315789473684,0,0,0,0,0,0,0,0,0,0,0,0,0,0,0,0,0,0,0,0,0,0,0,0,0,0,0,0,0,0,0,0,0,0,0,0,0,0,0,0,0,0,0,0,0,0,0,0,0,0.0157142857142857,0,0,0,0,0.00696202531645572,0,0,0,0,0,0,0,0,0,0,0,0
0,0,0,0,0,0,0,0.023169252566993,0,0,0,0,0,0,0,0,0,0,0,0,0,0,0,0,0,0,0,0,0,0,0,0,0,0,0,0,0,0,0,0,0,0,0,0,0,0,0,0,0,0,0,0,0,0,0,0,0,0,0,0,0,0,0.0139240506329114,0,0,0,0,0,0,0,0,0,0,0,0
0,0,0,0,0,0,0,0.0164354585394079,0,0,0,0,0,0,0,0,0,0,0,0,0,0,0,0,0,0,0,0,0,0,0,0,0,0,0,0,0,0,0,0,0,0,0.0239130434782609,0,0,0,0,0,0,0,0,0,0,0,0,0,0,0,0,0,0,0,0.0139240506329114,0,0,0,0,0,0,0,0,0,0,0,0
0,0,0,0,0,0,0,0.0876282814725416,0.0275,0,0,0,0,0,0,0,0,0,0.0733333333333332,0,0,0.384958662920374,0,0,0,0,0,0,0,0,0,0,0.347368421052632,0,0,0,0.183333333333334,0.183333333333334,0,0.348404788418708,0,0,0.2154113137849,0,0,0,0,0,0,0,0,0,0,0.027666673292932,0,0,0.106813750256629,0.0377073332433557,0,0,0,0,0.0871042959371326,0,0,0.183333333333333,0.166171832925704,0,0,0.244444444444445,0,0,0,0,0
0,0,0,0,0,0,0,0.00789473684210525,0,0,0,0,0,0,0,0,0,0,0,0,0,0,0,0,0,0,0,0,0,0,0,0,0,0,0,0,0,0,0,0,0,0,0.0239130434782609,0,0,0,0,0,0,0,0,0,0,0,0,0,0,0,0,0,0,0,0.0139240506329114,0,0,0,0,0,0,0,0,0,0,0,0
0,0,0,0,0,0,0,0.00526315789473684,0,0,0,0,0,0,0,0,0,0,0,0,0,0,0,0,0,0,0,0,0,0,0,0,0,0,0,0,0,0,0,0,0,0,0,0,0,0,0,0,0,0,0,0,0,0,0,0,0.0589285714285714,0,0,0,0,0,0.0139240506329114,0,0,0,0,0,0,0.0611111111111105,0,0,0,0,0
0,0,0,0.055,0,0,0,0,0,0,0,0,0,0,0,0,0,0,0,0,0,0,0,0,0,0,0,0,0,0,0,0,0,0,0,0,0,0,0,0,0,0,0,0,0,0,0,0,0,0,0,0,0,0,0,0,0,0.0157142857142857,0,0,0,0,0,0,0,0,0,0,0,0,0,0,0,0,0
0,0,0,0,0,0,0,0.0105263157894737,0,0,0,0,0,0,0,0,0,0,0,0,0,0,0,0,0,0,0,0,0,0,0,0,0,0,0,0,0,0,0,0,0,0,0.0239130434782609,0,0,0,0,0,0,0,0,0,0,0,0,0,0,0.0157142857142857,0,0,0,0,0.0208860759493671,0,0,0,0.0275000000000001,0,0,0,0,0,0,0,0
0,0,0,0,0,0,0,0.00789473684210525,0,0,0,0,0,0,0,0,0,0,0,0,0,0,0,0,0,0,0,0,0,0,0,0,0,0,0,0,0,0,0,0,0,0,0.0239130434782609,0,0,0,0,0,0,0,0,0,0,0,0,0,0,0,0,0,0,0,0,0,0,0,0,0,0,0,0,0,0,0,0
0,0,0,0.055,0,0,0,0.211088098329066,0,0,0,0,0,0,0.149192054572555,0,0,0,0.263196647389031,0,0,0.110619137035926,0,0,0,0,0,0,0,0,0.0647058823529409,0,0.0289473684210527,0.066,0,0.0117021276595745,0,0.119574257455451,0,0,0,0,0.0791932206420436,0,0,0,0,0.317048289415353,0,0,0,0.691568833650047,0,0.151494315263407,0,0,0.0392857142857143,0.183468725895078,0,0,0,0,0.071506487394846,0,0.1,0,0.0798531172575452,0,0.330000000000001,0,0,0,0,0.595786755287488,0.425787702300786
0,0,0,0,0,0,0,0,0,0,0,0,0,0,0,0,0,0,0,0,0,0,0,0,0,0,0,0,0,0,0,0,0,0,0,0,0,0,0,0,0,0,0,0,0,0,0,0,0,0,0,0,0,0,0,0,0,0,0,0,0,0,0,0,0,0,0,0,0,0,0,0,0,0,0
0,0,0,0,0,0,0,0.018421052631579,0,0,0,0,0,0,0,0,0,0,0,0,0,0,0,0,0,0,0,0,0,0,0,0,0,0,0,0,0,0,0,0,0,0,0,0,0,0,0,0,0,0,0,0,0,0,0,0,0,0.0314285714285715,0,0,0,0,0.0139240506329114,0,0,0,0,0,0,0,0,0,0,0,0
0,0,0,0,0,0,0,0.0268459223075568,0,0,0,0,0,0,0,0,0,0,0,0,0,0,0,0,0,0,0,0,0,0,0,0,0,0,0,0,0,0,0,0,0,0,0,0,0,0,0,0,0,0,0,0,0,0,0,0,0,0,0,0,0,0,0.00696202531645572,0,0,0,0,0,0,0,0,0,0,0,0
0,0,0,0.274999999999999,0,0,0,0.213535887698047,0.0275,0,0,0.438736817617867,0,0.55,0.445938222417646,0,0,0,0.270981959755218,0,0,0.179069767441861,0,0,0,0,0,0,0,0,0.258823529411764,0,0.495387375503839,0.329999999999999,0,0.9,0.183333333333334,0.42280101625408,0.267142857142857,0.0137500000000001,0,0,0.510277697542573,0,0,0,0,0.125488116848581,0,0,0,0.211538461538462,0,0.0527397260273973,0,0.510714285714287,0.463044224142171,0.169969085114791,0,0,0,0,0.307830648308357,0.293333333333333,0.4,0.458333333333334,0.165000000000001,0,0,0.122222222222222,0,0.783333333333333,0.248387096774194,0.122222222222222,0.0785714285714287
0,0,0,0,0,0,0,0.0974778377293163,0,0,0,0,0,0,0,0,0,0,0,0,0,0,0,0,0,0,0,0,0,0,0,0,0,0,0,0,0,0,0,0,0,0,0,0,0,0,0,0,0,0,0,0,0,0,0,0,0,0.0157142857142857,0,0,0,0,0.0208860759493671,0,0,0,0,0,0,0,0,0,0,0,0
0,0,0,0,0,0,0,0.00789473684210525,0,0,0,0,0,0,0,0,0,0,0,0,0,0,0,0,0,0,0,0,0,0,0,0,0,0,0,0,0,0,0,0,0,0,0,0,0,0,0,0,0,0,0,0,0,0,0,0,0,0,0,0,0,0,0,0,0,0,0,0,0,0,0,0,0,0,0
0,0,0,0,0,0,0,0.052694688705315,0.0825,0,0,0,0,0,0.259534434388622,0,0,0,0.117980303297431,0,0,0.0255813953488372,0,0,0,0,0,0,0,0,0,0,0,0.0219999999999999,0,0,0,0.0822736894090011,0,0,0,0,0.0543453446295491,0,0,0,0,0,0,0,0,0.432504774028255,0,0.107324797422546,0,0,0.0196428571428571,0.170226213621117,0,0,0,0,0.0341247742405759,0,0,0,0.0477685616469301,0,0,0,0,0.0333333333333339,0,0.197731703034419,0.527040617712909
0,0,0,0,0,0,0,0.00526315789473684,0,0,0,0,0,0,0,0,0,0,0,0,0,0,0,0,0,0,0,0,0,0,0,0,0,0,0,0,0,0,0,0,0,0,0.0239130434782609,0,0,0,0,0,0,0,0,0,0,0,0,0,0,0,0,0,0,0,0.0139240506329114,0,0,0,0,0,0,0,0,0,0,0,0
0,0,0,0,0,0,0,0.00526315789473684,0,0,0,0,0,0,0,0,0,0,0,0,0,0,0,0,0,0,0,0,0,0,0,0,0,0,0,0,0,0,0,0,0,0,0,0,0,0,0,0,0,0,0,0,0,0,0,0,0,0,0,0,0,0,0.00696202531645572,0,0,0.0916666666666669,0,0,0,0,0,0,0,0,0
0,0,0,0,0,0,0,0.00789473684210525,0,0,0,0,0,0,0,0,0,0,0,0,0,0,0,0,0,0,0,0,0,0,0,0,0,0,0,0,0,0,0,0,0,0,0,0,0,0,0,0,0,0,0,0,0,0,0,0,0,0,0,0,0,0,0.0139240506329114,0,0,0.0916666666666669,0,0,0,0,0,0,0,0,0
0,0,0,0.110000000000001,0,0,0,0.247903946749047,0.11,0,0,0.120312500000001,0,0.45,0.200650904877368,0,0,0,0.304133937222508,0,0,0.443475374173333,0,0,0,0,0,0,0,0,0.468518053280016,0,0.542598158027546,0.198,0,0.241216125419934,0.275,0.276226558703687,0,0.0137500000000001,0,0,0.284779154089331,0,0,0,0,0.0916666666666669,0,0,0,0.211538461538462,0,0.598646831674163,0,0,0.380536346880477,0.0471428571428572,0,0,0,0,0.41586015302133,0.532267008672285,0.15,0.275000000000001,0.17543830924817,0,0.220000000000001,0.55,0,0.0333333333333339,0,0.101816368336587,0.368717228006757
0,0,0,0,0,0,0,0.00263157894736843,0,0,0,0,0,0,0,0,0,0,0,0,0,0,0,0,0,0,0,0,0,0,0,0,0,0,0,0,0,0,0,0,0,0,0,0,0,0,0,0,0,0,0,0,0,0,0,0,0,0,0,0,0,0,0.0208860759493671,0,0,0,0,0,0,0,0,0,0,0,0
0,0,0,0,0,0,0,0.00789473684210525,0,0,0,0,0,0,0.0289473684210527,0,0,0,0,0,0,0,0,0,0,0,0,0,0,0,0,0,0,0,0,0,0,0,0,0,0,0,0,0,0,0,0,0,0,0,0,0,0,0,0,0,0,0,0,0,0,0,0.0208860759493671,0,0.15,0,0,0,0,0,0,0,0,0,0
0,0,0,0,0,0,0,0.00526315789473684,0,0,0,0,0,0,0,0,0,0,0,0,0,0,0,0,0,0,0,0,0,0,0,0,0,0,0,0,0,0,0,0,0,0,0,0,0,0,0,0,0,0,0,0,0,0,0,0,0,0,0,0,0,0,0,0,0,0,0,0,0,0,0,0,0,0,0
0,0,0,0.055,0,0,0,0.0289473684210527,0,0,0,0,0,0,0,0,0,0,0,0,0,0.0383720930232558,0,0,0,0,0,0,0,0,0,0,0.11578947368421,0.0219999999999999,0,0.0383157894736844,0,0.0305555555555556,0,0,0,0,0.0239130434782609,0,0,0,0,0,0,0,0,0,0,0.0301369863013699,0,0,0.176785714285714,0.014716799146987,0,0,0,0,0.00696202531645572,0,0,0.0916666666666669,0.0988055838797561,0,0,0.0611111111111105,0,0,0,0.0611111111111111,0
0,0,0,0.65710763051662,0,0,0,0.258994796209137,0.55,0,0,0.581265508684864,0,0.2,0.643966216539343,0,0,0,0.406004174769811,0,0,0.366366551934324,0,0,0,0,0,0,0,0,0.9,0,0,0.665277354882028,0,0.0574736842105261,0.275,0.837364946086145,0,0.169654788418708,0,0,0.466515913514213,0,0,0,0,0.509065508606205,0,0,0,0.280807621269656,0,0.360566581916259,0,0,0.30928016694798,0.9,0,0,0,0,0.638321299831874,0.650883718089655,0.699999999999999,0.458333333333334,0.19577830253975,0,0.55,0.122222222222222,0,0.372028985507246,0.17741935483871,0.9,0.460918666105113
0,0,0,0,0,0,0,0.0105263157894737,0,0,0,0,0,0,0,0,0,0,0,0,0,0,0,0,0,0,0,0,0,0,0,0,0,0,0,0,0,0,0,0,0,0,0.0239130434782609,0,0,0,0,0,0,0,0,0,0,0,0,0,0,0,0,0,0,0,0.0208860759493671,0,0,0.183333333333333,0,0,0,0,0,0,0,0,0
0,0,0,0,0,0,0,0.00812871022615476,0,0,0,0,0,0,0.231578947368421,0,0,0,0,0,0,0,0,0,0,0,0,0,0,0,0,0,0,0,0,0.0712989921612543,0,0,0,0,0,0,0.0239130434782609,0,0,0,0,0,0,0,0,0,0,0,0,0,0,0,0,0,0,0,0.00696202531645572,0,0,0,0,0,0,0,0,0,0,0.0916666666666669,0.0392857142857143
0,0,0,0,0,0,0,0.00789473684210525,0,0,0,0,0,0,0,0,0,0,0,0,0,0,0,0,0,0,0,0,0,0,0,0,0,0,0,0,0,0,0,0,0,0,0.0239130434782609,0,0,0,0,0,0,0,0,0,0,0,0,0,0,0,0,0,0,0,0,0,0,0,0,0,0,0,0,0,0,0,0
0,0,0,0,0,0,0,0.00526315789473684,0,0,0,0,0,0,0,0,0,0,0.0366666666666666,0,0,0,0,0,0,0,0,0,0,0,0,0,0,0,0,0,0,0,0,0,0,0,0,0,0,0,0,0,0,0,0,0,0,0,0,0,0.0392857142857143,0,0,0,0,0,0.0208860759493671,0,0,0,0,0,0,0,0,0,0,0,0
0,0,0,0.220000000000001,0,0,0,0.137227252091292,0,0,0,0,0,0,0.237388594200138,0,0,0,0,0,0,0.356119972412728,0,0,0,0,0,0,0,0,0.0970588235294117,0,0.0578947368421054,0.0219999999999999,0,0.304255319148936,0,0.0916666666666663,0,0,0,0,0.040085495032172,0,0,0,0,0,0,0,0,0,0,0,0,0,0.0196428571428571,0,0,0,0,0,0.0348101265822785,0,0.0500000000000001,0.0916666666666669,0.11,0,0,0,0,0,0,0.450838657638509,0.116497104769532
0,0,0,0,0,0,0,0.00526315789473684,0,0,0,0,0,0,0,0,0,0,0,0,0,0,0,0,0,0,0,0,0,0,0,0,0,0,0,0,0,0,0,0,0,0,0,0,0,0,0,0,0,0,0,0,0,0,0,0,0,0,0,0,0,0,0.0139240506329114,0,0,0,0,0,0,0,0,0,0,0,0
0,0,0,0,0,0,0,0.00526315789473684,0,0,0,0,0,0,0,0,0,0,0,0,0,0,0,0,0,0,0,0,0,0,0,0,0,0,0,0,0,0,0,0,0,0,0,0,0,0,0,0,0,0,0,0,0,0,0,0,0,0,0,0,0,0,0,0,0,0,0,0,0,0,0,0,0,0,0
0,0,0,0,0,0,0,0.0105263157894737,0,0,0,0,0,0,0,0,0,0,0,0,0,0.0383720930232558,0,0,0,0,0,0,0,0,0,0,0,0,0,0,0,0,0,0,0,0,0.0239130434782609,0,0,0,0,0,0,0,0,0,0,0,0,0,0,0,0,0,0,0,0.0144947990892106,0,0,0,0,0,0,0,0,0,0,0,0
0,0,0,0,0,0,0,0.0451041195777116,0,0,0,0.237515508684864,0,0,0.0399635317293405,0,0,0,0,0,0,0.0255813953488372,0,0,0,0,0,0,0,0,0,0,0,0,0,0,0,0.0722177880858956,0.507836051743532,0,0,0,0.0478260869565218,0,0,0,0,0,0,0,0,0,0,0.103527679095272,0,0,0.237332193363158,0.136752510719364,0,0,0,0,0.0308415066427499,0,0.15,0.183333333333333,0.162290350682542,0,0,0,0,0,0.325466893039049,0.0118874536224976,0.0392857142857143
0,0,0,0,0,0,0,0,0,0,0,0,0,0,0,0,0,0,0,0,0,0,0,0,0,0,0,0,0,0,0,0,0,0,0,0,0,0,0,0,0,0,0,0,0,0,0,0,0,0,0,0,0,0,0,0,0,0,0,0,0,0,0,0,0,0,0,0,0,0,0,0,0,0,0
0,0,0,0.055,0,0,0,0.239994197810138,0,0,0,0,0,0,0.639473684210526,0,0,0,0.204458825588494,0,0,0.0624630396904273,0,0,0,0,0,0,0,0,0.0647058823529409,0,0,0.060727973765781,0,0,0,0.0611111111111111,0,0,0,0,0.547362464071513,0,0,0,0,0.0916666666666669,0,0,0,0,0,0.082876712328767,0,0,0,0.127832640629704,0,0,0,0,0.0261070217601682,0,0.0500000000000001,0.275000000000001,0,0,0,0,0,0.168840579710145,0,0.151930522786928,0.489592200341528
0,0,0,0,0,0,0,0.018421052631579,0,0,0,0,0,0,0,0,0,0,0,0,0,0.0127906976744186,0,0,0,0,0,0,0,0,0,0,0,0,0,0,0,0,0,0,0,0,0,0,0,0,0,0,0,0,0,0,0,0,0,0,0.0380003662382372,0.0628571428571427,0,0,0,0,0.0139240506329114,0,0,0,0,0,0,0,0,0,0,0,0
0,0,0,0,0,0,0,0.127329200072767,0.0275,0,0,0.0343750000000001,0,0.25,0.0152324473106454,0,0,0,0.41899677784005,0,0,0.165641181804242,0,0,0,0,0,0,0,0,0,0,0,0.0219999999999999,0,0,0,0.0611111111111111,0,0,0,0,0.0728883201825071,0,0,0,0,0.445986020069488,0,0,0,0,0,0.171138547858138,0,0,0.0775600731970168,0.260548450878322,0,0,0,0,0.0626582278481011,0,0.200000000000001,0,0.360620730226558,0,0,0.183333333333334,0,0,0,0,0.0196428571428571
0,0,0,0.110000000000001,0,0,0,0.038198455864038,0.275,0,0,0,0,0,0.00927849469120668,0,0,0,0.164911198288288,0,0,0.294465206085448,0,0,0,0,0,0,0,0,0,0,0.186033438687558,0,0,0.023404255319149,0.275,0,0.584696991001125,0,0,0,0,0,0,0,0,0,0,0,0,0,0,0.217035460200697,0,0,0.4971127236029,0.0869084839732039,0,0,0,0,0.112376735304243,0,0.156519491579715,0,0,0,0,0.122222222222222,0,0,0,0,0.0331563546210762
0,0,0,0,0,0,0,0.01564752680065,0,0,0,0,0,0,0,0,0,0,0,0,0,0,0,0,0,0,0,0,0,0,0,0,0,0,0,0,0,0,0,0,0,0,0,0,0,0,0,0,0,0,0,0,0,0,0,0,0,0,0,0,0,0,0.00696202531645572,0,0,0,0,0,0,0,0,0,0,0,0
0,0,0,0,0,0,0,0.00789473684210525,0,0,0,0,0,0,0,0,0,0,0,0,0,0,0,0,0,0,0,0,0,0,0,0,0,0,0,0,0,0,0,0,0,0,0,0,0,0,0,0,0,0,0,0,0,0,0,0,0,0,0,0,0,0,0,0,0,0,0,0,0,0,0,0,0,0,0
0,0,0,0,0,0,0,0.0428682694149573,0,0,0,0,0,0,0.118293147163367,0,0,0,0,0,0,0,0,0,0,0,0,0,0,0,0,0,0,0,0,0,0,0,0,0,0,0,0.0239130434782609,0,0,0,0,0,0,0,0,0,0,0,0,0,0,0.0157142857142857,0,0,0,0,0.0139240506329114,0,0,0.275000000000001,0,0,0,0,0,0.0333333333333339,0,0.0611111111111111,0
0,0,0,0,0,0,0,0.0612120716842523,0,0,0,0,0,0,0.202631578947369,0,0,0,0,0,0,0.0255813953488372,0,0,0,0,0,0,0,0,0,0,0.0289473684210527,0,0,0,0,0,0,0,0,0,0.0478260869565218,0,0,0,0,0,0,0,0,0,0,0,0,0,0,0.0157142857142857,0,0,0,0,0.0139240506329114,0,0,0,0,0,0,0,0,0,0,0.152777777777778,0.0392857142857143
0,0,0,0.110000000000001,0,0,0,0.0210526315789473,0,0,0,0,0,0,0.270548625071489,0,0,0,0.0366666666666666,0,0,0,0,0,0,0,0,0,0,0,0.0970588235294117,0,0,0.365701760188127,0,0.0117021276595745,0,0.0611111111111111,0,0,0,0,0.173876783483688,0,0,0,0,0.366666666666666,0,0,0,0,0,0.0452054794520548,0,0,0.0196428571428571,0.267142857142857,0,0,0,0,0.0556962025316455,0.55,0.349999999999999,0.366666666666667,0,0,0,0,0,0.0333333333333339,0,0.416559153851984,0.388272707230137
0,0,0,0,0,0,0,0,0,0,0,0,0,0,0,0,0,0,0,0,0,0,0,0,0,0,0,0,0,0,0,0,0,0,0,0,0,0,0,0,0,0,0,0,0,0,0,0,0,0,0,0,0,0,0,0,0,0,0,0,0,0,0,0,0,0,0,0,0,0,0,0,0,0,0
0,0,0,0,0,0,0,0.0469587522134165,0,0,0,0,0,0,0,0,0,0,0,0,0,0,0,0,0,0,0,0,0,0,0,0,0,0,0,0,0,0,0,0,0,0,0,0,0,0,0,0,0,0,0,0,0,0,0,0,0,0,0,0,0,0,0,0,0,0,0,0,0,0,0,0,0,0,0
0,0,0,0,0,0,0,0.00789473684210525,0,0,0,0,0,0,0,0,0,0,0,0,0,0,0,0,0,0,0,0,0,0,0,0,0,0,0,0,0,0,0,0,0,0,0.0239130434782609,0,0,0,0,0,0,0,0,0,0,0.00753424657534247,0,0,0,0.0157142857142857,0,0,0,0,0.0208860759493671,0,0,0,0,0,0,0,0,0,0,0,0
0,0,0,0.281492371875544,0,0,0,0.222222179928324,0.0275,0,0,0.404908498759305,0,0.0999999999999995,0.124774193811305,0,0,0,0.324767111332967,0,0,0.390631296361791,0,0,0,0,0,0,0,0,0.0323529411764706,0,0.321776063428589,0.00924658663002445,0,0.224562150055991,0.275,0.264889022000549,0.49259842519685,0.460395322939866,0,0,0.241045943041531,0,0,0,0,0,0,0,0,0.374349465484279,0,0.0226027397260273,0,0.510714285714287,0.521092264283983,0.147854813244539,0,0,0,0,0.22931153743479,0.37305545376817,0.200000000000001,0.366666666666667,0.667276783265702,0,0,0.55,0,0,0.683701188455009,0.101335132481548,0.0288378819756277
0,0,0,0.055,0,0,0,0.0650868412065898,0.0275,0,0,0,0,0,0,0,0,0,0,0,0,0.0407982460188063,0,0,0,0,0,0,0,0,0,0,0,0.088,0,0,0,0,0,0,0,0,0.0430121752540145,0,0,0,0,0,0,0,0,0,0,0.0892103492921654,0,0,0.130278144036107,0.0157142857142857,0,0,0,0,0.0208860759493671,0,0,0,0,0,0,0,0,0,0,0,0.0530782515348703
0,0,0,0,0,0,0,0.20350272388712,0,0,0,0,0,0,0,0,0,0,0,0,0,0,0,0,0,0,0,0,0,0,0,0,0,0,0,0,0,0,0,0,0,0,0,0,0,0,0,0,0,0,0,0,0,0,0,0,0,0,0,0,0,0,0.0208860759493671,0,0,0,0,0,0,0,0,0,0,0,0
0,0,0,0.0207755900017422,0,0,0,0.0472748069326656,0,0,0,0.0260545905707197,0,0,0.0231962367280167,0,0,0,0.0131170301388667,0,0,0,0,0,0,0,0,0,0,0,0.0372264149442192,0,0,0.056786993687495,0,0,0,0.107546608870191,0.102312992125984,0,0,0,0.0136278510776317,0,0,0,0,0.082754612147236,0,0,0,0.0820566399845699,0,0.0134216178117264,0,0,0,0.0460186081775689,0,0,0,0,0.0137920440748575,0,0,0,0.033137489676727,0,0,0,0,0.0547826086956519,0.052631578947368,0.0813117975031492,0.11132547922533
0,0,0,0,0,0,0,0.00526315789473684,0,0,0,0,0,0,0,0,0,0,0,0,0,0,0,0,0,0,0,0,0,0,0,0,0,0,0,0.0117021276595745,0,0,0,0,0,0,0,0,0,0,0,0,0,0,0,0,0,0,0,0.55,0,0,0,0,0,0,0.0139240506329114,0,0,0,0,0,0,0,0,0,0,0.0611111111111111,0
0,0,0,0.0705816925013067,0,0,0,0.0760294204689293,0.055,0,0,0,0,0,0.0202946579994945,0,0,0,0.0195707890068113,0,0,0.0255813953488372,0,0,0,0,0,0,0,0,0,0,0.0578947368421054,0,0,0,0.275,0.0305555555555556,0,0,0,0,0.0717391304347828,0,0,0,0,0,0,0,0,0,0,0.0194449780004036,0,0,0.308367100836591,0.096692105508316,0,0,0,0,0.0611336399174285,0,0,0,0,0,0,0,0,0,0,0.0611111111111111,0.111239302331303
0,0,0,0.362004949409394,0,0,0,0.236106020077438,0.055,0,0,0.550546681141439,0,0,0.519495028609121,0,0,0,0.565313390022571,0,0,0.675876928385297,0,0,0,0,0,0,0,0,0.194117647058823,0,0.651238116569205,0.842460887910918,0,0.12872340425532,0.275,0.596972913109286,0.788173509561305,0,0,0,0.711757140396043,0,0,0,0,0.412425099265726,0,0,0,0.0423076923076923,0,0.345630919954872,0,0.510714285714287,0.585012869629806,0.368524003421864,0,0,0,0,0.376802651760525,0.0944949309881523,0.266751000756198,0.458333333333334,0.389352448401701,0,0.220000000000001,0.55,0,0,0,0.198557885838214,0.167290914250325
0,0,0,0,0,0,0,0.0112033442871353,0,0,0,0,0,0,0.00721660698204964,0,0,0,0,0,0,0.055898565017484,0,0,0,0,0,0,0,0,0,0,0.0391708851149563,0.0621958905975484,0,0.0574736842105261,0,0,0,0.0385857461024497,0,0,0.0309061104499075,0,0,0,0,0,0,0,0,0,0,0.0388975457658347,0,0,0,0.0264147676997203,0,0,0,0,0.00627667297475313,0,0,0,0.0329364126762613,0,0,0,0,0,0,0.0433745538214552,0.0102312256618465
0,0,0,0,0,0,0,0.00789473684210525,0,0,0,0,0,0,0,0,0,0,0,0,0,0,0,0,0,0,0,0,0,0,0,0,0,0,0,0,0,0,0,0,0,0,0,0,0,0,0,0,0,0,0,0,0,0,0,0,0,0,0,0,0,0,0.0139240506329114,0,0,0,0,0,0,0,0,0,0,0,0
0,0,0,0,0,0,0,0.00263157894736843,0,0,0,0,0,0,0.0289473684210527,0,0,0,0,0,0,0,0,0,0,0,0,0,0,0,0,0,0,0,0,0,0,0,0,0,0,0,0.0478260869565218,0,0,0,0,0,0,0,0,0,0,0,0,0,0,0,0,0,0,0,0,0,0,0,0,0,0,0,0,0,0,0,0
0,0,0,0,0,0,0,0.00789473684210525,0,0,0,0,0,0,0,0,0,0,0,0,0,0,0,0,0,0,0,0,0,0,0,0,0,0,0,0,0,0,0,0,0,0,0,0,0,0,0,0,0,0,0,0,0,0,0,0,0,0,0,0,0,0,0,0,0,0,0,0,0,0,0,0,0,0,0
0,0,0,0.371684665466946,0,0,0,0.396366072084668,0.2475,0,0,0.240625,0,0.0999999999999995,0.673402798212239,0,0,0,0.467313427618946,0,0,0.701699914447448,0,0,0,0,0,0,0,0,0.519866439269804,0,0.767985182868883,0.264,0,0.210638297872341,0.275,0.554591333388019,0.219999999999999,0.601110801781736,0,0,0.477899851185886,0,0,0,0,0.818815962042179,0,0,0,0.253846153846154,0,0.806467653983812,0,0.471428571428572,0.75724151128843,0.252377627331973,0,0,0,0,0.463014004398614,0.256666666666667,0.299999999999999,0.458333333333334,0.340380802461769,0,0.220000000000001,0.427777777777778,0,0.233333333333333,0.248387096774194,0.183333333333333,0
0,0,0,0,0,0,0,0.00526315789473684,0,0,0,0,0,0,0,0,0,0,0,0,0,0,0,0,0,0,0,0,0,0,0,0,0,0,0,0,0,0,0,0,0,0,0,0,0,0,0,0,0,0,0,0,0,0,0,0,0,0,0,0,0,0,0,0,0,0,0,0,0,0,0,0,0,0,0.0392857142857143
0,0,0,0,0,0,0,0.0668644039994108,0,0,0,0,0,0,0.0138318300489285,0,0,0,0.101456806923155,0,0,0.0540352795169012,0,0,0,0,0,0,0,0,0,0,0,0.0144922463528268,0,0,0,0.0766186488876214,0,0,0,0,0.0412081472665432,0,0,0,0,0,0,0,0,0,0,0.0570497337898908,0,0,0.00486102265765515,0.0166035682683957,0,0,0,0,0.0532340326671251,0,0,0,0,0,0,0,0,0,0,0.0340800065740003,0.00682081710789766
0,0,0,0.110000000000001,0,0,0,0.0210526315789473,0,0,0,0,0,0,0.0101549648737637,0,0,0,0,0,0,0,0,0,0,0,0,0,0,0,0,0,0,0,0,0,0,0,0,0,0,0,0.281243063189549,0,0,0,0,0,0,0,0,0,0,0,0,0,0,0.0239738356005104,0,0,0,0,0.0139240506329114,0,0,0,0.055,0,0,0,0,0,0,0.175906662344644,0.572658147021021
0,0,0,0,0,0,0,0.00263157894736843,0,0,0,0,0,0,0,0,0,0,0,0,0,0,0,0,0,0,0,0,0,0,0,0,0,0,0,0,0,0,0,0,0,0,0,0,0,0,0,0,0,0,0,0,0,0,0,0,0,0,0,0,0,0,0,0,0,0,0,0,0,0,0,0,0,0,0
0,0,0,0.207714740430143,0,0,0,0.403550076820457,0.22,0,0,0,0,0.55,0.341599285395166,0,0,0,0.9,0,0,0.732038458351464,0,0,0,0,0,0,0,0,0.363181920452245,0,0.842105263157895,0.451251062050173,0,0.430884658454648,0.275,0.512518941429871,0.115615860517436,0.769821826280623,0,0,0.607968685533447,0,0,0,0,0.501549630788002,0,0,0,0.465384615384615,0,0.8179400939515,0,0,0.488328719490237,0.50265571229643,0,0,0,0,0.399223136352468,0,0.457470360329361,0.275000000000001,0.459077766672617,0,0.220000000000001,0.366666666666667,0,0.0333333333333339,0,0.315031800650767,0.252889138785714
0,0,0,0,0,0,0,0.0236842105263158,0,0,0,0,0,0,0.0868421052631578,0,0,0,0,0,0,0,0,0,0,0,0,0,0,0,0,0,0,0,0,0.0574736842105261,0,0,0,0,0,0,0.0239130434782609,0,0,0,0,0,0,0,0,0,0,0,0,0,0,0,0,0,0,0,0.00696202531645572,0,0,0,0,0,0,0,0,0,0,0.0305555555555556,0
0,0,0,0,0,0,0,0.124439449992275,0,0,0,0,0,0,0,0,0,0,0,0,0,0.0511627906976744,0,0,0,0,0,0,0,0,0.00193887577834476,0,0,0.0219999999999999,0,0,0,0.105668264604792,0,0,0,0,0.0555094977854469,0,0,0,0,0,0,0,0,0.399363346233714,0,0.158514909767677,0,0,0.303866277669705,0.0571188122321386,0,0,0,0,0.135675318595735,0.0366666666666666,0.0500000000000001,0,0,0,0,0,0,0,0.20704584040747,0.1422466554269,0.0455051537681203
0,0,0,0,0,0,0,0.021686129708532,0,0,0,0,0,0,0,0,0,0,0,0,0,0,0,0,0,0,0,0,0,0,0,0,0,0,0,0,0,0,0,0,0,0,0,0,0,0,0,0,0,0,0,0,0,0,0,0,0,0,0,0,0,0,0.0139240506329114,0,0,0,0,0,0,0,0,0,0,0,0
0,0,0,0,0,0,0,0.0268459223075568,0,0,0,0,0,0,0,0,0,0,0,0,0,0,0,0,0,0,0,0,0,0,0,0,0,0,0,0,0,0,0,0,0,0,0.0239130434782609,0,0,0,0,0.183333333333333,0,0,0,0,0,0,0,0,0.0196428571428571,0.0471428571428572,0,0,0,0,0.0139240506329114,0,0,0,0,0,0,0,0,0,0,0.0611111111111111,0
0,0,0,0,0,0,0,0.00789473684210525,0,0,0,0,0,0,0,0,0,0,0,0,0,0,0,0,0,0,0,0,0,0,0,0,0,0,0,0,0,0,0,0,0,0,0.0239130434782609,0,0,0,0,0,0,0,0,0,0,0,0,0,0,0,0,0,0,0,0.0139240506329114,0,0,0,0,0,0,0,0,0,0,0,0
0,0,0,0,0,0,0,0.00789473684210525,0,0,0,0,0,0,0,0,0,0,0,0,0,0.0127906976744186,0,0,0,0,0,0,0,0,0,0,0,0,0,0,0,0,0,0,0,0,0,0,0,0,0,0,0,0,0,0,0,0,0,0,0,0,0,0,0,0,0.0139240506329114,0,0,0,0,0,0,0,0,0,0,0,0
0,0,0,0,0,0,0,0.0131578947368421,0,0,0,0,0,0,0,0,0,0,0,0,0,0,0,0,0,0,0,0,0,0,0,0,0,0,0,0,0,0,0,0,0,0,0,0,0,0,0,0,0,0,0,0,0,0,0,0,0,0,0,0,0,0,0.0208860759493671,0,0,0,0,0,0,0,0,0,0,0,0
0,0,0,0,0,0,0,0.0131578947368421,0,0,0,0,0,0,0,0,0,0,0,0,0,0,0,0,0,0,0,0,0,0,0,0,0,0,0,0,0,0,0,0,0,0,0.0239130434782609,0,0,0,0,0,0,0,0,0,0,0,0,0,0,0,0,0,0,0,0.00696202531645572,0,0,0,0,0,0,0,0,0,0,0,0
0,0,0,0,0,0,0,0.0157894736842105,0.1925,0,0,0,0,0,0,0,0,0,0,0,0,0.0969682035370847,0,0,0,0,0,0,0,0,0,0,0,0.154,0,0,0,0.0305555555555556,0,0,0,0,0,0,0,0,0,0,0,0,0,0,0,0.0452054794520548,0,0,0.0615959018099514,0,0,0,0,0,0.0556962025316455,0,0.409779237369572,0,0,0,0,0,0,0,0,0,0
0,0,0,0,0,0,0,0.00526315789473684,0,0,0,0,0,0,0.0289473684210527,0,0,0,0,0,0,0,0,0,0,0,0,0,0,0,0,0,0,0,0,0.187234042553192,0,0,0,0,0,0,0.0239130434782609,0,0,0,0,0,0,0,0,0,0,0,0,0,0,0,0,0,0,0,0.0139240506329114,0,0,0,0,0,0,0,0,0,0,0,0
0,0,0,0,0,0,0,0.0819873493315637,0,0,0,0,0,0,0.133878723526069,0,0,0,0.685433538501742,0,0,0.0255813953488372,0,0,0,0,0,0,0,0,0.0647058823529409,0,0,0.36273182528765,0,0,0,0.119614639218902,0.138908886389201,0,0,0,0.2556739987609,0,0,0,0,0.808333333333334,0,0,0,0,0,0.0376712328767123,0,0,0.0982142857142854,0.154458437579237,0,0,0,0,0.314963603499501,0,0.200000000000001,0,0.055,0,0,0.183333333333334,0,0,0.548613469156765,0.078638370018538,0.271583711679856
0,0,0,0.180118869951763,0,0,0,0.00789473684210525,0.385,0,0,0,0,0,0,0,0,0,0,0,0,0,0,0,0,0,0,0,0,0,0,0,0,0,0,0,0,0,0,0,0,0,0,0,0,0,0,0,0,0,0,0,0,0.00753424657534247,0,0,0,0,0,0,0,0,0.0139240506329114,0,0,0,0,0,0,0,0,0,0,0.369941210264716,0
0,0,0,0.384999999999999,0,0,0,0.0947368421052631,0.22,0,0,0,0,0,0.224663905563945,0,0,0,0,0,0,0,0,0,0,0,0,0,0,0,0,0,0,0,0,0,0.183333333333334,0,0,0.3575,0,0,0.0239130434782609,0,0,0,0,0,0,0,0,0,0,0.0226027397260273,0,0,0,0.316866142766684,0,0,0,0,0.0139240506329114,0,0.200000000000001,0,0.20868342519096,0,0,0,0,0,0,0.101816368336587,0.237512926051786
0,0,0,0,0,0,0,0.00263157894736843,0,0,0,0,0,0,0,0,0,0,0,0,0,0,0,0,0,0,0,0,0,0,0,0,0,0,0,0,0,0,0,0,0,0,0,0,0,0,0,0,0,0,0,0,0,0,0,0,0,0.121010122762716,0,0,0,0,0.00696202531645572,0,0,0,0,0,0,0,0,0,0,0,0
0,0,0,0.110000000000001,0,0,0,0.0400038170443989,0,0,0,0,0,0,0.0868421052631578,0,0,0,0.0366666666666666,0,0,0.0639534883720931,0,0,0,0,0,0,0,0,0,0,0,0.0219999999999999,0,0,0,0,0,0,0,0,0.0239130434782609,0,0,0,0,0,0,0,0,0,0,0.0150684931506849,0,0,0,0.0785714285714287,0,0,0,0,0.00696202531645572,0,0.1,0.55,0,0,0,0,0,0.0333333333333339,0,0.264484674454742,0.47958781930396
0,0,0,0,0,0,0,0.0900170367452263,0.0275,0,0,0,0,0,0.355608713655534,0,0,0,0.0366666666666666,0,0,0.0511627906976744,0,0,0,0,0,0,0,0,0,0,0.36017083189869,0,0,0,0.275,0.0305555555555556,0,0.0137500000000001,0,0,0,0,0,0,0,0.0916666666666669,0,0,0,0,0,0.0486775467203593,0,0,0.214652084107197,0,0,0,0,0,0.0443499938928172,0,0,0,0,0,0,0.122222222222222,0,0,0,0,0
0,0,0,0,0,0,0,0.00263157894736843,0,0,0,0,0,0,0.0289473684210527,0,0,0,0,0,0,0,0,0,0,0,0,0,0,0,0,0,0,0,0,0.0117021276595745,0,0,0,0,0,0,0,0,0,0,0,0,0,0,0,0,0,0,0,0,0,0,0,0,0,0,0,0,0,0,0,0,0,0,0,0,0,0.0305555555555556,0
0,0,0,0,0,0,0,0.0126429367775194,0,0,0,0,0,0,0,0,0,0,0,0,0,0,0,0,0,0,0,0,0,0,0,0,0,0,0,0,0,0,0.0568405511811025,0,0,0,0,0,0,0,0,0,0,0,0,0,0,0,0,0,0,0,0,0,0,0,0.0417721518987342,0,0,0,0,0,0,0,0,0,0,0,0
0,0,0,0,0,0,0,0.0236842105263158,0,0,0,0,0,0,0,0,0,0,0.0087579344598851,0,0,0.0127906976744186,0,0,0,0,0,0,0,0,0,0,0,0,0,0,0,0.0611111111111111,0,0,0,0,0.27297439907612,0,0,0,0,0,0,0,0,0.465384615384615,0,0,0,0,0.222159187164412,0,0,0,0,0,0.0556962025316455,0.0366666666666666,0,0,0.0825,0,0,0,0,0,0,0,0
0,0,0,0,0,0,0,0.0105263157894737,0,0,0,0,0,0,0,0,0,0,0,0,0,0,0,0,0,0,0,0,0,0,0,0,0,0,0,0,0,0,0,0,0,0,0,0,0,0,0,0,0,0,0,0,0,0,0,0,0.0429757658996018,0,0,0,0,0,0.0139240506329114,0,0,0,0,0,0,0,0,0,0,0,0
0,0,0,0.552040242619727,0,0,0,0.172348706520447,0.0275,0,0,0.0260545905707197,0,0.25,0.386375037484691,0,0,0,0.376844758276328,0,0,0.445358607913408,0,0,0,0,0,0,0,0,0.339926761204422,0,0.173684210526316,0.9,0,0.0353684210526315,0.275,0.382367154112785,0,0,0,0,0.380705670512477,0,0,0,0,0.595154292083431,0,0,0,0.509616071868312,0,0.456803835591942,0,0,0.467604831870537,0.504489228810324,0,0,0,0,0.410244568292657,0.293333333333333,0.0500000000000001,0.0916666666666669,0.247500000000001,0,0,0.183333333333334,0,0.747826086956521,0.829032258064519,0.0305555555555556,0.043369535682771
0,0,0,0,0,0,0,0.00789473684210525,0,0,0,0,0,0,0,0,0,0,0,0,0,0,0,0,0,0,0,0,0,0,0,0,0,0,0,0,0,0,0,0,0,0,0,0,0,0,0,0,0,0,0,0,0,0,0,0,0,0,0,0,0,0,0,0,0,0,0,0,0,0,0,0,0,0,0
0,0,0,0,0,0,0,0.320659084596923,0,0,0,0,0,0,0,0,0,0,0,0,0,0,0,0,0,0,0,0,0,0,0,0,0,0,0,0,0,0,0,0,0,0,0,0,0,0,0,0,0,0,0,0,0,0,0,0,0,0,0,0,0,0,0.00696202531645572,0,0,0,0,0,0,0,0,0,0,0,0
0,0,0,0,0,0,0,0.00263157894736843,0,0,0,0,0,0,0.0578947368421054,0,0,0,0,0,0,0,0,0,0,0,0,0,0,0,0,0,0,0,0,0,0,0,0,0,0,0,0,0,0,0,0,0,0,0,0,0,0,0,0,0,0,0,0,0,0,0,0.0139240506329114,0,0,0.275000000000001,0,0,0,0,0,0,0,0,0
0.15,0,0,0.575715991084633,0.15,0.15,0.15,0.380758279959022,0.645,0.15,0.15,0.184375,0,0.15,0.307871498357452,0.15,0.15,0.15,0.341495489938804,0,0,0.357805130798231,0.15,0.15,0.15,0.15,0,0,0,0.15,0.247058823529412,0.15,0.555263157894737,0.441571640133164,0,0.632241881298993,0.425,0.700651541945452,0.15,0.315000000000001,0,0,1.05,0.15,0,0.15,0,0.608333333333334,0,0,0,0.488461538461539,0,0.21027397260274,0,0.660714285714287,0.453424983467243,0.329333041362706,0.15,0.15,0.15,0.15,0.573425491976289,0.866666666666667,0.533860990306755,0.241666666666667,0.358436349997205,0.15,0.590000000000002,0.516666666666667,0,0.347101449275363,0.15,0.449893018319761,0.737001549107671
0,0,0,0.165,0,0,0,0.104553590694031,0,0,0,0,0,0,0.730075164521664,0,0,0,0.238333333333333,0,0,0.065174739188412,0,0,0,0,0,0,0,0,0,0,0,0.066,0,0,0,0.0305555555555556,0,0,0,0,0.336686440389322,0,0,0,0,0.360127277466065,0,0,0,0.0423076923076923,0,0.00753424657534247,0,0,0,0.143527654352971,0,0,0,0,0.0349718807529012,0.0733333333333337,0,0.458333333333334,0.055,0,0,0,0,0,0,0.56332920741101,0.58169259185597
0,0,0,0,0,0,0,0.342875500340497,0,0,0,0,0,0,0.0955621720331344,0,0,0,0,0,0,0,0,0,0,0,0,0,0,0,0,0,0,0,0,0,0,0,0,0,0,0,0,0,0,0,0,0,0,0,0,0,0,0,0,0.471428571428572,0,0,0,0,0,0,0.0208860759493671,0,0,0,0,0,0,0,0,0,0,0.0305555555555556,0
0,0,0,0,0,0,0,0.0131578947368421,0,0,0,0,0,0,0,0,0,0,0,0,0,0,0,0,0,0,0,0,0,0,0,0,0,0,0,0,0,0,0,0,0,0,0.0541160240078849,0,0,0,0,0,0,0,0,0,0,0,0,0,0,0,0,0,0,0,0.0139240506329114,0,0,0,0,0,0,0,0,0,0,0.0611111111111111,0.16021948555619
0,0,0,0,0,0,0,0.00789473684210525,0,0,0,0,0,0,0,0,0,0,0,0,0,0,0,0,0,0,0,0,0,0,0,0,0,0,0,0,0,0,0,0,0,0,0,0,0,0,0,0,0,0,0,0,0,0,0,0,0,0,0,0,0,0,0,0,0,0,0,0,0,0,0,0,0,0,0
0,0,0,0.9,0,0,0,0.0692170925768167,0.4675,0,0,0,0,0,0.16048180758615,0,0,0,0.0183333333333333,0,0,0.191860465116279,0,0,0,0,0,0,0,0,0.0647058823529409,0,0,0.589343843532433,0,0.266884658454648,0.458333333333334,0.410580703462107,0.711428571428571,0.483499443207127,0,0,0.759879737086178,0,0,0,0,0.366666666666666,0,0,0,0,0,0.0226027397260273,0,0,0.0982142857142854,0.528044856086167,0,0,0,0,0.13484537407437,0,0.67148641770905,0.55,0,0,0,0,0,0.150000000000001,0,0.550982774820098,0.42661393576723
0,0,0,0,0,0,0,0.00263157894736843,0,0,0,0,0,0,0,0,0,0,0,0,0,0,0,0,0,0,0,0,0,0,0,0,0,0,0,0,0,0,0,0,0,0,0.0250622332259852,0,0,0,0,0,0,0,0,0,0,0,0,0,0,0,0,0,0,0,0.00696202531645572,0,0,0,0,0,0,0,0,0,0,0,0
0,0,0,0,0,0,0,0.0347538788504896,0,0,0,0,0,0,0,0,0,0,0,0,0,0,0,0,0,0,0,0,0,0,0,0,0.113325523778042,0,0,0,0,0,0,0,0,0,0.0478260869565218,0,0,0,0,0,0,0,0,0,0,0,0,0,0,0.0157142857142857,0,0,0,0,0,0,0,0,0,0,0,0,0,0,0,0.0305555555555556,0
0,0,0,0,0,0,0,0.00526315789473684,0,0,0,0,0,0,0,0,0,0,0,0,0,0,0,0,0,0,0,0,0,0,0,0,0,0,0,0,0,0,0,0,0,0,0,0,0,0,0,0,0,0,0,0,0,0,0,0,0,0.0631770845535646,0,0,0,0,0.00696202531645572,0,0,0,0,0,0,0,0,0,0,0,0
0,0,0,0,0,0,0,0.00263157894736843,0,0,0,0,0,0,0,0,0,0,0,0,0,0,0,0,0,0,0,0,0,0,0,0,0,0,0,0,0,0,0,0,0,0,0,0,0,0,0,0,0,0,0,0,0,0,0,0,0,0,0,0,0,0,0.0139240506329114,0,0,0,0,0,0,0,0,0,0,0,0
0,0,0,0,0,0,0,0.0807531589007287,0,0,0,0,0,0.0999999999999995,0,0,0,0,0.0599370989263996,0,0,0.0757368252354974,0,0,0,0,0,0,0,0,0,0,0,0,0,0,0,0.0115457062479577,0,0,0,0,0.0541160240078849,0,0,0,0,0.238897144346478,0,0,0,0,0,0,0,0,0,0.0296268881865741,0,0,0,0,0.0139240506329114,0,0,0,0,0,0,0,0,0,0,0.0559990122417422,0.0196428571428571
0,0,0,0,0,0,0,0.00526315789473684,0,0,0,0,0,0,0,0,0,0,0,0,0,0,0,0,0,0,0,0,0,0,0,0,0,0,0,0,0,0,0,0,0,0,0.0239130434782609,0,0,0,0,0,0,0,0,0,0,0,0,0,0,0,0,0,0,0,0.0139240506329114,0,0,0,0,0,0,0,0,0,0,0,0
0,0,0,0,0,0,0,0,0,0,0,0,0,0,0,0,0,0,0,0,0,0,0,0,0,0,0,0,0,0,0,0,0,0,0,0,0,0,0,0,0,0,0,0,0,0,0,0,0,0,0,0,0,0,0,0,0,0,0,0,0,0,0,0,0,0,0,0,0,0,0,0,0,0,0
0,0,0,0,0,0,0,0.0105263157894737,0,0,0,0,0,0,0,0,0,0,0,0,0,0,0,0,0,0,0,0,0,0,0,0,0,0,0,0,0,0,0,0,0,0,0,0,0,0,0,0,0,0,0,0,0,0,0,0,0,0,0,0,0,0,0,0,0,0,0,0,0,0,0,0,0,0,0
0,0,0,0,0,0,0,0.00789473684210525,0,0,0,0,0,0,0,0,0,0,0,0,0,0,0,0,0,0,0,0,0,0,0,0,0,0,0,0,0,0,0,0,0,0,0,0,0,0,0,0,0,0,0,0,0,0,0,0,0.0196428571428571,0,0,0,0,0,0.00696202531645572,0,0,0,0,0,0,0,0,0,0,0,0
0,0,0,0,0,0,0,0.0131578947368421,0,0,0,0,0,0,0.0289473684210527,0,0,0,0,0,0,0,0,0,0,0,0,0,0,0,0,0,0,0,0,0,0,0,0,0,0,0,0,0,0,0,0,0,0,0,0,0,0,0,0,0,0,0,0,0,0,0,0,0,0,0,0,0,0,0,0,0,0,0,0
0,0,0,0,0,0,0,0.00526315789473684,0,0,0,0,0,0,0,0,0,0,0,0,0,0,0,0,0,0,0,0,0,0,0,0,0,0.0219999999999999,0,0,0,0,0,0,0,0,0.0239130434782609,0,0,0,0,0,0,0,0,0,0,0,0,0,0,0,0,0,0,0,0.0208860759493671,0,0.0500000000000001,0,0,0,0,0,0,0,0,0,0
0,0,0,0,0,0,0,0,0,0,0,0,0,0,0,0,0,0,0,0,0,0,0,0,0,0,0,0,0,0,0,0,0,0,0,0,0,0,0,0,0,0,0,0,0,0,0,0,0,0,0,0,0,0,0,0,0,0,0,0,0,0,0.00696202531645572,0,0,0,0,0,0,0,0,0,0,0,0
0,0,0,0,0,0,0,0.0768903988440103,0,0,0,0.193083126550869,0,0,0.0689109001503931,0,0,0,0.149125353317796,0,0,0.0726065170125705,0,0,0,0,0,0,0,0,0,0,0,0,0,0,0,0.0611111111111111,0,0,0,0,0.0478260869565218,0,0,0,0,0.459273218649873,0,0,0,0,0,0.119801972880593,0,0,0.0576432233810945,0.0168779615003951,0,0,0,0,0.0488955424396513,0,0,0,0,0,0,0,0,0,0,0.00966846581488095,0.0379256761981036
0,0,0,0,0,0,0,0.00263157894736843,0,0,0,0,0,0,0,0,0,0,0,0,0,0.0383720930232558,0,0,0,0,0,0,0,0,0,0,0,0,0,0,0,0,0,0,0,0,0,0,0,0,0,0,0,0,0,0,0,0,0,0,0,0,0,0,0,0,0.0139240506329114,0,0,0,0,0,0,0,0,0,0,0,0
0,0,0,0,0,0,0,0.00263157894736843,0,0,0,0,0,0,0,0,0,0,0,0,0,0,0,0,0,0,0,0,0,0,0,0,0,0,0,0,0,0,0,0,0,0,0.0239130434782609,0,0,0,0,0,0,0,0,0,0,0,0,0,0,0,0,0,0,0,0.0139240506329114,0,0,0,0,0,0,0,0,0,0,0.0305555555555556,0
0,0,0,0,0,0,0,0,0,0,0,0,0,0,0,0,0,0,0,0,0,0,0,0,0,0,0,0,0,0,0,0,0,0,0,0,0,0,0,0,0,0,0,0,0,0,0,0,0,0,0,0,0,0,0,0,0,0,0,0,0,0,0,0,0,0,0,0,0,0,0,0,0,0,0
0,0,0,0,0,0,0,0.110199704431345,0,0,0,0,0,0,0.413982019328992,0,0,0,0.0183333333333333,0,0,0.0383720930232558,0,0,0,0,0,0,0,0,0,0,0.0289473684210527,0.0439999999999999,0,0.0117021276595745,0,0,0,0,0,0,0.119565217391304,0,0,0,0,0,0,0,0,0,0,0,0,0,0,0.0157142857142857,0,0,0,0,0.0139240506329114,0,0,0.366666666666667,0,0,0,0,0,0,0,0.0305555555555556,0.0785714285714287
0,0,0,0.220000000000001,0,0,0,0.00789473684210525,0.2475,0,0,0,0,0,0,0,0,0,0,0,0,0.0457856958107205,0,0,0,0,0,0,0,0,0.340186521195546,0,0,0,0,0,0.275,0,0,0,0,0,0,0,0,0,0,0,0,0,0,0,0,0,0,0,0.0196428571428571,0.0157142857142857,0,0,0,0,0.0208860759493671,0,0,0,0,0,0,0,0,0,0,0,0
0,0,0,0,0,0,0,0.00789473684210525,0,0,0,0,0,0,0,0,0,0,0,0,0,0,0,0,0,0,0,0,0,0,0,0,0,0,0,0,0,0,0,0,0,0,0,0,0,0,0,0,0,0,0,0,0,0,0,0,0,0,0,0,0,0,0.0139240506329114,0,0,0,0,0,0,0,0,0,0,0,0
0,0,0,0.055,0,0,0,0.0342105263157895,0,0,0,0,0,0,0.0211711281820514,0,0,0,0.0297241911276775,0,0,0,0,0,0,0,0,0,0,0,0,0,0,0,0,0,0,0,0,0,0,0,0.0478260869565218,0,0,0,0,0,0,0,0,0,0,0,0,0,0,0.0118694930183159,0,0,0,0,0.0139240506329114,0,0,0,0,0,0,0,0,0,0,0.142521625562063,0.0667019215989186
0,0,0,0,0,0,0,0.00526315789473684,0,0,0,0,0,0,0,0,0,0,0,0,0,0,0,0,0,0,0,0,0,0,0,0,0,0,0,0,0,0,0,0,0,0,0,0,0,0,0,0,0,0,0,0,0,0,0,0,0,0,0,0,0,0,0.0139240506329114,0,0,0,0,0,0,0,0,0,0,0,0
0,0,0,0.40947124783859,0,0,0,0.0964799577827897,0.0275,0,0,0,0,0,0.202071945690417,0,0,0,0.0183333333333333,0,0,0.0763938218329574,0,0,0,0,0,0,0,0,0.513158408194591,0,0.11578947368421,0.131999999999999,0,0.251690929451289,0.183333333333334,0.0611111111111111,0,0,0,0,0.0478260869565218,0,0,0,0,0.21383895506604,0,0,0,0,0,0.0226027397260273,0,0,0.0785714285714287,0.0628571428571427,0,0,0,0,0.0696202531645572,0.0366666666666666,0.0500000000000001,0.55,0.0275000000000001,0,0,0.244444444444445,0,0.0333333333333339,0,0.154469394722765,0.0392857142857143
0,0,0,0.055,0,0,0,0.0105263157894737,0,0,0,0,0,0,0.305658539062273,0,0,0,0,0,0,0,0,0,0,0,0,0,0,0,0,0,0,0,0,0,0,0,0,0,0,0,0.398793089976494,0,0,0,0,0,0,0,0,0,0,0,0,0,0,0.0688072502870531,0,0,0,0,0.0208860759493671,0,0,0,0,0,0,0,0,0,0,0.0305555555555556,0.264552167689914
0,0,0,0,0,0,0,0.00789473684210525,0,0,0,0,0,0,0,0,0,0,0,0,0,0,0,0,0,0,0,0,0,0,0,0,0,0,0,0,0,0,0,0,0,0,0,0,0,0,0,0,0,0,0,0,0,0,0,0,0,0,0,0,0,0,0.0139240506329114,0,0,0,0,0,0,0,0,0,0,0,0
0,0,0,0,0,0,0,0.00789473684210525,0,0,0,0,0,0,0,0,0,0,0,0,0,0,0,0,0,0,0,0,0,0,0,0,0,0,0,0,0,0,0,0,0,0,0,0,0,0,0,0,0,0,0,0,0,0,0,0,0,0,0,0,0,0,0.0139240506329114,0,0,0,0,0,0,0,0,0,0,0,0.00992711279716317
0,0,0,0,0,0,0,0.00789473684210525,0,0,0,0,0,0,0,0,0,0,0,0,0,0,0,0,0,0,0,0,0,0,0,0,0,0,0,0,0,0,0,0,0,0,0.0239130434782609,0,0,0,0,0,0,0,0,0,0,0,0,0,0,0,0,0,0,0,0.0139240506329114,0,0,0.0916666666666669,0,0,0,0,0,0,0,0,0
0,0,0,0,0,0,0,0.00789473684210525,0,0,0,0,0,0,0,0,0,0,0,0,0,0,0,0,0,0,0,0,0,0,0,0,0,0,0,0,0,0,0,0,0,0,0,0,0,0,0,0,0,0,0,0,0,0,0,0,0,0.0157142857142857,0,0,0,0,0.00696202531645572,0,0,0,0,0,0,0,0,0,0,0,0
0,0,0,0,0,0,0,0.00263157894736843,0,0,0,0,0,0,0,0,0,0,0,0,0,0,0,0,0,0,0,0,0,0,0,0,0,0,0,0,0,0,0.119697694038245,0,0,0,0,0,0,0,0,0,0,0,0,0,0,0,0,0,0,0,0,0,0,0,0.00696202531645572,0,0,0,0,0,0,0,0,0,0.106451612903226,0,0
0,0,0,0,0,0,0,0,0,0,0,0,0,0,0,0,0,0,0,0,0,0,0,0,0,0,0,0,0,0,0,0,0,0,0,0,0,0,0,0,0,0,0,0,0,0,0,0,0,0,0,0,0,0,0,0,0,0,0,0,0,0,0,0,0,0,0,0,0,0,0,0,0,0,0
0,0,0,0,0,0,0,0.00494220230034329,0,0,0,0,0,0,0,0,0,0,0.0183333333333333,0,0,0,0,0,0,0,0,0,0,0,0,0,0,0,0,0,0,0,0,0,0,0,0.0239130434782609,0,0,0,0,0,0,0,0,0,0,0,0,0,0,0,0,0,0,0,0.0208860759493671,0,0,0,0,0,0,0,0,0,0,0,0
0,0,0,0,0,0,0,0.0105263157894737,0,0,0,0,0,0,0.0978582685714456,0,0,0,0,0,0,0,0,0,0,0,0,0,0,0,0,0,0,0,0,0,0,0,0,0,0,0,0,0,0,0,0,0,0,0,0,0,0,0,0,0,0,0,0,0,0,0,0.0139240506329114,0,0,0,0,0,0,0,0,0,0,0,0
0,0,0,0,0,0,0,0.00526315789473684,0,0,0,0,0,0,0,0,0,0,0,0,0,0,0,0,0,0,0,0,0,0,0,0,0,0,0,0,0,0,0,0,0,0,0,0,0,0,0,0,0,0,0,0,0,0,0,0,0,0,0,0,0,0,0,0,0,0,0,0,0,0,0,0,0,0,0
0,0,0,0.055,0,0,0,0.00789473684210525,0,0,0,0,0,0,0,0,0,0,0,0,0,0,0,0,0,0,0,0,0,0,0,0,0,0,0,0,0,0,0,0,0,0,0.0239130434782609,0,0,0,0,0,0,0,0,0,0,0,0,0,0,0.0157142857142857,0,0,0,0,0.00696202531645572,0,0,0,0,0,0,0,0,0,0,0,0
0,0,0,0,0,0,0,0.0242297732705392,0,0,0,0,0,0,0.0868421052631578,0,0,0,0,0,0,0.0383720930232558,0,0,0,0,0,0,0,0,0,0,0,0,0,0,0,0,0,0,0,0,0,0,0,0,0,0,0,0,0,0,0,0,0,0,0,0,0,0,0,0,0,0,0,0,0,0,0,0,0,0,0,0,0
0,0,0,0,0,0,0,0,0,0,0,0,0,0,0,0,0,0,0,0,0,0,0,0,0,0,0,0,0,0,0,0,0,0,0,0,0,0,0,0,0,0,0,0,0,0,0,0,0,0,0,0,0,0,0,0,0,0,0,0,0,0,0,0,0,0,0,0,0,0,0,0,0,0,0
0,0,0,0,0,0,0,0.00526315789473684,0,0,0,0,0,0,0,0,0,0,0,0,0,0,0,0,0,0,0,0,0,0,0,0,0,0,0,0,0,0,0,0,0,0,0,0,0,0,0,0,0,0,0,0,0,0,0,0,0,0,0,0,0,0,0.0139240506329114,0,0,0,0,0,0,0,0,0,0,0.0305555555555556,0
0,0,0,0.121065259892233,0,0,0,0.103291028583384,0.0825,0,0,0,0,0.4,0.104831825514604,0,0,0,0.0117631080490614,0,0,0.697247512983203,0,0,0,0,0,0,0,0,0,0,0.736078005710882,0,0,0,0,0.277226808118753,0,0.748749999999999,0,0,0.485570852276908,0,0,0,0,0,0,0,0,0,0,0.624053708771478,0,0,0.467758097652154,0,0,0,0,0,0.194881899160136,0,0.15,0.0916666666666669,0.0800519421956056,0,0,0.0611111111111105,0,0.126159420289855,0.0394736842105263,0,0
0,0,0,0,0,0,0,0.00789473684210525,0,0,0,0,0,0,0,0,0,0,0,0,0,0,0,0,0,0,0,0,0,0,0,0,0,0,0,0,0,0,0,0,0,0,0,0,0,0,0,0,0,0,0,0,0,0,0,0,0,0,0,0,0,0,0.0208860759493671,0,0,0,0,0,0,0,0,0,0,0,0
0,0,0,0,0,0,0,0,0,0,0,0,0,0,0,0,0,0,0,0,0,0,0,0,0,0,0,0,0,0,0,0,0,0,0,0,0,0,0,0,0,0,0,0,0,0,0,0,0,0,0,0,0,0,0,0,0,0,0,0,0,0,0,0,0,0,0,0,0,0,0,0,0,0,0
0,0,0,0,0,0,0,0.123098922406177,0,0,0,0.154687500000001,0,0,0.123459488537469,0,0,0,0,0,0,0,0,0,0,0,0,0,0,0,0,0,0,0,0,0.165106382978723,0,0,0,0,0,0,0,0,0,0,0,0,0,0,0,0,0,0,0,0,0,0,0,0,0,0,0.00696202531645572,0,0.200000000000001,0.0916666666666669,0,0,0,0,0,0,0,0.045780108060436,0.176785714285715
0,0,0,0,0,0,0,0.00789473684210525,0,0,0,0,0,0,0,0,0,0,0,0,0,0,0,0,0,0,0,0,0,0,0,0,0,0,0,0,0,0,0,0,0,0,0.0239130434782609,0,0,0,0,0,0,0,0,0,0,0,0,0,0,0,0,0,0,0,0.0139240506329114,0,0,0,0,0,0,0,0,0,0,0,0
0,0,0,0,0,0,0,0.0590368630612399,0,0,0,0,0,0,0,0,0,0,0.0773810050782672,0,0,0.110910783939362,0,0,0,0,0,0,0,0,0,0,0,0.0137017601881272,0,0.0862105263157894,0.183333333333334,0,0.404669572553431,0,0,0,0,0,0,0,0,0,0,0,0,0,0,0.140756783898104,0,0,0.248552517133858,0.114673120340006,0,0,0,0,0.032527418344551,0,0,0,0,0,0,0,0,0,0,0,0.0305546979702074
0,0,0,0,0,0,0,0,0,0,0,0,0,0,0,0,0,0,0,0,0,0,0,0,0,0,0,0,0,0,0,0,0,0,0,0,0,0,0,0,0,0,0.0239130434782609,0,0,0,0,0,0,0,0,0,0,0,0,0,0,0,0,0,0,0,0,0,0,0,0,0,0,0,0,0,0,0.0305555555555556,0
0,0,0,0,0,0,0,0.0573569934503174,0,0,0,0,0,0,0.0382258631122594,0,0,0,0.28803977909364,0,0,0.463338894476029,0,0,0,0,0,0,0,0,0,0,0.346100942016108,0,0,0.245744680851064,0.183333333333334,0.0305555555555556,0,0.481250000000001,0,0,0.0239130434782609,0,0,0,0,0,0,0,0,0,0,0.501421963215605,0,0.510714285714287,0.605618425344084,0.0442547994005047,0,0,0,0,0.154850567163132,0,0,0.275000000000001,0.055,0,0,0.366666666666667,0,0,0,0.0305555555555556,0
0,0,0,0,0,0,0,0.00526315789473684,0,0,0,0,0,0,0,0,0,0,0,0,0,0,0,0,0,0,0,0,0,0,0,0,0,0,0,0,0,0,0,0,0,0,0,0,0,0,0,0,0,0,0,0,0,0,0,0,0,0.0314285714285715,0,0,0,0,0,0,0,0,0,0,0,0,0,0,0,0,0
0,0,0,0,0,0,0,0.00789473684210525,0,0,0,0,0,0,0.00721660698204964,0,0,0,0,0,0,0,0,0,0,0,0,0,0,0,0,0,0,0,0,0,0,0,0,0.0257238307349665,0,0,0,0,0,0,0,0,0,0,0,0,0,0,0,0,0,0.0314285714285715,0,0,0,0,0.0208860759493671,0,0,0,0,0,0,0,0,0,0,0,0
0,0,0,0,0,0,0,0.0106395331893844,0,0,0,0,0,0,0.0289473684210527,0,0,0,0,0,0,0,0,0,0,0,0,0,0,0,0,0,0,0,0,0,0,0,0,0,0,0,0,0,0,0,0,0,0,0,0,0,0,0,0,0,0,0,0,0,0,0,0.0139240506329114,0,0,0,0,0,0,0,0,0,0,0,0
0,0,0,0,0,0,0,0.00789473684210525,0,0,0,0,0,0,0,0,0,0,0,0,0,0,0,0,0,0,0,0,0,0,0,0,0,0,0,0.0530526315789474,0.0916666666666669,0,0,0,0,0,0,0,0,0,0,0,0,0,0,0,0,0.00753424657534247,0,0,0,0,0,0,0,0,0.00696202531645572,0,0,0,0,0,0,0,0,0,0,0,0
0,0,0,0,0,0,0,0.0368421052631579,0.0275,0,0,0,0,0,0,0,0,0,0,0,0,0,0,0,0,0,0,0,0,0,0,0,0,0,0,0,0,0,0,0,0,0,0,0,0,0,0,0,0,0,0,0,0,0.0150684931506849,0,0,0.0196428571428571,0.0453411739008598,0,0,0,0,0.0208860759493671,0,0,0.0916666666666669,0,0,0,0,0,0.0547826086956519,0,0.0611111111111111,0
0,0,0,0.055,0,0,0,0.00789473684210525,0,0,0,0,0,0,0.0875626873163988,0,0,0,0,0,0,0,0,0,0,0,0,0,0,0,0,0,0,0,0,0,0,0,0,0,0,0,0.0239130434782609,0,0,0,0,0,0,0,0,0,0,0,0,0,0,0,0,0,0,0,0.00696202531645572,0,0,0,0,0,0,0,0,0,0,0.0450582542778771,0
0,0,0,0,0,0,0,0.00789473684210525,0,0,0,0,0,0,0,0,0,0,0,0,0,0,0,0,0,0,0,0,0,0,0,0,0,0,0,0,0,0,0,0,0,0,0.0239130434782609,0,0,0,0,0,0,0,0,0,0,0,0,0,0,0,0,0,0,0,0.0139240506329114,0,0,0,0,0,0,0,0,0,0,0,0
0,0,0,0,0,0,0,0.00263157894736843,0,0,0,0,0,0,0,0,0,0,0,0,0,0,0,0,0,0,0,0,0,0,0,0,0,0,0,0,0,0,0,0,0,0,0,0,0,0,0,0,0,0,0,0,0,0,0,0,0,0,0,0,0,0,0.0139240506329114,0,0,0,0,0,0,0,0,0,0,0,0
0,0,0,0,0,0,0,0.00526315789473684,0,0,0,0,0,0,0,0,0,0,0,0,0,0,0,0,0,0,0,0,0,0,0,0,0,0,0,0,0,0,0,0,0,0,0,0,0,0,0,0,0,0,0,0,0,0,0,0,0,0,0,0,0,0,0.00696202531645572,0,0,0.183333333333333,0,0,0,0,0,0,0,0.0611111111111111,0
0,0,0,0.121311154556505,0,0,0,0.260022167603326,0.165,0,0,0,0,0.2,0.0960396594615107,0,0,0,0.5370105002402,0,0,0.327999174303869,0,0,0,0,0,0,0,0,0,0,0.0868421052631578,0.320043926966461,0,0.0862105263157894,0,0.069391968127589,0.0157142857142859,0,0,0,0.198414281296881,0,0,0,0,0.479926900546609,0,0,0,0,0,0.389745606149798,0,0,0.294922153211326,0.139258076053075,0,0,0,0,0.200006916454876,0,0.250000000000001,0.183333333333333,0.247500000000001,0,0,0.122222222222222,0,0.183333333333334,0,0.435854942741878,0.26953632718896
0,0,0,0,0,0,0,0.100162673365649,0.0275,0,0,0,0,0,0,0,0,0,0.195963196712325,0,0,0.0891845195073758,0,0,0,0,0,0,0,0,0,0,0.0289473684210527,0,0,0.023404255319149,0.0916666666666669,0.0611111111111111,0,0,0,0,0.180116703986445,0,0,0,0,0,0,0,0,0,0,0.00753424657534247,0,0,0.266026464382662,0.0157142857142857,0,0,0,0,0.0765822784810127,0,0.250000000000001,0,0.0275000000000001,0,0.220000000000001,0.183333333333334,0,0,0,0,0
0,0,0,0.055,0,0,0,0.018421052631579,0,0,0,0,0,0,0.0670151381575299,0,0,0,0,0,0,0,0,0,0,0,0,0,0,0,0.129411764705882,0,0,0,0,0.0351063829787235,0,0.0342710103564794,0,0,0,0,0.112826412839928,0,0,0,0,0,0,0,0,0,0,0,0,0,0,0.0639132278567651,0,0,0,0,0,0,0.329925136566715,0,0,0,0,0,0,0,0,0.47738490100235,0.156226703129219
0,0,0,0,0,0,0,0.0468446499594239,0,0,0,0,0,0,0.133849867576109,0,0,0,0,0,0,0,0,0,0,0,0,0,0,0,0,0,0,0,0,0,0,0.0305555555555556,0,0,0,0,0.0239130434782609,0,0,0,0,0,0,0,0,0,0,0,0,0,0,0.0157142857142857,0,0,0,0,0.00696202531645572,0,0.0500000000000001,0,0.00796817499860228,0,0,0,0,0.0333333333333339,0,0,0.0530782515348703
0,0,0,0,0,0,0,0.0365829217753871,0,0,0,0,0,0,0.0289473684210527,0,0,0,0,0,0,0,0,0,0,0,0,0,0,0,0,0,0.0868421052631578,0,0,0,0,0,0.0157142857142859,0,0,0,0,0,0,0,0,0,0,0,0,0,0,0,0,0,0,0.039549803493735,0,0,0,0,0.0139240506329114,0,0.0500000000000001,0,0,0,0,0,0,0,0,0.0101497016699203,0
0,0,0,0,0,0,0,0,0,0,0,0,0,0,0,0,0,0,0,0,0,0,0,0,0,0,0,0,0,0,0,0,0,0,0,0,0,0,0,0,0,0,0,0,0,0,0,0,0,0,0,0,0,0,0,0,0,0,0,0,0,0,0,0,0,0,0,0,0,0,0,0,0,0,0
0,0,0,0,0,0,0,0,0,0,0,0,0,0,0,0,0,0,0,0,0,0,0,0,0,0,0,0,0,0,0,0,0,0,0,0,0,0,0,0,0,0,0,0,0,0,0,0,0,0,0,0,0,0,0,0,0,0,0,0,0,0,0,0,0,0,0,0,0,0,0,0,0,0,0
0,0,0,0,0,0,0,0.0131578947368421,0,0,0,0,0,0,0,0,0,0,0,0,0,0,0,0,0,0,0,0,0,0,0,0,0,0,0,0,0,0,0,0,0,0,0.0239130434782609,0,0,0,0,0,0,0,0,0,0,0,0,0,0,0,0,0,0,0,0.00696202531645572,0,0,0,0,0,0,0,0,0,0,0,0
0,0,0,0,0,0,0,0.11201486941706,0,0,0,0,0,0,0.132083546221627,0,0,0,0.221202392503033,0,0,0.0127906976744186,0,0,0,0,0,0,0,0,0,0,0,0.31117544989237,0,0,0,0.623003900327498,0,0,0,0,0.194397135692533,0,0,0,0,0,0,0,0,0,0,0.459871733068462,0,0,0,0.0361426571736243,0,0,0,0,0.0688705952033435,0,0.200000000000001,0,0.243904524995807,0,0,0,0,0,0.0177419354838709,0.249453975855878,0.116477809131988
0,0,0,0,0,0,0,0.160250002054745,0.11,0,0,0,0,0,0.0289473684210527,0,0,0,0.0267532422526614,0,0,0.166279069767441,0,0,0,0,0,0,0,0,0,0,0.0289473684210527,0,0,0.315957446808511,0.275,0,0,0.2475,0,0,0.0239130434782609,0,0,0,0,0,0,0,0,0,0,0.139479496735295,0,0.0392857142857145,0.0392857142857143,0,0,0,0,0,0.234877085011916,0,0,0,0.0248531172575452,0,0,0.244444444444445,0,0,0,0,0
0,0,0,0.19051257753385,0,0,0,0.397363996266377,0.1925,0,0,0.29273418114144,0,0.35,0.77986644103181,0,0,0,0.621364761450245,0,0,0.457272792568551,0,0,0,0,0,0,0,0,0.442929031435285,0,0.202631578947368,0.705354673793518,0,0,0,0.747256056379285,0.354362345331833,0,0,0,0.544002597537858,0,0,0,0,0.744621562047002,0,0,0,0.9,0,0.0737679784846293,0,0,0.342438705026411,0.76294921583629,0,0,0,0,0.472407386430759,0.704519970685233,0.299999999999999,0.366666666666667,0.556154552323021,0,0.440000000000002,0.427777777777778,0,0.769202898550724,0.275070741369554,0.521986533827855,0.9
0,0,0,0,0,0,0,0.0105263157894737,0,0,0,0,0,0,0,0,0,0,0,0,0,0.0127906976744186,0,0,0,0,0,0,0,0,0,0,0,0,0,0,0,0,0,0,0,0,0,0,0,0,0,0,0,0,0,0,0,0,0,0,0,0,0,0,0,0,0.0208860759493671,0,0,0,0,0,0,0,0,0,0,0,0
0,0,0,0,0,0,0,0,0,0,0,0,0,0,0,0,0,0,0,0,0,0,0,0,0,0,0,0,0,0,0,0,0,0,0,0,0,0,0,0,0,0,0,0,0,0,0,0,0,0,0,0,0,0,0,0,0,0,0,0,0,0,0,0,0,0,0,0,0,0,0,0,0,0,0
0,0,0,0,0,0,0,0.00526315789473684,0,0,0,0,0,0,0,0,0,0,0.0183333333333333,0,0,0,0,0,0,0,0,0,0,0,0,0,0,0,0,0,0,0,0,0,0,0,0.0239130434782609,0,0,0,0,0,0,0,0,0,0,0,0,0,0,0,0,0,0,0,0.00696202531645572,0,0,0.0916666666666669,0,0,0,0,0,0,0,0.0916666666666669,0
0,0,0,0,0,0,0,0,0,0,0,0.0260545905707197,0,0,0,0,0,0,0,0,0,0,0,0,0,0,0,0,0,0,0,0,0,0,0,0,0,0,0,0,0,0,0,0,0,0,0,0,0,0,0,0,0,0,0,0,0,0.0339777203035278,0,0,0,0,0,0,0,0,0,0,0,0,0,0.068478260869565,0.0824561403508769,0,0
0,0,0,0,0,0,0,0.0195239217799223,0,0,0,0.0343750000000001,0,0,0,0,0,0,0.0183333333333333,0,0,0,0,0,0,0,0,0,0,0,0,0,0,0,0,0.023404255319149,0,0,0,0,0,0,0,0,0,0,0,0,0,0,0,0,0,0,0,0,0,0,0,0,0,0,0.0208860759493671,0,0,0.0916666666666669,0,0,0,0,0,0,0,0,0.0392857142857143
0,0,0,0,0,0,0,0.00526315789473684,0,0,0,0,0,0,0,0,0,0,0,0,0,0,0,0,0,0,0,0,0,0,0,0,0,0,0,0,0,0,0,0,0,0,0,0,0,0,0,0,0,0,0,0,0,0,0,0,0.0392857142857143,0,0,0,0,0,0.0208860759493671,0,0,0,0,0,0,0,0,0,0,0,0
0,0,0,0,0,0,0,0.00789473684210525,0.11,0,0,0,0,0,0,0,0,0,0,0,0,0,0,0,0,0,0,0,0,0,0,0,0,0,0,0,0,0,0,0,0,0,0,0,0,0,0,0,0,0,0,0,0,0,0,0,0.176785714285714,0.0157142857142857,0,0,0,0,0.0280098554364455,0,0.423908727317273,0,0,0,0,0,0,0,0,0,0
0,0,0,0,0,0,0,0.0157894736842105,0,0,0,0,0,0,0,0,0,0,0,0,0,0,0,0,0,0,0,0,0,0,0,0,0,0,0,0,0,0,0,0,0,0,0,0,0,0,0,0,0,0,0,0,0,0,0,0,0,0,0,0,0,0,0,0,0,0,0,0,0,0,0,0,0,0,0
0,0,0,0,0,0,0,0.00789473684210525,0,0,0,0,0,0,0,0,0,0,0,0,0,0,0,0,0,0,0,0,0,0,0,0,0,0,0,0,0,0,0,0,0,0,0,0,0,0,0,0,0,0,0,0,0,0,0,0,0,0,0,0,0,0,0.00696202531645572,0,0,0,0,0,0,0,0,0,0,0,0
0,0,0,0,0,0,0,0.0587863892364303,0,0,0,0,0,0,0,0,0,0,0.13363409270255,0,0,0.115116279069767,0,0,0,0,0,0,0,0,0,0,0,0,0,0,0,0.0305555555555556,0.0471428571428567,0,0,0,0.260883977082375,0,0,0,0,0,0,0,0,0,0,0.0694328107037848,0,0,0.127573451524398,0.0489730291660691,0,0,0,0,0.114199995310528,0,0,0.183333333333333,0.0825,0,0,0,0,0,0,0,0
0,0,0,0,0,0,0,0.00263157894736843,0,0,0,0,0,0,0,0,0,0,0,0,0,0,0,0,0,0,0,0,0,0,0,0,0,0,0,0,0,0,0,0,0,0,0,0,0,0,0,0,0,0,0,0,0,0,0,0,0,0.0314285714285715,0,0,0,0,0,0,0,0,0,0,0,0,0,0,0,0,0
0,0,0,0,0,0,0,0.00789473684210525,0,0,0,0,0,0,0,0,0,0,0,0,0,0,0,0,0,0,0,0,0,0,0,0,0,0,0,0,0,0,0,0,0,0,0,0,0,0,0,0,0,0,0,0,0,0,0,0,0,0,0,0,0,0,0,0,0,0,0,0,0,0,0,0,0,0,0
0,0,0,0,0,0,0,0.00526315789473684,0,0,0,0,0,0,0,0,0,0,0,0,0,0,0,0,0,0,0,0,0,0,0,0,0,0,0,0,0,0,0,0,0,0,0,0,0,0,0,0,0,0,0,0,0,0,0,0,0,0,0,0,0,0,0,0,0,0,0,0,0,0,0,0,0,0,0
0,0,0,0,0,0,0,0.0494703941445662,0,0,0,0.284049317617866,0,0,0,0,0,0,0.305576568241539,0,0,0.0255813953488372,0,0,0,0,0,0,0,0,0,0,0,0,0,0,0,0,0.0157142857142859,0,0,0,0.0239130434782609,0,0,0,0,0,0,0,0,0,0,0.0527397260273973,0,0,0,0.193160223020052,0,0,0,0,0.065465818095338,0,0.0500000000000001,0.275000000000001,0.183807764411116,0,0,0,0,0.378985507246377,0.191341256366723,0,0.0601798211950731
0,0,0,0,0,0,0,0.0110696683241738,0.0275,0,0,0,0,0,0,0,0,0,0,0,0,0,0,0,0,0,0,0,0,0,0,0,0,0,0,0,0,0,0,0,0,0,0,0,0,0,0,0,0,0,0,0,0,0,0,0,0,0,0,0,0,0,0.0208860759493671,0,0,0,0,0,0,0,0,0,0,0,0
0,0,0,0,0,0,0,0.00526315789473684,0,0,0,0,0,0,0,0,0,0,0,0,0,0,0,0,0,0,0,0,0,0,0,0,0,0,0,0,0,0,0,0,0,0,0,0,0,0,0,0,0,0,0,0,0,0,0,0,0,0,0,0,0,0,0,0,0,0,0,0,0,0,0,0,0,0,0
0,0,0,0,0,0,0,0.00789473684210525,0,0,0,0,0,0,0,0,0,0,0,0,0,0,0,0,0,0,0,0,0,0,0,0,0,0,0,0,0,0,0,0,0,0,0,0,0,0,0,0,0,0,0,0,0,0,0,0,0,0,0,0,0,0,0,0,0,0,0,0,0,0,0,0,0,0,0
0,0,0,0,0,0,0,0.0163506254143252,0,0,0,0,0,0,0,0,0,0,0,0,0,0,0,0,0,0,0,0,0,0,0,0,0,0,0,0,0,0,0,0,0,0,0,0,0,0,0,0,0,0,0,0,0,0,0,0,0,0,0,0,0,0,0.0208860759493671,0,0,0,0,0,0,0,0,0,0,0,0
0,0,0,0.055,0,0,0,0.0577527899585444,0,0,0,0,0,0.35,0,0,0,0,0.0847241911276774,0,0,0.37909154525297,0,0,0,0,0,0,0,0,0,0,0.355201212944491,0.119983773544771,0,0.023404255319149,0.0916666666666669,0.190690007974146,0,0,0,0,0.0782246095706442,0,0,0,0,0,0,0,0,0,0,0.139258178115119,0,0,0.216071428571429,0.161848883094843,0,0,0,0,0.0765822784810127,0.0733333333333337,0,0,0.153367960534276,0,0,0.305555555555555,0,0,0,0,0
0,0,0,0,0,0,0,0.00526315789473684,0.0275,0,0,0,0,0,0,0,0,0,0,0,0,0,0,0,0,0,0,0,0,0,0,0,0,0,0,0,0,0,0,0,0,0,0,0,0,0,0,0,0,0,0,0,0,0,0,0,0,0,0,0,0,0,0.0233870918791305,0,0,0,0,0,0,0,0,0,0,0,0
0,0,0,0.055,0,0,0,0.0448486491846215,0,0,0,0,0,0,0,0,0,0,0.449511470607103,0,0,0.0255813953488372,0,0,0,0,0,0,0,0,0,0,0,0,0,0,0,0.0611111111111111,0,0,0,0,0.00977888650954106,0,0,0,0,0,0,0,0,0,0,0,0,0,0,0.159293870646441,0,0,0,0,0.0403920811566667,0,0.1,0,0.165000000000001,0,0,0,0,0,0,0.0305555555555556,0.00908779422247588
0,0,0,0.0169667318347561,0,0,0,0.0612868829097097,0,0,0,0,0,0,0.0759362542972294,0,0,0,0.201636326294091,0,0,0.122674468270525,0,0,0,0,0,0,0,0,0.0323529411764706,0,0.538468469242372,0,0,0.341816349384098,0.275,0.0305555555555556,0.805265748031496,0,0,0,0.0717391304347828,0,0,0,0,0,0,0,0,0,0,0.0150684931506849,0,0,0.405773380467653,0.0984701522466006,0,0,0,0,0.140803887955533,0,0.322407159953164,0.183333333333333,0.151248769910533,0,0,0,0,0,0,0,0.244372539580135
0,0,0,0,0,0,0,0.00263157894736843,0,0,0,0,0,0,0,0,0,0,0,0,0,0,0,0,0,0,0,0,0,0,0,0,0,0,0,0,0,0,0,0,0,0,0,0,0,0,0,0,0,0,0,0,0,0,0,0,0,0,0,0,0,0,0,0,0,0,0,0,0,0,0,0,0,0,0
0,0,0,0,0,0,0,0.00275618311203226,0,0,0,0,0,0,0.011134193629448,0,0,0,0,0,0,0,0,0,0,0,0,0,0,0,0,0,0,0,0,0,0,0,0,0,0,0,0,0,0,0,0,0,0,0,0,0,0,0,0,0,0,0,0,0,0,0,0.00696202531645572,0,0,0,0,0,0,0,0,0,0,0.0611111111111111,0
0,0,0,0,0,0,0,0.0157894736842105,0,0,0,0,0,0,0,0,0,0,0,0,0,0,0,0,0,0,0,0,0,0,0,0,0,0,0,0,0,0,0,0,0,0,0,0,0,0,0,0,0,0,0,0,0,0,0,0,0,0,0,0,0,0,0.0139240506329114,0,0,0,0,0,0,0,0,0,0,0,0
0,0,0,0,0,0,0,0.00415877837142407,0,0,0,0,0,0,0,0,0,0,0.0131170301388667,0,0,0,0,0,0,0,0,0,0,0,0,0,0,0,0,0,0,0,0,0,0,0,0,0,0,0,0,0,0,0,0,0,0,0.0201324267175895,0,0,0,0.0276623035668812,0,0,0,0,0,0,0,0,0.0633392551466563,0,0,0,0,0,0,0,0.00682081710789766
0,0,0,0.055,0,0,0,0.00789473684210525,0,0,0,0,0,0,0.013172848801037,0,0,0,0,0,0,0,0,0,0,0,0,0,0,0,0,0,0,0,0,0,0,0,0,0,0,0,0,0,0,0,0,0,0,0,0,0,0,0,0,0,0,0,0,0,0,0,0.00696202531645572,0,0,0,0,0,0,0,0,0,0,0,0
0,0,0,0,0,0,0,0.0131578947368421,0.2475,0,0,0,0,0,0.250032133898273,0,0,0,0,0,0,0.0127906976744186,0,0,0,0,0,0,0,0,0,0,0,0,0,0,0.275,0,0,0,0,0,0.0239130434782609,0,0,0,0,0,0,0,0,0,0,0.00753424657534247,0,0,0.0982142857142854,0.0942857142857141,0,0,0,0,0.0139240506329114,0,0.1,0.458333333333334,0.0275000000000001,0,0,0,0,0,0,0.444916809842809,0
0,0,0,0,0,0,0,0.00537496497409506,0,0,0,0,0,0,0.0978582685714456,0,0,0,0,0,0,0,0,0,0,0,0,0,0,0,0,0,0,0,0,0,0,0,0,0,0,0,0.0782246095706442,0,0,0,0,0,0,0,0,0,0,0,0,0,0,0,0,0,0,0,0.0139240506329114,0,0,0.0916666666666669,0,0,0,0,0,0,0,0,0.0725602627622852
0,0,0,0,0,0,0,0.00789473684210525,0,0,0,0,0,0,0.0578947368421054,0,0,0,0,0,0,0,0,0,0,0,0,0,0,0,0,0,0,0,0,0,0,0,0,0,0,0,0.0478260869565218,0,0,0,0,0,0,0,0,0,0,0,0,0,0,0,0,0,0,0,0.0208860759493671,0,0,0,0,0,0,0,0,0,0,0.122222222222222,0
0,0,0,0,0,0,0,0.00526315789473684,0,0,0,0,0,0,0,0,0,0,0,0,0,0,0,0,0,0,0,0,0,0,0,0,0,0,0,0,0,0,0,0,0,0,0,0,0,0,0,0,0,0,0,0,0,0,0,0,0,0,0,0,0,0,0,0,0,0,0,0,0,0,0,0,0,0,0
0,0,0,0,0,0,0,0.00789473684210525,0,0,0,0,0,0,0,0,0,0,0.00830337038757271,0,0,0,0,0,0,0,0,0,0,0,0,0,0,0,0,0,0,0,0,0,0,0,0,0,0,0,0,0,0,0,0,0,0,0,0,0,0,0,0,0,0,0,0.00696202531645572,0,0,0,0,0,0,0,0,0,0,0,0
0,0,0,0.531863071212174,0,0,0,0.0263157894736842,0.2475,0,0,0,0,0,0.0289473684210527,0,0,0,0,0,0,0.0127906976744186,0,0,0,0,0,0,0,0,0,0,0,0,0,0,0.275,0,0,0,0,0,0.0478260869565218,0,0,0,0,0,0,0,0,0,0,0.00753424657534247,0,0,0,0.0628571428571427,0,0,0,0,0.0278481012658228,0,0.26659071667053,0.458333333333334,0.11,0,0,0,0,0,0,0.255511420136883,0
0,0,0,0,0,0,0,0.0857328799010651,0,0,0,0,0,0,0.0289473684210527,0,0,0,0,0,0,0,0,0,0,0,0,0,0,0,0,0,0,0,0,0,0,0,0,0,0,0,0,0,0,0,0,0,0,0,0,0,0,0,0,0,0,0,0,0,0,0,0.00895762890107379,0,0,0,0,0,0,0,0,0,0,0,0
0,0,0,0,0,0,0,0.02158276441282,0,0,0,0.0343750000000001,0,0,0.182466109727007,0,0,0,0.0366666666666666,0,0,0,0,0,0,0,0,0,0,0,0,0,0,0.163190205004232,0,0,0,0,0.141428571428571,0,0,0,0.0956521739130436,0,0,0,0,0,0,0,0,0,0,0.0301369863013699,0,0,0.0589285714285714,0.0157142857142857,0,0,0,0,0.023379635199408,0,0,0.275000000000001,0.0275000000000001,0,0,0,0,0.0333333333333339,0,0.0916666666666669,0.16615185546167
0,0,0,0.110000000000001,0,0,0,0.139737811518916,0.0275,0,0,0.120312500000001,0,0,0.330363986764023,0,0,0,0,0,0,0.0511627906976744,0,0,0,0,0,0,0,0,0,0,0,0,0,0,0,0.0611111111111111,0,0,0,0,0.12646993301458,0,0,0,0,0,0,0,0,0,0,0.00753424657534247,0,0,0.117857142857143,0.0942857142857141,0,0,0,0,0.0626582278481011,0,0.1,0.183333333333333,0,0,0,0,0,0.0333333333333339,0,0.434948100788553,0.556682750193834
0,0,0,0,0,0,0,0.00526315789473684,0,0,0,0,0,0,0,0,0,0,0,0,0,0,0,0,0,0,0,0,0,0,0,0,0,0,0,0,0,0,0,0,0,0,0,0,0,0,0,0,0,0,0,0,0,0,0,0,0,0,0,0,0,0,0,0,0,0,0,0,0,0,0,0,0,0,0
0,0,0,0,0,0,0,0.00789473684210525,0,0,0,0,0,0,0,0,0,0,0,0,0,0,0,0,0,0,0,0,0,0,0,0,0,0,0,0.0351063829787235,0,0,0,0,0,0,0.0781745930220386,0,0,0,0,0,0,0,0,0,0,0,0,0,0,0.0640659005139004,0,0,0,0,0.0139240506329114,0,0,0,0,0,0,0,0,0,0,0.0305555555555556,0
0,0,0,0,0,0,0,0,0,0,0,0,0,0,0,0,0,0,0,0,0,0,0,0,0,0,0,0,0,0,0,0,0,0,0,0,0,0,0,0,0,0,0,0,0,0,0,0,0,0,0,0,0,0,0,0,0,0,0,0,0,0,0,0,0,0,0,0,0,0,0,0,0,0,0
0,0,0,0,0,0,0,0.0654630454739764,0,0,0,0,0,0,0.0289473684210527,0,0,0,0,0,0,0,0,0,0,0,0,0,0,0,0,0,0,0,0,0,0,0,0,0,0,0,0,0,0,0,0,0,0,0,0,0,0,0,0,0,0,0,0,0,0,0,0.0139240506329114,0,0,0,0,0,0,0,0,0,0,0,0
0,0,0,0.430507516244732,0,0,0,0.329989604585294,0.0825,0,0,0,0,0,0.446275697662584,0,0,0,0.219403617918228,0,0,0.195445140697137,0,0,0,0,0,0,0,0,0.366944056928286,0,0.231578947368421,0.35442912246912,0,0,0,0.338824201733343,0.0413385826771655,0,0,0,0.357336911392418,0,0,0,0,0.538664803896128,0,0,0,0.470665517863609,0,0.207729157828116,0,0,0.180650308615814,0.219440776527016,0,0,0,0,0.119572503083143,0.22,0.200000000000001,0.0916666666666669,0.1925,0,0.220000000000001,0.122222222222222,0,0,0,0.403997086914469,0.531294769126587
0,0,0,0,0,0,0,0,0,0,0,0,0,0,0,0,0,0,0,0,0,0,0,0,0,0,0,0,0,0,0,0,0,0,0,0,0,0,0,0,0,0,0,0,0,0,0,0,0,0,0,0,0,0,0,0,0,0,0,0,0,0,0,0,0,0,0,0,0,0,0,0,0,0,0
0,0,0,0.0100792466345086,0,0,0,0.0487849330598535,0,0,0,0.0468982630272954,0,0,0.0267615842251007,0,0,0,0.0602859287514396,0,0,0.0515508988494573,0,0,0,0,0,0,0,0,0,0,0,0.0464959570486526,0,0.143684210526316,0,0.106067313255993,0.102312992125984,0,0,0,0.0566612024914971,0,0,0,0,0.0345730379637343,0,0,0,0.0820566399845699,0,0.0580870016769798,0,0,0.0388881812612412,0.0811310722205697,0,0,0,0,0.0198499782826568,0,0,0,0,0,0,0,0,0.100434782608695,0.052631578947368,0.0557672834847278,0.0682081710789766
0,0,0,0,0,0,0,0.0131578947368421,0,0,0,0,0,0,0,0,0,0,0,0,0,0.012979542960716,0,0,0,0,0,0,0,0,0,0,0,0,0,0.0117021276595745,0,0,0,0,0,0,0.0239130434782609,0,0,0,0,0,0,0,0,0,0,0.0150684931506849,0,0,0.0785714285714287,0,0,0,0,0,0.0139240506329114,0,0,0,0,0,0,0,0,0,0,0,0
0,0,0,0.497453735200794,0,0,0,0.9,0.2475,0,0,0.8140625,0,0.499999999999999,0.761588508443848,0,0,0,0.229887396650953,0,0,0.627923399682874,0,0,0,0,0,0,0,0,0.693201160897077,0,0.864496574487184,0.679654778829569,0,0.37210974244121,0.55,0.777777777777778,0,0.11,0,0,0.215864873837001,0,0,0,0,0.429739100789695,0,0,0,0.253846153846154,0,0.884487542423233,0,0.510714285714287,0.9,0.599260902622704,0,0,0,0,0.9,0.38038231342372,0.349999999999999,0.458333333333334,0.9,0,0.330000000000001,0.488888888888888,0,0.808913043478261,0.886842105263156,0.14373200665201,0.833272515484958
0,0,0,0,0,0,0,0.0578947368421054,0,0,0,0,0,0,0.531191450465318,0,0,0,0.0916666666666669,0,0,0.0127906976744186,0,0,0,0,0,0,0,0,0,0,0,0,0,0,0,0.0379600068720786,0,0,0,0,0.332263483614085,0,0,0,0,0,0,0,0,0.253846153846154,0,0,0,0,0,0.0157142857142857,0,0,0,0,0.0139240506329114,0,0,0.458333333333334,0,0,0,0,0,0,0,0.246055855413591,0.310006240238216
0,0,0,0,0,0,0,0.00263157894736843,0,0,0,0,0,0,0,0,0,0,0,0,0,0,0,0,0,0,0,0,0,0,0,0,0,0,0,0,0,0,0,0,0,0,0.0239130434782609,0,0,0,0,0,0,0,0,0,0,0,0,0,0,0,0,0,0,0,0,0,0.0500000000000001,0,0,0,0,0,0,0,0,0,0
0,0,0,0.055,0,0,0,0.0478898017431652,0,0,0,0.0343750000000001,0,0.0999999999999995,0.271542479097761,0,0,0,0,0,0,0.186483370229326,0,0,0,0,0,0,0,0,0.0970588235294117,0,0.0289473684210527,0.200283626698021,0,0,0,0,0,0,0,0,0.0717391304347828,0,0,0,0,0,0,0,0,0,0,0,0,0,0.0392857142857143,0.0157142857142857,0,0,0,0,0.0765822784810127,0,0.0500000000000001,0,0,0,0,0,0,0,0,0.193529170010844,0.235714285714286
0,0,0,0,0,0,0,0.00789473684210525,0.0275,0,0,0,0,0,0,0,0,0,0,0,0,0,0,0,0,0,0,0,0,0,0,0,0,0.088,0,0,0,0.0611111111111111,0,0,0,0,0,0,0,0,0,0,0,0,0,0,0,0.0226027397260273,0,0,0,0.0456799358418307,0,0,0,0,0.00696202531645572,0,0,0.0916666666666669,0,0,0,0,0,0,0,0.137446774727103,0
0,0,0,0,0,0,0,0.00526315789473684,0,0,0,0,0,0,0,0,0,0,0,0,0,0,0,0,0,0,0,0,0,0,0,0,0,0,0,0,0,0,0,0,0,0,0,0,0,0,0,0,0,0,0,0,0,0,0,0,0,0,0,0,0,0,0.0139240506329114,0,0,0,0,0,0,0,0,0,0,0,0
0,0,0,0,0,0,0,0,0,0,0,0,0,0,0,0,0,0,0,0,0,0,0,0,0,0,0,0,0,0,0,0,0,0,0,0,0,0,0,0,0,0,0,0,0,0,0,0,0,0,0,0,0,0,0,0,0,0,0,0,0,0,0,0,0,0,0,0,0,0,0,0,0,0,0
0,0,0,0,0,0,0,0,0,0,0,0,0,0,0,0,0,0,0,0,0,0,0,0,0,0,0,0,0,0,0,0,0,0,0,0,0,0,0,0,0,0,0,0,0,0,0,0,0,0,0,0,0,0,0,0,0,0,0,0,0,0,0,0,0,0,0,0,0,0,0,0,0,0,0
0,0,0,0,0,0,0,0,0,0,0,0,0,0,0,0,0,0,0,0,0,0,0,0,0,0,0,0,0,0,0,0,0,0,0,0,0,0,0,0,0,0,0,0,0,0,0,0,0,0,0,0,0,0,0,0,0,0,0,0,0,0,0,0,0,0,0,0,0,0,0,0,0,0,0
0,0,0,0,0,0,0,0.00526315789473684,0,0,0,0,0,0,0,0,0,0,0,0,0,0,0,0,0,0,0,0,0,0,0,0,0,0,0,0,0,0,0,0,0,0,0.0239130434782609,0,0,0,0,0,0,0,0,0,0,0,0,0,0,0,0,0,0,0,0,0,0,0,0,0,0,0,0,0,0,0,0
0,0,0,0,0,0,0,0,0,0,0,0,0,0,0,0,0,0,0,0,0,0,0,0,0,0,0,0,0,0,0,0,0,0,0,0,0,0,0,0,0,0,0,0,0,0,0,0,0,0,0,0,0,0,0,0,0,0,0,0,0,0,0,0,0,0,0,0,0,0,0,0,0,0,0
0,0,0,0,0,0,0,0,0,0,0,0.0625310173697272,0,0,0.00721660698204964,0,0,0,0,0,0,0,0,0,0,0,0,0,0,0,0,0,0,0,0,0,0,0,0.045472440944882,0,0,0,0,0,0,0,0,0,0,0,0,0,0,0.014521750419245,0,0,0,0.0135847376741419,0,0,0,0,0,0,0.0203330677981208,0,0,0,0,0,0,0,0.131578947368421,0,0.0102312256618465
0,0,0,0,0,0,0,0.0138158657365988,0,0,0,0,0,0,0.0289473684210527,0,0,0,0,0,0,0,0,0,0,0,0,0,0,0,0,0,0,0,0,0,0,0,0,0,0,0,0.0239130434782609,0,0,0,0,0,0,0,0,0,0,0,0,0,0,0,0,0,0,0,0.0139240506329114,0,0,0,0,0,0,0,0,0,0,0,0
0,0,0,0,0,0,0,0.0157894736842105,0,0,0,0,0,0,0,0,0,0,0,0,0,0,0,0,0,0,0,0,0,0,0,0,0,0,0,0.023404255319149,0,0,0,0,0,0,0,0,0,0,0,0,0,0,0,0,0,0.0150684931506849,0,0,0,0,0,0,0,0,0.0206673385226637,0,0,0,0,0,0,0,0,0,0,0,0
