0,0,0,0,0,0,0,0.000951530612244898,0,0,0,0,0,0,0,0,0,0,0,0,0,0,0,0,0,0,0,0,0,0,0,0,0,0,0,0,0,0,0,0,0,0,0,0,0,0,0,0,0,0,0,0,0,0,0,0,0,0,0,0,0,0,0,0,0,0.0310833333333334,0,0,0,0,0,0,0,0,0
0,0,0,0,0,0,0,0.000951530612244898,0,0,0,0,0,0,0,0,0,0,0,0,0,0,0,0,0,0,0,0,0,0,0,0,0,0,0,0,0,0,0,0,0,0,0,0,0,0,0,0,0,0,0,0,0,0,0,0,0.0337674437450618,0,0,0,0,0,0,0,0,0,0,0,0,0,0,0,0,0,0
0,0,0,0,0,0,0,0,0,0,0,0,0,0,0,0,0,0,0,0,0,0,0,0,0,0,0,0,0,0,0,0,0,0,0,0,0,0,0,0,0,0,0,0,0,0,0,0,0,0,0,0,0,0,0,0,0,0,0,0,0,0,0,0,0,0,0,0,0,0,0,0,0,0,0
0,0,0,0,0,0,0,0.000951530612244898,0,0,0,0,0,0,0,0,0,0,0,0,0,0,0,0,0,0,0,0,0,0,0,0,0,0,0,0,0,0,0,0,0,0,0,0,0,0,0,0,0,0,0,0,0,0,0,0,0,0,0,0,0,0,0.00540579710144927,0,0,0,0,0,0,0,0,0,0,0.03496875,0.00601612903225806
0,0,0,0,0,0,0,0.0385056899928266,0,0,0,0,0,0,0.203475340509299,0,0,0,0,0,0,0,0,0,0,0,0,0,0,0,0,0,0,0.0481290322580645,0,0,0,0,0,0,0,0,0.156048293919784,0,0,0,0,0,0,0,0,0,0,0.0069074074074074,0,0,0,0,0,0,0,0,0.0189202898550725,0,0.0777083333333336,0,0,0,0,0,0,0,0,0.01165625,0.0180483870967742
0,0,0,0,0,0,0,0.00190306122448978,0,0,0,0,0,0,0,0,0,0,0,0,0,0,0,0,0,0,0,0,0,0,0,0,0,0,0,0,0,0,0,0,0,0,0.00810869565217389,0,0,0,0,0,0,0,0,0,0,0,0,0,0,0,0,0,0,0,0.00270289855072464,0,0,0,0,0,0,0,0,0,0,0,0
0,0,0,0,0,0,0,0,0,0,0,0.0502115384615386,0,0,0,0,0,0,0,0,0,0,0,0,0,0,0,0,0,0,0,0,0,0,0,0,0,0,0.0497333333333332,0,0,0,0,0,0,0,0,0,0,0,0,0,0,0,0,0,0,0,0,0,0,0,0.00270289855072464,0,0,0,0,0,0,0,0,0,0,0,0
0,0,0,0,0,0,0,0.00380612244897959,0,0,0,0,0,0,0,0,0,0,0,0,0,0,0,0,0,0,0,0,0,0,0,0,0,0,0,0,0,0,0,0,0,0,0,0,0,0,0,0,0,0,0,0,0,0,0,0,0,0,0,0,0,0,0.00540579710144927,0,0,0,0,0,0,0,0,0,0,0,0
0,0,0,0,0,0,0,0,0,0,0,0,0,0,0,0,0,0,0,0,0,0,0,0,0,0,0,0,0,0,0,0,0,0,0,0,0,0,0,0,0,0,0,0,0,0,0,0,0,0,0,0,0,0,0,0,0,0,0,0,0,0,0,0,0,0,0,0,0,0,0,0,0,0,0
0,0,0,0,0,0,0,0.0142729591836735,0,0,0,0.126667857390581,0,0,0.0261993917267809,0,0,0,0.0151216216216216,0,0,0.0550783916581037,0,0,0,0,0,0,0,0,0,0,0.0373,0.00601612903225806,0,0.425399435020773,0,0,0,0.286733296303521,0,0,0.130532361046175,0,0,0,0,0,0,0,0,0,0,0.0138148148148148,0,0,0.204836543599134,0.0155416666666667,0,0,0,0,0.0420983971072707,0,0.0310833333333334,0.0310833333333334,0.139875,0,0,0.0186500000000002,0,0.0937243463172376,0,0.0233125,0
0,0,0,0,0,0,0,0.0028545918367347,0,0,0,0,0,0,0.0584675231908382,0,0,0,0,0,0,0,0,0,0,0,0,0,0,0,0,0,0,0,0,0,0,0,0,0,0,0,0.00810869565217389,0,0,0,0,0,0,0,0,0,0,0,0,0,0,0,0,0,0,0,0.00270289855072464,0,0,0,0,0,0,0,0,0,0,0.165433958215956,0.142641799009533
0,0,0,0,0,0,0,0,0,0,0,0,0,0,0,0,0,0,0,0,0,0,0,0,0,0,0,0,0,0,0,0,0,0,0,0,0,0,0,0,0,0,0,0,0,0,0,0,0,0,0,0,0,0,0,0,0,0,0,0,0,0,0.00540579710144927,0,0,0,0,0,0,0,0,0,0,0,0
0,0,0,0,0,0,0,0.00190306122448978,0,0,0,0,0,0,0,0,0,0,0,0,0,0,0,0,0,0,0,0,0,0,0,0,0,0,0,0,0,0,0,0,0,0,0,0,0,0,0,0,0,0,0,0,0,0,0,0,0,0,0,0,0,0,0.00270289855072464,0,0,0,0,0,0,0,0,0,0,0,0
0,0,0,0.22352798189715,0,0,0,0.167710775384455,0.0789038461538461,0.00888095238095243,0,0.383754335159881,0,0.118681818181818,0.160675031468775,0,0,0,0.634476591882562,0,0,0.868717948717948,0,0,0,0,0,0,0,0,0.246760908180147,0,0.299351645268862,0.0240645161290322,0,0.141902173913043,0,0.105413043478261,0,0.708125846244303,0,0,0.178671651886382,0,0,0,0,0.0532857142857141,0,0,0,0.0133214285714285,0,0.616738680804638,0,0,0.351752190276245,0.289845674484864,0,0.108791666666668,0,0,0.636032470523279,0.10490625,0.108791666666667,0.1865,0.12821875,0,0.0466249999999996,0.1865,0,0.0138148148148147,0.32513023872679,0.0988908123589031,0.0180483870967742
0,0,0,0,0,0,0,0.0174601088568956,0,0,0,0,0,0.101727272727273,0,0,0,0,0.0365712412842845,0,0,0.0621666666666666,0,0,0,0,0,0,0,0,0.0279749999999998,0,0.142003070345367,0.00601612903225806,0,0,0,0,0,0,0,0,0.117683478601957,0,0,0,0,0,0,0,0,0,0,0.0396905857760733,0,0,0.279373584492318,0.187986865631211,0,0,0,0,0.0519046474571152,0,0.0932500000000002,0.0310833333333334,0.0233125000000002,0,0,0.0746,0,0,0,0,0.0120322580645161
0,0,0,0,0,0,0,0.00475765306122448,0,0,0,0,0,0,0.167393892459434,0,0,0,0,0,0,0,0,0,0,0,0,0,0,0,0,0,0,0,0,0,0,0,0,0,0,0,0.0687004068851655,0,0,0,0,0,0,0,0,0.106571428571428,0,0,0,0,0,0.0492205440266766,0,0,0,0,0.00810869565217391,0,0,0.0310833333333334,0,0,0,0,0,0,0,0.08159375,0.233933774573567
0,0,0,0,0,0,0,0.0543821598947158,0,0,0,0,0,0,0,0,0,0,0,0,0,0,0,0,0,0,0,0,0,0,0,0,0,0,0,0,0,0,0,0,0,0,0,0,0,0,0,0,0,0,0,0,0,0,0,0,0,0,0,0,0,0,0.0162173913043478,0,0,0,0.0233125000000002,0,0,0,0,0,0,0,0
0,0,0,0,0,0,0,0.00190306122448978,0,0,0,0,0,0,0,0,0,0,0,0,0,0,0,0,0,0,0,0,0,0,0,0,0,0,0,0,0,0,0,0,0,0,0,0,0,0,0,0,0,0,0,0,0,0,0,0,0,0.00518055555555556,0,0,0,0,0.00540579710144927,0,0,0,0,0,0,0,0,0,0,0,0
0,0,0,0,0,0,0,0.00901591967505683,0,0,0,0,0,0,0,0,0,0,0,0,0,0,0,0,0,0,0,0,0,0,0,0,0,0,0,0,0,0,0,0,0,0,0,0,0,0,0,0,0,0,0,0,0,0,0,0,0,0,0,0,0,0,0.0135144927536232,0,0,0,0,0,0,0,0,0,0,0,0
0,0,0,0,0,0,0,0.00405680396320872,0,0,0,0,0,0,0,0,0,0,0,0,0,0,0,0,0,0,0,0,0,0,0,0,0,0,0,0,0,0,0,0,0,0,0,0,0,0,0,0,0,0,0,0,0,0,0,0,0,0,0,0,0,0,0.00540579710144927,0,0,0,0,0,0,0,0,0,0,0,0
0,0,0,0,0,0,0,0.0256815943548446,0,0,0,0,0,0,0,0,0,0,0.0151216216216216,0,0,0.195960724705547,0,0,0,0,0,0,0,0,0,0,0.0745999999999998,0,0,0.0243260869565216,0,0.0162173913043478,0,0,0,0,0.189650709317671,0,0,0,0,0,0,0,0,0,0,0.111537971824966,0,0,0.0532416482428392,0.024546413228812,0,0,0,0,0.023352163260249,0,0,0,0.03496875,0,0,0.05595,0,0,0,0,0
0,0,0,0,0,0,0,0.00190306122448978,0,0,0,0,0,0,0,0,0,0,0,0,0,0,0,0,0,0,0,0,0,0,0,0,0,0,0,0,0,0,0,0,0,0,0,0,0,0,0,0,0,0,0,0,0,0,0,0,0,0,0,0,0,0,0.00270289855072464,0,0,0,0,0,0,0,0,0,0,0,0
0,0,0,0,0,0,0,0.00190306122448978,0,0,0,0,0,0,0,0,0,0,0,0,0,0,0,0,0,0,0,0,0,0,0,0,0.00932500000000002,0,0,0,0,0,0,0,0,0,0,0,0,0,0,0,0,0,0,0,0,0,0,0,0.0240645161290322,0,0,0,0,0,0.00270289855072464,0,0,0,0,0,0,0.0186500000000002,0,0,0,0,0
0,0,0,0.0372999999999998,0,0,0,0,0,0,0,0,0,0,0,0,0,0,0,0,0,0,0,0,0,0,0,0,0,0,0,0,0,0,0,0,0,0,0,0,0,0,0,0,0,0,0,0,0,0,0,0,0,0,0,0,0,0,0,0,0,0,0,0,0,0,0,0,0,0,0,0,0,0,0
0,0,0,0,0,0,0,0.0028545918367347,0,0,0,0,0,0,0,0,0,0,0,0,0,0,0,0,0,0,0,0,0,0,0,0,0,0,0,0,0,0,0,0,0,0,0,0,0,0,0,0,0,0,0,0,0,0,0,0,0,0,0,0,0,0,0.00270289855072464,0,0,0,0,0,0,0,0,0,0,0,0
0,0,0,0,0,0,0,0.00380612244897959,0,0,0,0,0,0,0,0,0,0,0,0,0,0,0,0,0,0,0,0,0,0,0,0,0,0,0,0,0,0,0,0,0,0,0,0,0,0,0,0,0,0,0,0,0,0,0,0,0,0,0,0,0,0,0,0,0,0,0,0,0,0,0,0,0,0,0
0,0,0,0.0559499999999998,0,0,0,0.12546202122424,0,0,0,0,0,0,0.129457954246506,0,0,0,0.106305311982164,0,0,0.0530987820199299,0,0,0,0,0,0,0,0,0.0372999999999998,0,0.01865,0.0180483870967743,0,0,0,0.110895113456982,0,0,0,0,0.0844207360075955,0,0,0,0,0.193758915143578,0,0,0,0.173178571428571,0,0.154436689404414,0,0,0.0180483870967742,0.203274779335999,0,0,0,0,0.0351376811594202,0.0233125000000002,0.0621666666666668,0,0.05828125,0,0.0932499999999996,0,0,0,0,0.333566126323432,0.247896099475939
0,0,0,0,0,0,0,0,0,0,0,0,0,0,0,0,0,0,0,0,0,0,0,0,0,0,0,0,0,0,0,0,0,0,0,0,0,0,0,0,0,0,0,0,0,0,0,0,0,0,0,0,0,0,0,0,0,0,0,0,0,0,0,0,0,0,0,0,0,0,0,0,0,0,0
0,0,0,0,0,0,0,0.00190306122448978,0,0,0,0,0,0,0,0,0,0,0,0,0,0,0,0,0,0,0,0,0,0,0,0,0,0,0,0,0,0,0,0,0,0,0,0,0,0,0,0,0,0,0,0,0,0,0,0,0,0.00518055555555556,0,0,0,0,0.00540579710144927,0,0,0,0,0,0,0,0,0,0,0,0
0,0,0,0,0,0,0,0.0114183673469388,0,0,0,0,0,0,0.01865,0,0,0,0,0,0,0,0,0,0,0,0,0,0,0,0,0,0,0,0,0,0,0,0,0,0,0,0,0,0,0,0,0,0,0,0,0,0,0,0,0,0,0,0,0,0,0,0.00270289855072464,0,0,0,0,0,0,0,0,0,0,0,0
0,0,0,0,0,0,0,0.0983541030917278,0,0,0,0.157479243254491,0,0.169545454545455,0.0745999999999998,0,0,0,0.0151216216216216,0,0,0.0334743589743589,0,0,0,0,0,0,0,0,0.0279749999999998,0,0.205676761632054,0.0180483870967743,0,0.804576086956522,0,0.0810869565217391,0.180283333333333,0,0,0,0.467808999675892,0,0,0,0,0.0532857142857141,0,0,0,0.133214285714286,0,0.0138148148148148,0,0,0.375453543319206,0.0103611111111111,0,0,0,0,0.155221384272964,0.0233125000000002,0.0777083333333336,0.124333333333334,0.05828125,0,0,0.1119,0,0.79839490217196,0,0,0.00601612903225806
0,0,0,0,0,0,0,0.0104668367346939,0,0,0,0,0,0,0,0,0,0,0,0,0,0,0,0,0,0,0,0,0,0,0,0,0,0,0,0,0,0,0,0,0,0,0,0,0,0,0,0,0,0,0,0,0,0,0,0,0,0.00518055555555556,0,0,0,0,0.00540579710144927,0,0,0,0,0,0,0,0,0,0,0,0
0,0,0,0,0,0,0,0,0,0,0,0,0,0,0,0,0,0,0,0,0,0,0,0,0,0,0,0,0,0,0,0,0,0,0,0,0,0,0,0,0,0,0,0,0,0,0,0,0,0,0,0,0,0,0,0,0,0,0,0,0,0,0,0,0,0,0,0,0,0,0,0,0,0,0
0,0,0,0.01865,0,0,0,0.0736782309444228,0.00717307692307693,0,0,0.074337240757439,0,0,0.217547067874117,0,0,0,0.513760286285028,0,0,0.019128205128205,0,0,0,0,0,0,0,0,0,0,0.115502664997805,0,0,0,0,0.135848942803484,0,0,0,0,0.110261024135757,0,0,0,0,0,0,0,0,0.159857142857143,0,0.298027755425636,0,0,0.00601612903225806,0.401837267633379,0,0,0,0,0.029609293180034,0,0,0,0.01165625,0,0,0,0,0.235785735654879,0,0.71191065686108,0.593195286260405
0,0,0,0,0,0,0,0.00190306122448978,0,0,0,0,0,0,0,0,0,0,0,0,0,0,0,0,0,0,0,0,0,0,0,0,0,0,0,0,0,0,0,0,0,0,0,0,0,0,0,0,0,0,0,0,0,0,0,0,0,0,0,0,0,0,0.00540579710144927,0,0,0,0,0,0,0,0,0,0,0,0
0,0,0,0,0,0,0,0.0028545918367347,0,0,0,0,0,0,0,0,0,0,0,0,0,0,0,0,0,0,0,0,0,0,0,0,0,0,0,0,0,0,0,0,0,0,0,0,0,0,0,0,0,0,0,0,0,0,0,0,0,0,0,0,0,0,0,0,0,0,0,0,0,0,0,0,0,0,0
0,0,0,0,0,0,0,0.00190306122448978,0,0,0,0,0,0,0,0,0,0,0,0,0,0,0,0,0,0,0,0,0,0,0,0,0,0,0,0,0,0,0,0,0,0,0,0,0,0,0,0,0,0,0,0,0,0,0,0,0,0,0,0,0,0,0.00810869565217391,0,0,0,0,0,0,0,0,0,0,0,0
0,0,0,0.0746,0,0,0,0.101395281967009,0.0573846153846154,0.177619047619048,0,0,0,0.0339090909090909,0.212426933968948,0,0,0,0.544528110096982,0,0,0.386990766071429,0,0,0,0,0,0,0,0,0.253326954299997,0,0.236840026962778,0.0721935483870969,0,0.0202717391304346,0,0.123653290757978,0,0,0,0,0.1438612425964,0,0,0,0,0.0532857142857141,0,0,0,0,0,0.587663476962509,0,0,0.285803761631606,0.0264841346897724,0,0.1865,0,0,0.203202385245723,0.15153125,0.124333333333333,0.0932500000000002,0.0233125000000002,0,0.1865,0.16785,0,0,0.0900344827586208,0.115350946116976,0.236404879550354
0,0,0,0,0,0,0,0.00190306122448978,0,0,0,0,0,0,0,0,0,0,0,0,0,0,0,0,0,0,0,0,0,0,0,0,0,0,0,0,0,0,0,0,0,0,0,0,0,0,0,0,0,0,0,0,0,0,0,0,0,0,0,0,0,0,0.00810869565217391,0,0,0,0,0,0,0,0,0,0,0,0
0,0,0,0,0,0,0,0.00190306122448978,0,0,0,0,0,0,0,0,0,0,0,0,0,0,0,0,0,0,0,0,0,0,0,0,0,0,0,0,0,0,0,0,0,0,0,0,0,0,0,0,0,0,0,0,0,0,0,0,0,0,0,0,0,0,0.00270289855072464,0,0.0155416666666667,0,0,0,0,0,0,0,0,0,0
0,0,0,0,0,0,0,0.00190306122448978,0,0,0,0,0,0,0,0,0,0,0,0,0,0,0,0,0,0,0,0,0,0,0,0,0,0,0,0,0,0,0,0,0,0,0,0,0,0,0,0,0,0,0,0,0,0,0,0,0,0,0,0,0,0,0,0,0,0,0,0,0,0,0,0,0,0,0
0,0,0,0,0,0,0,0.00666071428571426,0,0,0,0,0,0,0,0,0,0,0.00504054054054055,0,0,0.0239102564102564,0,0,0,0,0,0,0,0,0,0,0,0,0,0.0761010346926357,0,0,0,0,0,0,0.00810869565217389,0,0,0,0,0,0,0,0,0,0,0.00230246913580247,0,0,0,0.0368196198432179,0,0,0,0,0.00810869565217391,0,0.0466250000000002,0,0.01165625,0,0,0,0,0,0,0,0
0,0,0,0.37956077161097,0,0,0,0.152264132349839,0.1865,0.00888095238095243,0,0.295788600263578,0,0.118681818181818,0.205159727509645,0,0,0,0.163156187989825,0,0,0.149032481996418,0,0,0,0,0,0,0,0,0.836199999999999,0,0.046625,0.36478335777551,0,0.243890682473736,0,0.700330693193348,0.218287702265372,0.180183631126526,0,0,0.368466410794475,0,0,0,0,0.133214285714286,0,0,0,0.146535714285714,0,0.238277937653834,0,0,0.195986355617572,0.8735,0,0.139875000000001,0,0,0.283356966336801,0.139875,0.124333333333333,0.124333333333334,0.09325,0,0.1865,0.05595,0,0.578760426015676,0.0836034482758622,0.8735,0.244355470737491
0,0,0,0,0,0,0,0.00997310431920761,0,0,0,0,0,0,0,0,0,0,0,0,0,0,0,0,0,0,0,0,0,0,0,0,0,0,0,0.0121630434782606,0,0,0,0,0,0,0,0,0,0,0,0,0,0,0,0,0,0,0,0,0,0,0,0,0,0,0.00540579710144927,0,0,0.0310833333333334,0,0,0,0,0,0,0,0,0
0,0,0,0,0,0,0,0.0090344885265875,0,0,0,0,0,0,0.0635470595000206,0,0,0,0,0,0,0,0,0,0,0,0,0,0,0,0,0,0,0,0,0.111343684670142,0,0,0,0,0,0,0.0243260869565218,0,0,0,0,0,0,0,0,0,0,0,0,0,0,0,0,0,0,0,0.00540579710144927,0,0,0,0,0,0,0,0,0,0,0.0233125,0
0,0,0,0,0,0,0,0.00190306122448978,0,0,0,0,0,0,0,0,0,0,0,0,0,0,0,0,0,0,0,0,0,0,0,0,0,0,0,0,0,0,0,0,0,0,0,0,0,0,0,0,0,0,0,0,0,0,0,0,0,0,0,0,0,0,0,0,0.0155416666666667,0,0,0,0,0,0,0,0,0,0
0,0,0,0,0,0,0,0.00190306122448978,0,0,0,0,0,0,0,0,0,0,0,0,0,0,0,0,0,0,0,0,0,0,0,0,0,0,0,0,0,0,0,0,0,0,0,0,0,0,0,0,0,0,0,0,0,0,0,0,0,0,0,0,0,0,0,0,0,0,0,0,0,0,0,0,0,0.01165625,0
0,0,0,0.0372999999999998,0,0,0,0.0228567302572421,0,0,0,0,0,0,0.0977916876458501,0,0,0,0,0,0,0.100919294840443,0,0,0,0,0,0,0,0,0.0186499999999999,0,0.00932500000000002,0,0,0,0,0.00810869565217393,0,0,0,0,0.0243260869565218,0,0,0,0,0,0,0,0,0,0,0,0,0,0,0.0483897333969424,0,0,0,0,0.0135144927536232,0,0,0.0932500000000002,0.01165625,0,0,0,0,0,0,0.207519995107853,0.0352804334531702
0,0,0,0,0,0,0,0.0028545918367347,0,0,0,0,0,0,0,0,0,0,0,0,0,0,0,0,0,0,0,0,0,0,0,0,0,0,0,0,0,0,0,0,0,0,0,0,0,0,0,0,0,0,0,0,0,0,0,0,0,0,0,0,0,0,0,0,0,0,0,0,0,0,0,0,0,0,0
0,0,0,0,0,0,0,0.000951530612244898,0,0,0,0,0,0,0,0,0,0,0,0,0,0,0,0,0,0,0,0,0,0,0,0,0,0,0,0,0,0,0,0,0,0,0,0,0,0,0,0,0,0,0,0,0,0,0,0,0,0,0,0,0,0,0,0,0,0,0,0,0,0,0,0,0,0,0
0,0,0,0,0,0,0,0.00190306122448978,0,0,0,0,0,0,0,0,0,0,0,0,0,0.0143461538461538,0,0,0,0,0,0,0,0,0,0,0,0,0,0.00405434782608699,0,0,0,0,0,0,0,0,0,0,0,0,0,0,0,0,0,0,0,0,0,0,0,0,0,0,0.0214777141221769,0,0,0,0,0,0,0,0,0,0,0,0
0,0,0,0,0,0,0,0.0197446373214455,0,0,0,0.0669035166816953,0,0,0.01865,0,0,0,0.0201621621621621,0,0,0.00956410256410255,0,0,0,0,0,0,0,0,0,0,0,0,0,0,0,0.0264259664174428,0.218601618122977,0,0,0,0,0,0,0,0,0,0,0,0,0,0,0.0665222393682278,0,0,0.0721935483870967,0.041386599295626,0,0,0,0,0.0577417985594568,0,0.0932500000000002,0.0621666666666666,0.05828125,0,0,0,0,0,0.216417771883289,0.024548667026869,0
0,0,0,0,0,0,0,0,0,0,0,0,0,0,0,0,0,0,0,0,0,0,0,0,0,0,0,0,0,0,0,0,0,0,0,0,0,0,0,0,0,0,0,0,0,0,0,0,0,0,0,0,0,0,0,0,0,0,0,0,0,0,0,0,0,0,0,0,0,0,0,0,0,0,0
0,0,0,0.01865,0,0,0,0.1922861471899,0,0.106571428571428,0,0,0,0.0678181818181817,0.8735,0,0,0,0.127134419788968,0,0,0.0506491940100843,0,0,0,0,0,0,0,0,0.0652749999999996,0,0,0.13406938679441,0,0,0,0.0162173913043478,0,0,0,0,0.793170340564228,0,0,0,0,0,0,0,0,0,0,0.0276296296296296,0,0,0,0.138918552658481,0,0,0,0,0.019248099326343,0,0,0.0932500000000002,0,0,0,0,0,0.381308233111948,0,0.150537598001167,0.359245817447751
0,0,0,0,0,0,0,0.00951530612244898,0,0,0,0,0,0,0,0,0,0,0,0,0,0,0,0,0,0,0,0,0,0,0,0,0,0,0,0,0,0,0,0,0,0,0,0,0,0,0,0,0,0,0,0,0,0,0,0,0.0180483870967742,0.0103611111111111,0,0,0,0,0.0162173913043478,0,0,0,0,0,0,0,0,0,0,0,0
0,0,0,0.01865,0,0,0,0.0736375947016489,0.00717307692307693,0,0,0.0358653846153847,0,0,0.0292690996563869,0,0,0,0.209572623031466,0,0,0.0956410256410257,0,0,0,0,0,0,0,0,0,0,0,0,0,0,0,0.0162173913043478,0,0,0,0,0.0162173913043478,0,0,0,0,0.159908364021043,0,0,0,0,0,0.105366418075613,0,0,0.0510280719553129,0.237467659937317,0,0,0,0,0.0405434782608695,0.0116562500000001,0.0621666666666668,0,0.1631875,0,0,0.09325,0,0,0,0.01165625,0.0120322580645161
0,0,0,0.0372999999999998,0,0,0,0.0223202771788447,0.100423076923077,0,0,0,0,0,0.0178285984018072,0,0,0,0.182560992230472,0,0,0.246079299058708,0,0,0,0,0,0,0,0,0,0,0.136940129869582,0,0,0,0,0,0.351708737864077,0,0,0,0,0,0,0,0,0,0,0,0,0,0,0.164114001488043,0,0,0.313385010608282,0.113715061791098,0,0,0,0,0.055314875351721,0,0.0155416666666667,0.0310833333333334,0,0,0,0,0,0,0,0,0.0120322580645161
0,0,0,0,0,0,0,0.00596022945720344,0,0,0,0,0,0,0,0,0,0,0,0,0,0,0,0,0,0,0,0,0,0,0,0,0,0,0,0,0,0,0,0,0,0,0,0,0,0,0,0,0,0,0,0,0,0,0,0,0,0,0,0,0,0,0,0,0,0,0,0,0,0,0,0,0,0,0
0,0,0,0,0,0,0,0.00190306122448978,0,0,0,0,0,0,0,0,0,0,0,0,0,0,0,0,0,0,0,0,0,0,0,0,0,0,0,0,0,0,0,0,0,0,0,0,0,0,0,0,0,0,0,0,0,0,0,0,0,0,0,0,0,0,0,0,0,0,0,0,0,0,0,0,0,0,0
0,0,0,0,0,0,0,0.00785518455441293,0,0,0,0,0,0,0.0963328602252107,0,0,0,0,0,0,0,0,0,0,0,0,0,0,0,0,0,0,0,0,0,0,0,0,0,0,0,0.0486521739130436,0,0,0,0,0,0,0,0,0,0,0,0,0,0,0,0,0,0,0,0,0,0.0466250000000002,0,0,0,0,0,0,0.0138148148148147,0,0.01165625,0
0,0,0,0,0,0,0,0.0180922576111848,0,0,0,0,0,0,0.027975,0,0,0,0,0,0,0,0,0,0,0,0,0,0,0,0,0,0,0,0,0,0,0,0,0,0,0,0.0243260869565218,0,0,0,0,0,0,0,0,0,0,0,0,0,0,0,0,0,0,0,0.00540579710144927,0,0,0,0,0,0,0,0,0,0,0.0233125,0
0,0,0,0.0746,0,0,0,0.00380612244897959,0,0,0,0,0,0,0.13083011328759,0,0,0,0,0,0,0,0,0,0,0,0,0,0,0,0,0,0.00932500000000002,0.0902419354838711,0,0,0,0.00810869565217393,0.05595,0,0,0,0.104012355314408,0,0,0,0,0.0799285714285713,0,0,0,0,0,0.0138148148148148,0,0,0,0.0569861111111112,0,0,0,0,0.0108115942028985,0.0932500000000002,0.0621666666666668,0.124333333333334,0,0,0,0,0,0.0138148148148147,0.00643103448275861,0.10490625,0.0445132410670362
0,0,0,0,0,0,0,0,0,0,0,0,0,0,0,0,0,0,0,0,0,0,0,0,0,0,0,0,0,0,0,0,0,0,0,0,0,0,0,0,0,0,0,0,0,0,0,0,0,0,0,0,0,0,0,0,0,0,0,0,0,0,0,0,0,0,0,0,0,0,0,0,0,0,0
0,0,0,0,0,0,0,0.0139853958011977,0,0,0,0,0,0,0,0,0,0,0,0,0,0,0,0,0,0,0,0,0,0,0,0,0,0,0,0,0,0,0,0,0,0,0,0,0,0,0,0,0,0,0,0,0,0,0,0,0,0,0,0,0,0,0,0,0,0,0,0,0,0,0,0,0,0,0
0,0,0,0,0,0,0,0.0028545918367347,0,0,0,0,0,0,0,0,0,0,0,0,0,0.00478205128205126,0,0,0,0,0,0,0,0,0,0,0,0,0,0,0,0,0,0,0,0,0,0,0,0,0,0,0,0,0,0,0,0,0,0,0,0.00518055555555556,0,0,0,0,0,0,0,0,0,0,0,0,0,0,0,0,0
0,0,0,0.0508469754732521,0,0,0,0.139413179022303,0.0215192307692307,0,0,0.302244017479365,0,0.0169545454545456,0.0728863889858789,0,0,0,0.337152213473325,0,0,0.393960272106783,0,0,0,0,0,0,0,0,0.0372999999999998,0,0.11257559575492,0.0459142198457742,0,0.399530432136335,0,0.163456583785313,0.34419207119741,0.533349753652808,0,0,0.156940797756591,0,0,0,0,0,0,0,0,0.133214285714286,0,0.0615281847157552,0,0,0.320857556750525,0.10201787440497,0,0,0,0,0.104448222665485,0.10490625,0.0621666666666668,0.124333333333334,0.17484375,0,0,0.1119,0,0,0.487079575596816,0.03496875,0.0240645161290322
0,0,0,0,0,0,0,0.0268196374877461,0.00717307692307693,0,0,0,0,0,0,0,0,0,0,0,0,0.0487792866828691,0,0,0,0,0,0,0,0,0,0,0,0,0,0,0,0,0,0,0,0,0.0663120878950389,0,0,0,0,0,0,0,0,0,0,0.0800392575817858,0,0,0.0300079619487032,0,0,0,0,0,0.0297318840579709,0,0,0,0.01165625,0,0,0,0,0,0,0,0
0,0,0,0,0,0,0,0.139530390192745,0,0,0,0,0,0,0.009325,0,0,0,0,0,0,0,0,0,0,0,0,0,0,0,0,0,0,0,0,0,0,0,0,0,0,0,0,0,0,0,0,0,0,0,0,0,0,0,0,0,0,0,0,0,0,0,0,0,0,0,0,0,0,0,0,0,0,0,0
0,0,0,0.0433503215144075,0,0,0,0.095108540061587,0,0,0,0.0557529305680794,0,0,0.044571496004518,0,0,0,0.0338844703354999,0,0,0,0,0,0,0,0,0,0,0,0.0880911142199274,0,0,0.0972403267967747,0,0,0,0.177367214247264,0.165080097087378,0,0,0,0.0357441936593029,0,0,0,0,0.119156983451266,0,0,0,0,0,0.0203204728219089,0,0,0,0.115132892817864,0,0,0,0,0.029426688575072,0,0,0,0,0,0,0,0,0.119864297253635,0.105692307692307,0.16791621701752,0.211092567865851
0,0,0,0,0,0,0,0.00190306122448978,0,0,0,0,0,0,0,0,0,0,0,0,0,0,0,0,0,0,0,0,0,0,0,0,0,0,0,0,0,0,0,0,0,0,0.00810869565217389,0,0,0,0,0,0,0,0,0,0,0,0,0,0,0,0,0,0,0,0,0,0,0,0,0,0,0,0,0,0,0.01165625,0
0,0,0,0.162310949204723,0,0,0,0.0941167239989614,0.0215192307692307,0,0,0,0,0,0.0347506579018277,0,0,0,0.0233588103070206,0,0,0,0,0,0,0,0,0,0,0,0.00932499999999994,0,0,0,0,0,0,0,0,0,0,0,0.0162173913043478,0,0,0,0,0,0,0,0,0,0,0.0421572258425097,0,0,0.158430323434591,0.166989437473143,0,0,0,0,0.0359273967935151,0,0,0,0,0,0,0,0,0,0,0.0605512614893017,0.187362942447243
0,0,0,0.20399448349672,0,0,0,0.141939129351883,0.0215192307692307,0,0,0.0557529305680794,0,0,0.280636546689713,0,0,0,0.656285365105155,0,0,0.833957466997364,0,0,0,0,0,0,0,0,0.00932499999999994,0,0.288762058904632,0.831387096774194,0,0.285378880097383,0,0.240023721827788,0.323861569579287,0,0,0,0.761455109509969,0,0,0,0,0.197218608253823,0,0,0,0,0,0.265047142542938,0,0,0.303568722634129,0.265682914177773,0,0,0,0,0.217115024576648,0.0233125000000002,0.0466250000000002,0.124333333333334,0.1631875,0,0.0466249999999996,0.13055,0,0.0138148148148147,0,0.124690078080984,0.136460987375292
0,0,0,0,0,0,0,0.0721211271267591,0,0,0,0,0,0,0.0307887471458704,0,0,0,0.102370707663395,0,0,0.313370930315674,0,0,0,0,0,0,0,0,0,0,0.167716741588919,0.205211107565967,0,0.114151552038953,0,0,0.122281553398058,0.289916877962739,0,0,0.152686107034669,0,0,0,0,0,0,0,0,0,0,0.135870642235318,0,0,0.0420129823339722,0.104115119440325,0,0,0,0,0.0858220053391446,0,0,0,0,0,0,0,0,0,0.105692307692307,0.134985823264824,0.0839827086252719
0,0,0,0,0,0,0,0.0028545918367347,0,0,0,0,0,0,0,0,0,0,0,0,0,0,0,0,0,0,0,0,0,0,0,0,0,0,0,0,0,0,0,0,0,0,0,0,0,0,0,0,0,0,0,0,0,0,0,0,0,0,0,0,0,0,0.00810869565217391,0,0,0,0,0,0,0,0,0,0,0,0
0,0,0,0,0,0,0,0.00190306122448978,0,0,0,0,0,0,0.009325,0,0,0,0,0,0,0,0,0,0,0,0,0,0,0,0,0,0,0,0,0,0,0,0,0,0,0,0.00810869565217389,0,0,0,0,0,0,0,0,0,0,0,0,0,0,0,0,0,0,0,0,0,0,0,0,0,0,0,0,0,0,0,0
0,0,0,0,0,0,0,0.0028545918367347,0,0,0,0,0,0,0,0,0,0,0,0,0,0,0,0,0,0,0,0,0,0,0,0,0,0,0,0,0,0,0,0,0,0,0,0,0,0,0,0,0,0,0,0,0,0,0,0,0,0,0,0,0,0,0,0,0,0,0,0,0,0,0,0,0,0,0
0,0,0,0.325379173638924,0.1265,0.1265,0.1265,0.53736343629032,0.205403846153846,0,0,0.1265,0,0.1265,0.345799652998653,0,0.1265,0.1265,0.410683123993152,0.1265,0,0.627726969847946,0.1265,0.1265,0.1265,0.1265,0.1265,0,0,0.1265,0.279072778554981,0.1265,0.707449415418615,0.144548387096774,0.1265,0.1265,0.1265,0.236015861669599,0.1265,0.466788350590357,0,0.1265,0.528631274438467,0,0.1265,0.1265,0,0.573729486762241,0.1265,0.1265,0.1265,0.1265,0,0.664779603014336,0.1265,0.1265,0.572680958804449,0.329091624944152,0.1265,0,0.1265,0,0.438542835836603,0.1265,0.1265,0.281916666666666,0.1498125,0.1265,0.21975,0.29435,0.1265,0.1265,0.1265,0.168431880744651,0.147166405245608
0,0,0,0,0,0,0,0.0028545918367347,0,0,0,0,0,0,0,0,0,0,0,0,0,0,0,0,0,0,0,0,0,0,0,0,0,0,0,0,0,0,0,0,0,0,0,0,0,0,0,0,0,0,0,0,0,0,0,0,0,0,0,0,0,0,0,0,0,0,0,0,0,0,0,0,0,0,0.00601612903225806
0,0,0,0,0,0,0,0.329815586324939,0,0,0,0,0,0,0.142125795553433,0,0,0,0.48562507656184,0,0,0.348307343161492,0,0,0,0,0,0,0,0,0.115307944320896,0,0,0.0248160833997199,0,0.17122732805843,0,0.369912294741106,0.183422330097087,0,0,0,0.254800565619562,0,0,0,0,0,0,0,0,0,0,0.248030525335452,0,0,0.0940979318417864,0.519626185289496,0,0,0,0,0.381749006309318,0,0,0,0,0,0,0,0,0.133182552504039,0,0.199049726995219,0.0457700831565198
0,0,0,0.01865,0,0,0,0.00190306122448978,0,0,0,0,0,0.0339090909090909,0.038162733104258,0,0,0,0,0,0,0,0,0,0,0,0,0,0,0,0,0,0,0,0,0,0,0,0,0,0,0,0.146291233546002,0,0,0,0,0,0,0,0,0,0,0,0,0,0,0.0206643770734038,0,0,0,0,0.00540579710144927,0,0,0,0,0,0.0466249999999996,0,0,0,0,0.0594380228903008,0.232642739382306
0,0,0,0,0,0,0,0.00190306122448978,0,0,0,0,0,0,0,0,0,0,0,0,0,0,0,0,0,0,0,0,0,0,0,0,0,0,0,0,0,0,0,0,0,0,0,0,0,0,0,0,0,0,0,0,0,0,0,0,0,0,0,0,0,0,0,0,0,0,0,0,0,0,0,0,0,0,0
0,0,0,0.13309152076799,0,0,0,0.180994360915647,0.0573846153846154,0,0,0,0,0.1865,0.246186210711047,0,0,0,0.852417924590358,0,0,0.629383879570585,0,0,0,0,0,0,0,0,0.276095029899662,0,0.632137082610583,0.308468838896345,0,0.268338471512874,0,0.210422210543228,0.24924854368932,0.531844836602417,0,0,0.312959100603029,0,0,0,0,0.168797853262645,0,0,0,0,0,0.623799983516353,0,0,0.248576791469915,0.376971868883136,0,0,0,0,0.291205878430747,0,0.170958333333333,0.0932500000000002,0.03496875,0,0.0466249999999996,0.16785,0,0.0967037037037036,0.0450172413793102,0.302119261813251,0.193400179235398
0,0,0,0,0,0,0,0.00951530612244898,0,0,0,0,0,0,0.0466250000000002,0,0,0,0,0,0,0,0,0,0,0,0,0,0,0,0,0,0,0,0,0.126314595517213,0,0,0,0,0,0,0,0,0,0,0,0,0,0,0,0,0,0,0,0,0,0,0,0,0,0,0,0,0,0,0,0,0,0,0,0,0,0,0
0,0,0,0.09325,0,0,0,0.116501583038169,0.00717307692307693,0,0,0.129115384615385,0,0.0847727272727273,0.0466250000000002,0,0,0,0.0252027027027027,0,0,0.0382564102564102,0,0,0,0,0,0,0,0,0.0698630788656208,0,0.0559499999999998,0.0481290322580645,0,0.0851413043478261,0,0.0456180533485785,0.0994666666666666,0,0,0,0.116575171077736,0,0,0,0,0.026642857142857,0,0,0,0.173178571428571,0,0.0631728065636409,0,0,0.224968948982324,0.0518055555555556,0,0,0,0,0.089195652173913,0.10490625,0.0621666666666668,0.124333333333334,0.0466249999999998,0,0,0.0186500000000002,0,0.0967037037037036,0.249467904509284,0.370527224410557,0.239639366006869
0,0,0,0,0,0,0,0.00761224489795919,0,0,0,0,0,0,0,0,0,0,0,0,0,0,0,0,0,0,0,0,0,0,0,0,0,0,0,0,0,0,0,0,0,0,0,0,0,0,0,0,0,0,0,0,0,0,0,0,0,0,0,0,0,0,0.00270289855072464,0,0,0,0,0,0,0,0,0,0,0,0
0,0,0,0,0,0,0,0.00475765306122448,0.00717307692307693,0,0,0,0,0,0,0,0,0,0,0,0,0.00478205128205126,0,0,0,0,0,0,0,0,0,0,0,0,0,0,0,0,0,0,0,0,0,0,0,0,0,0.026642857142857,0,0,0,0,0,0,0,0,0,0.00518055555555556,0,0,0,0,0.00810869565217391,0,0,0.0621666666666666,0,0,0,0,0,0,0,0.01165625,0
0,0,0,0,0,0,0,0.000951530612244898,0,0,0,0,0,0,0,0,0,0,0,0,0,0,0,0,0,0,0,0,0,0,0,0,0,0,0,0,0,0,0,0,0,0,0,0,0,0,0,0,0,0,0,0,0,0,0,0,0,0,0,0,0,0,0.00540579710144927,0,0,0,0,0,0,0,0,0,0,0,0
0,0,0,0,0,0,0,0.0028545918367347,0,0,0,0,0,0,0,0,0,0,0,0,0,0,0,0,0,0,0,0,0,0,0,0,0,0,0,0,0,0,0,0,0,0,0,0,0,0,0,0,0,0,0,0,0,0,0,0,0,0,0,0,0,0,0.00270289855072464,0,0,0,0,0,0,0,0,0,0,0,0.00601612903225806
0,0,0,0,0,0,0,0.00190306122448978,0,0,0,0,0,0,0.0221048304908015,0,0,0,0,0,0,0,0,0,0,0,0,0,0,0,0,0,0,0,0,0,0,0,0,0,0,0,0,0,0,0,0,0,0,0,0,0,0,0,0,0,0,0,0,0,0,0,0.00270289855072464,0,0,0,0,0,0,0,0,0,0,0,0
0,0,0,0,0,0,0,0.00475765306122448,0,0,0,0,0,0,0.009325,0,0,0,0,0,0,0,0,0,0,0,0,0,0,0,0,0,0,0,0,0,0,0,0,0,0,0,0.0162173913043478,0,0,0,0,0,0,0,0,0,0,0,0,0,0,0,0,0,0,0,0,0,0,0,0,0,0,0,0,0,0,0,0
0,0,0,0,0,0,0,0.00190306122448978,0.0358653846153846,0,0,0,0,0,0,0,0,0,0,0,0,0.0143461538461538,0,0,0,0,0,0,0,0,0,0,0.01865,0.0180483870967743,0,0,0,0,0,0,0,0,0,0,0,0,0,0,0,0,0,0,0,0.00920987654320987,0,0,0.0219085542770324,0.00518055555555556,0,0,0,0,0.0189202898550725,0,0.108791666666667,0,0,0,0,0.0186500000000002,0,0,0,0,0
0,0,0,0,0,0,0,0.00190306122448978,0,0,0,0,0,0,0,0,0,0,0,0,0,0,0,0,0,0,0,0,0,0,0,0,0,0,0,0.0243260869565216,0,0,0,0,0,0,0,0,0,0,0,0,0,0,0,0,0,0,0,0,0,0,0,0,0,0,0.00810869565217391,0,0,0,0,0,0,0,0,0,0,0,0
0,0,0,0,0,0,0,0.045968571134393,0,0,0,0,0,0,0.199865375213545,0,0,0,0.802932432432433,0,0,0.0239102564102564,0,0,0,0,0,0,0,0,0.0186499999999999,0,0,0.514285351317036,0,0,0,0.0866653638830674,0.328834142394821,0,0,0,0.180059368517494,0,0,0,0,0.820214285714286,0,0,0,0,0,0.0115123456790123,0,0,0.106171064076885,0.13862698090896,0,0,0,0,0.237322105095118,0,0.0777083333333336,0,0.05828125,0,0,0.0372999999999998,0,0,0.487359416445622,0.284198919515878,0.313474076516689
0,0,0,0.0688470161515735,0,0,0,0.0028545918367347,0.121942307692308,0,0,0,0,0,0,0,0,0,0,0,0,0,0,0,0,0,0,0,0,0,0,0,0,0,0,0,0,0,0,0,0,0,0,0,0,0,0,0,0,0,0,0,0,0,0,0,0,0,0,0,0,0,0.00810869565217391,0,0,0.0310833333333334,0.01165625,0,0,0,0,0,0,0.251769523823747,0
0,0,0,0.1492,0,0,0,0.0218852040816326,0.0286923076923077,0,0,0,0,0,0.0677925231908384,0,0,0,0,0,0,0,0,0,0,0,0,0,0,0,0,0,0,0,0,0,0,0,0,0.124964171535664,0,0,0.0162173913043478,0,0,0,0,0,0,0,0,0,0,0.0069074074074074,0,0,0.0120322580645161,0.0860960795772812,0,0,0,0,0.0108115942028985,0,0.0310833333333334,0,0.03496875,0,0,0,0,0,0,0.044272552053989,0.0593449495822026
0,0,0,0,0,0,0,0,0,0,0,0,0,0,0,0,0,0,0,0,0,0,0,0,0,0,0,0,0,0,0,0,0,0,0,0,0,0,0,0,0,0,0,0,0,0,0,0,0,0,0,0,0,0,0,0,0,0.0812177771040749,0,0,0,0,0,0,0,0,0,0,0,0,0,0,0,0,0
0,0,0,0.01865,0,0,0,0.00475765306122448,0,0,0,0,0,0,0.027975,0,0,0,0,0,0,0.019128205128205,0,0,0,0,0,0,0,0,0,0,0,0,0,0,0,0,0,0,0,0,0.0729782608695656,0,0,0,0,0,0,0,0,0,0,0.00230246913580247,0,0,0,0,0,0,0,0,0,0,0.0155416666666667,0.0932500000000002,0,0,0,0,0,0,0,0.0804334048543083,0.34152594591755
0,0,0,0,0,0,0,0.0363426470970991,0.00717307692307693,0,0,0,0,0,0.173273350595156,0,0,0,0.00504054054054055,0,0,0.0286923076923077,0,0,0,0,0,0,0,0,0,0,0.13055,0,0,0,0,0,0,0,0,0,0,0,0,0,0,0,0,0,0,0,0,0.0253271604938271,0,0,0.165272725147586,0,0,0,0,0,0.0163116747670195,0,0,0,0,0,0,0,0,0,0,0,0
0,0,0,0,0,0,0,0.0028545918367347,0,0,0,0,0,0,0,0,0,0,0,0,0,0,0,0,0,0,0,0,0,0,0,0,0,0,0,0.0121630434782606,0,0,0,0,0,0,0,0,0,0,0,0,0,0,0,0,0,0.00230246913580247,0,0,0,0,0,0,0,0,0,0,0,0,0,0,0,0,0,0,0,0,0
0,0,0,0,0,0,0,0.00711285845056704,0,0,0,0,0,0,0,0,0,0,0,0,0,0,0,0,0,0,0,0,0,0,0,0,0,0,0,0,0,0,0.147661165048543,0,0,0,0.0309721700918659,0,0,0,0,0,0,0,0,0,0,0,0,0,0,0,0,0,0,0,0.0270289855072464,0,0,0,0,0,0,0,0,0,0,0,0
0,0,0,0,0,0,0,0.00570918367346937,0,0,0,0,0,0,0,0,0,0,0.0327049499953496,0,0,0,0,0,0,0,0,0,0,0,0,0,0,0.0180483870967743,0,0,0,0.00810869565217393,0,0,0,0,0.0955532055922871,0,0,0,0,0,0,0,0,0.0799285714285715,0,0,0,0,0.0853664435231579,0.0155416666666667,0,0,0,0,0.0189202898550725,0,0,0.0310833333333334,0.0466249999999998,0,0,0,0,0,0,0,0.0120322580645161
0,0,0,0,0,0,0,0.00190306122448978,0,0,0,0,0,0,0.009325,0,0,0,0,0,0,0,0,0,0,0,0,0,0,0,0,0,0,0,0,0,0,0,0,0,0,0,0,0,0,0,0,0,0,0,0,0,0,0,0,0,0.0397835727773198,0.00518055555555556,0,0,0,0,0.00270289855072464,0,0,0,0,0,0,0,0,0,0,0,0
0,0,0,0.26755388714629,0,0,0,0.164106304616622,0,0.00888095238095243,0,0.130090171325519,0,0.0339090909090909,0.269285104822417,0,0,0,0.345380360171854,0,0,0.249622884333756,0,0,0,0,0,0,0,0,0.105348785152238,0,0.240836738608307,0.682391394550325,0,0.163497108947048,0,0.120818604890682,0,0,0,0,0.292133285051371,0,0,0,0,0.554235627242094,0,0,0,0.09325,0,0.320461713749694,0,0,0.344628954475593,0.488925367208105,0,0.0155416666666667,0,0,0.180973079526583,0.10490625,0.0777083333333336,0.155416666666666,0.12821875,0,0,0.1119,0,0.541653473344103,0.609968169761272,0.0425376576861627,0.0693237542799051
0,0,0,0,0,0,0,0.00190306122448978,0,0,0,0,0,0,0,0,0,0,0,0,0,0,0,0,0,0,0,0,0,0,0,0,0,0,0,0,0,0,0,0,0,0,0,0,0,0,0,0,0,0,0,0,0,0,0,0,0,0,0,0,0,0,0,0,0,0,0,0,0,0,0,0,0,0,0
0,0,0,0,0,0,0,0.262003439228911,0,0,0,0,0,0,0,0,0,0,0,0,0,0.0575080918813689,0,0,0,0,0,0,0,0,0,0,0,0,0,0,0,0,0,0,0,0,0,0,0,0,0,0,0,0,0,0,0,0,0,0,0,0,0,0,0,0,0.0108115942028985,0,0,0,0,0,0,0,0,0,0,0,0
0,0,0,0,0,0,0,0.00190306122448978,0,0,0,0,0,0,0,0,0,0,0,0,0,0,0,0,0,0,0,0,0,0,0,0,0,0,0,0,0,0,0,0,0,0,0,0,0,0,0,0,0,0,0,0,0,0,0,0,0,0,0,0,0,0,0.00810869565217391,0,0,0.0310833333333334,0,0,0,0,0,0,0,0,0
0,0,0,0.221717457566219,0,0,0,0.0829824356892535,0.121942307692308,0.1865,0,0,0,0.0508636363636364,0.01865,0,0,0,0.0504054054054055,0,0,0.197725224150769,0,0,0,0,0,0,0,0,0.0186499999999999,0,0.0745999999999998,0.0658632652525323,0,0.1865,0,0.407611390132225,0,0.019128205128205,0,0,0.849173913043479,0,0,0,0,0,0,0,0,0.0799285714285715,0,0.00920987654320987,0,0,0.149427029546381,0.162760896908917,0,0.155416666666667,0,0,0.173872885382657,0.15153125,0.1865,0,0.05828125,0,0.0932499999999996,0.13055,0,0.220029109076766,0,0.172420642233953,0.566198126385095
0,0,0,0.0559499999999998,0,0,0,0.0342041090257756,0,0,0,0,0,0,0.353445838233152,0,0,0,0.0403243243243243,0,0,0.0689689361063673,0,0,0,0,0,0,0,0,0,0,0,0,0,0,0,0,0,0,0,0,0.139037672004044,0,0,0,0,0.307848360749784,0,0,0,0,0,0.00460493827160493,0,0,0,0.125326508416484,0,0,0,0,0.0459492753623189,0.0116562500000001,0,0.0621666666666666,0,0,0,0.0372999999999998,0,0.0138148148148147,0.070741379310345,0.257716725585407,0.335062090598544
0,0,0,0,0,0,0,0.275109826662963,0,0,0,0,0,0,0.0616526404054225,0,0,0,0,0,0,0,0,0,0,0,0,0,0,0,0,0,0,0,0,0,0,0,0,0,0,0,0,0,0,0,0,0,0,0,0,0,0,0.00230246913580247,0,0,0,0,0,0,0,0,0.00810869565217391,0,0,0.0310833333333334,0,0,0,0,0,0.0138148148148147,0,0,0
0,0,0,0,0,0,0,0.00856377551020409,0,0,0,0,0,0,0.009325,0,0,0,0,0,0,0,0,0,0,0,0,0,0,0,0,0,0,0,0,0,0,0,0,0,0,0,0.0327151301472513,0,0,0,0,0.026642857142857,0,0,0,0,0,0,0,0,0,0.00518055555555556,0,0,0,0,0.0162173913043478,0,0,0,0,0,0,0,0,0,0,0,0.10324140621357
0,0,0,0,0,0,0,0.00190306122448978,0,0,0,0,0,0,0,0,0,0,0,0,0,0,0,0,0,0,0,0,0,0,0,0,0,0,0,0,0,0,0,0,0,0,0,0,0,0,0,0,0,0,0,0,0,0,0,0,0,0,0,0,0,0,0,0,0,0,0,0,0,0,0,0,0,0.01165625,0
0,0,0,0.8362,0,0,0,0.030684027550643,0.157807692307692,0.00888095238095243,0,0.103029548449747,0,0,0.295125027195246,0,0,0,0,0,0,0.0382564102564102,0,0,0,0,0,0,0,0,0,0,0.0373,0.147110116633699,0,0.0689239130434782,0,0.202030305317517,0.8735,0.433896983624908,0,0,0.789511454885825,0,0,0,0,0.0799285714285713,0,0,0,0,0,0.0138148148148148,0,0,0.0421129032258066,0.321652407851548,0,0,0,0,0.0900737669750521,0,0.170958333333333,0.1865,0.01165625,0,0,0,0,0.00690740740740736,0,0.311238220923828,0.557564784365681
0,0,0,0,0,0,0,0,0,0,0,0,0,0,0,0,0,0,0,0,0,0,0,0,0,0,0,0,0,0,0,0,0,0,0,0,0,0,0,0,0,0,0,0,0,0,0,0,0,0,0,0,0,0,0,0,0,0,0,0,0,0,0,0,0,0,0,0,0,0,0,0,0,0,0
0,0,0,0,0,0,0,0.0187572978799322,0,0,0,0,0,0,0,0,0,0,0,0,0,0,0,0,0,0,0,0,0,0,0,0,0.0559070170256131,0,0,0,0,0,0,0,0,0,0,0,0,0,0,0,0,0,0,0,0,0,0,0,0,0,0,0,0,0,0.00270289855072464,0,0,0,0,0,0,0,0,0,0,0.03496875,0
0,0,0,0,0,0,0,0.00380612244897959,0,0,0,0,0,0,0,0,0,0,0,0,0,0,0,0,0,0,0,0,0,0,0,0,0,0,0,0,0,0,0,0,0,0,0.00810869565217389,0,0,0,0,0,0,0,0,0,0,0,0,0,0,0.0457001180508989,0,0,0,0,0,0,0,0,0,0,0,0,0,0,0,0,0
0,0,0,0,0,0,0,0.00190306122448978,0,0,0,0,0,0,0,0,0,0,0,0,0,0,0,0,0,0,0,0,0,0,0,0,0,0,0,0,0,0,0,0,0,0,0,0,0,0,0,0,0,0,0,0,0,0,0,0,0,0,0,0,0,0,0.00540579710144927,0,0,0,0,0,0,0,0,0,0,0,0
0,0,0,0,0,0,0,0.0433040084950109,0,0,0,0,0,0,0,0,0,0,0.0752347923051881,0,0,0.0541314358254773,0,0,0,0,0,0,0,0,0,0,0,0,0,0,0,0.0271500189931006,0,0,0,0,0.0246064344950774,0,0,0,0,0.106648260317279,0,0,0,0,0,0,0,0,0,0.0348076187588893,0,0,0,0,0.0108115942028985,0,0,0,0,0,0,0,0,0,0,0.0525430395807954,0
0,0,0,0,0,0,0,0.00190306122448978,0,0,0,0,0,0,0,0,0,0,0,0,0,0,0,0,0,0,0,0,0,0,0,0,0,0,0,0,0,0,0,0,0,0,0,0,0,0,0,0,0,0,0,0,0,0,0,0,0,0,0,0,0,0,0.00810869565217391,0,0,0,0,0,0,0,0,0,0,0.01165625,0
0,0,0,0,0,0,0,0,0,0,0,0,0,0,0,0,0,0,0,0,0,0,0,0,0,0,0,0,0,0,0,0,0,0,0,0,0,0,0,0,0,0,0,0,0,0,0,0,0,0,0,0,0,0,0,0,0,0,0,0,0,0,0,0,0,0,0,0,0,0,0,0,0,0,0
0,0,0,0,0,0,0,0.00380612244897959,0,0,0,0,0,0,0,0,0,0,0,0,0,0,0,0,0,0,0,0,0,0,0,0,0,0,0,0,0,0,0,0,0,0,0,0,0,0,0,0,0,0,0,0,0,0,0,0,0,0,0,0,0,0,0,0,0,0,0,0,0,0,0,0,0,0,0
0,0,0,0,0,0,0,0.0028545918367347,0,0,0,0,0,0,0,0,0,0,0,0,0,0,0,0,0,0,0,0,0,0,0,0,0,0,0,0,0,0,0,0,0,0,0,0,0,0,0,0,0,0,0,0,0,0,0,0,0,0,0,0,0,0,0.00270289855072464,0,0,0,0,0,0,0,0,0,0,0,0
0,0,0,0,0,0,0,0.00475765306122448,0,0,0,0,0,0,0,0,0,0,0,0,0,0,0,0,0,0,0,0,0,0,0,0,0,0,0,0,0,0,0,0,0,0,0,0,0,0,0,0,0,0,0,0,0,0,0,0,0,0,0,0,0,0,0,0,0,0,0,0,0,0,0,0,0,0,0
0,0,0,0,0,0,0,0.00190306122448978,0,0,0,0,0,0,0,0,0,0,0,0,0,0,0,0,0,0,0,0,0,0,0,0,0,0,0,0,0,0,0,0,0,0,0,0,0,0,0,0,0,0,0,0,0,0,0,0,0,0.00518055555555556,0,0,0,0,0.00810869565217391,0,0,0,0,0,0,0,0,0,0,0,0.0218910811120142
0,0,0,0,0,0,0,0,0,0,0,0,0,0,0,0,0,0,0,0,0,0,0,0,0,0,0,0,0,0,0,0,0,0,0,0,0,0,0,0,0,0,0,0,0,0,0,0,0,0,0,0,0,0,0,0,0,0,0,0,0,0,0,0,0,0,0,0,0,0,0,0,0,0,0
0,0,0,0,0,0,0,0.0345812886714389,0.00717307692307693,0,0,0.176324200596518,0,0,0.027975,0,0,0,0.0201621621621621,0,0,0.07785963261792,0,0,0,0,0,0,0,0,0,0,0,0,0,0,0,0,0,0,0,0,0,0,0,0,0,0.284386823985427,0,0,0,0,0,0.0251327628570027,0,0,0.0325831619787406,0.00291137356957663,0,0,0,0,0.0324347826086957,0,0,0,0,0,0,0,0,0,0,0,0.0412965624854282
0,0,0,0,0,0,0,0,0,0,0,0,0,0,0,0,0,0,0,0,0,0.0143461538461538,0,0,0,0,0,0,0,0,0,0,0,0,0,0,0,0,0,0,0,0,0,0,0,0,0,0,0,0,0,0,0,0,0,0,0,0,0,0,0,0,0.0108115942028985,0,0,0,0.01165625,0,0,0.0186500000000002,0,0,0,0,0
0,0,0,0,0,0,0,0.0028545918367347,0,0,0,0,0,0,0.009325,0,0,0,0,0,0,0,0,0,0,0,0,0,0,0,0,0,0,0,0,0,0,0,0,0,0,0,0.00810869565217389,0,0,0,0,0,0,0,0,0,0,0,0,0,0,0,0,0,0,0,0.00540579710144927,0,0,0,0,0,0,0,0,0,0,0,0
0,0,0,0,0,0,0,0,0,0,0,0,0,0,0,0,0,0,0,0,0,0,0,0,0,0,0,0,0,0,0,0,0,0,0,0,0,0,0,0,0,0,0,0,0,0,0,0,0,0,0,0,0,0,0,0,0,0,0,0,0,0,0,0,0,0,0,0,0,0,0,0,0,0,0
0,0,0,0,0,0,0,0.0964767848520995,0,0,0,0,0,0,0.172433019151915,0,0,0,0,0,0,0,0,0,0,0,0,0,0,0,0,0,0,0.00601612903225806,0,0.0121630434782606,0,0,0,0,0,0,0.0324347826086957,0,0,0,0,0,0,0,0,0,0,0,0,0,0,0,0,0,0,0,0.00270289855072464,0,0,0.0932500000000002,0.01165625,0,0,0,0,0,0,0,0
0,0,0,0.0559499999999998,0,0,0,0.0028545918367347,0.0789038461538461,0,0,0,0,0,0,0,0,0,0,0,0,0.00956410256410255,0,0,0,0,0,0,0,0,0.0372999999999998,0,0,0,0,0,0,0,0,0,0,0,0,0,0,0,0,0,0,0,0,0,0,0,0,0,0,0.0103611111111111,0,0,0,0,0.0189202898550725,0,0,0.0310833333333334,0,0,0,0,0,0,0,0.01165625,0
0,0,0,0,0,0,0,0.0028545918367347,0,0,0,0,0,0,0,0,0,0,0,0,0,0,0,0,0,0,0,0,0,0,0,0,0,0,0,0,0,0,0,0,0,0,0,0,0,0,0,0,0,0,0,0,0,0,0,0,0,0,0,0,0,0,0.00810869565217391,0,0,0,0,0,0,0,0,0,0,0,0
0,0,0,0,0,0,0,0.0152244897959184,0,0,0,0,0,0,0.0593302562950962,0,0,0,0.029425348492925,0,0,0.00956410256410255,0,0,0,0,0,0,0,0,0,0,0,0,0,0,0,0,0,0,0,0,0.00810869565217389,0,0,0,0,0,0,0,0,0,0,0,0,0,0,0.0348765659652372,0,0,0,0,0.0270289855072464,0,0,0,0,0,0,0,0,0,0,0.05828125,0.032788017770699
0,0,0,0,0,0,0,0.0028545918367347,0,0,0,0,0,0,0,0,0,0,0,0,0,0,0,0,0,0,0,0,0,0,0,0,0,0,0,0,0,0,0,0,0,0,0,0,0,0,0,0,0,0,0,0,0,0,0,0,0,0,0,0,0,0,0.00540579710144927,0,0,0,0,0,0,0,0,0,0,0,0
0,0,0,0.09325,0,0,0,0.0786485893382574,0,0,0,0,0,0.0169545454545456,0.124037510000139,0,0,0,0.0100810810810811,0,0,0.0778726366947034,0,0,0,0,0,0,0,0,0.166070622856083,0,0.296280329995611,0.00601612903225806,0,0.0770326086956523,0,0.0162173913043478,0,0,0,0,0.0243260869565218,0,0,0,0,0.0799285714285713,0,0,0,0,0,0.00920987654320987,0,0,0.0180483870967742,0.0155416666666667,0,0,0,0,0.0243260869565218,0.0233125000000002,0,0.155416666666666,0,0,0,0.05595,0,0,0,0.0151495920089982,0.0309996078684116
0,0,0,0,0,0,0,0.00190306122448978,0,0,0,0,0,0,0.096232371559105,0,0,0,0,0,0,0,0,0,0,0,0,0,0,0,0,0,0,0,0,0,0,0,0,0,0,0,0.227569649838577,0,0,0,0,0,0,0,0,0,0,0,0,0,0,0.0645627558938098,0,0,0,0,0.00540579710144927,0,0,0,0,0,0,0,0,0,0,0,0.108872864070358
0,0,0,0,0,0,0,0.000951530612244898,0,0,0,0,0,0,0,0,0,0,0,0,0,0,0,0,0,0,0,0,0,0,0,0,0,0,0,0,0,0,0,0,0,0,0,0,0,0,0,0,0,0,0,0,0,0,0,0,0,0,0,0,0,0,0.00270289855072464,0,0,0,0,0,0,0,0,0,0,0,0
0,0,0,0,0,0,0,0.0028545918367347,0,0,0,0,0,0,0,0,0,0,0.00504054054054055,0,0,0,0,0,0,0,0,0,0,0,0,0,0,0,0,0,0,0,0,0,0,0,0,0,0,0,0,0,0,0,0,0,0,0,0,0,0,0.00518055555555556,0,0,0,0,0.0135144927536232,0,0,0,0,0,0,0,0,0,0,0,0.0308557991480952
0,0,0,0,0,0,0,0.000951530612244898,0,0,0,0,0,0,0,0,0,0,0,0,0,0,0,0,0,0,0,0,0,0,0,0,0,0,0,0.0121630434782606,0,0,0,0,0,0,0,0,0,0,0,0,0,0,0,0,0,0,0,0,0,0,0,0,0,0,0.00540579710144927,0,0,0,0,0,0,0,0,0,0,0,0
0,0,0,0,0,0,0,0.0028545918367347,0,0,0,0,0,0,0,0,0,0,0,0,0,0,0,0,0,0,0,0,0,0,0,0,0,0,0,0,0,0,0,0,0,0,0,0,0,0,0,0,0,0,0,0,0,0,0,0,0,0,0,0,0,0,0.00810869565217391,0,0,0,0,0,0,0,0,0,0,0,0
0,0,0,0,0,0,0,0.000951530612244898,0,0,0,0,0,0,0,0,0,0,0,0,0,0,0,0,0,0,0,0,0,0,0,0,0,0,0,0,0,0,0,0,0,0,0,0,0,0,0,0,0,0,0,0,0,0,0,0,0,0,0,0,0,0,0,0,0,0,0,0,0,0,0,0,0.00643103448275861,0,0
0,0,0,0,0,0,0,0,0,0,0,0,0,0,0,0,0,0,0,0,0,0,0,0,0,0,0,0,0,0,0,0,0,0,0,0,0,0,0,0,0,0,0,0,0,0,0,0,0,0,0,0,0,0,0,0,0,0,0,0,0,0,0,0,0,0,0,0,0,0,0,0,0,0,0
0,0,0,0,0,0,0,0.00560009563011282,0,0,0,0,0,0,0,0,0,0,0,0,0,0,0,0,0,0,0,0,0,0,0,0,0,0,0,0,0,0,0,0,0,0,0,0,0,0,0,0,0,0,0,0,0,0,0,0,0,0,0,0,0,0,0.00810869565217391,0,0,0,0,0,0,0,0,0,0,0,0
0,0,0,0.01865,0,0,0,0.00380612244897959,0,0,0,0,0,0,0.0398175231908382,0,0,0,0,0,0,0,0,0,0,0,0,0,0,0,0,0,0,0,0,0,0,0,0,0,0,0,0,0,0,0,0,0,0,0,0,0,0,0,0,0,0,0,0,0,0,0,0.00540579710144927,0,0,0,0,0,0,0,0,0,0,0.01165625,0
0,0,0,0,0,0,0,0.0028545918367347,0,0,0,0,0,0,0,0,0,0,0,0,0,0,0,0,0,0,0,0,0,0,0,0,0,0,0,0,0,0,0,0,0,0,0,0,0,0,0,0,0,0,0,0,0,0,0,0,0,0,0,0,0,0,0,0,0,0,0,0,0,0,0,0,0,0,0
0,0,0,0.01865,0,0,0,0.000951530612244898,0,0,0,0,0,0,0,0,0,0,0,0,0,0,0,0,0,0,0,0,0,0,0,0,0,0,0,0,0,0,0,0,0,0,0,0,0,0,0,0,0,0,0,0,0,0,0,0,0,0,0,0,0,0,0,0,0,0,0,0,0,0,0,0,0,0,0
0,0,0,0,0,0,0,0.03232658288629,0,0,0,0,0,0,0.0373,0,0,0,0,0,0,0.00478205128205126,0,0,0,0,0,0,0,0,0,0,0,0,0,0,0,0,0,0,0,0,0,0,0,0,0,0,0,0,0,0,0,0,0,0,0,0.00518055555555556,0,0,0,0,0,0,0,0,0,0,0,0,0,0,0,0,0
0,0,0,0,0,0,0,0,0,0,0,0,0,0,0,0,0,0,0,0,0,0,0,0,0,0,0,0,0,0,0,0,0,0,0,0,0,0,0,0,0,0,0,0,0,0,0,0,0,0,0,0,0,0,0,0,0,0,0,0,0,0,0,0,0,0,0,0,0,0,0,0,0,0,0
0,0,0,0,0,0,0,0.0028545918367347,0,0,0,0,0,0,0,0,0,0,0,0,0,0,0,0,0,0,0,0,0,0,0,0,0,0,0,0,0,0,0,0,0,0,0,0,0,0,0,0,0,0,0,0,0,0,0,0,0,0.00518055555555556,0,0,0,0,0.00810869565217391,0,0,0,0,0,0,0,0,0,0,0,0
0,0,0,0.0603887581978908,0,0,0,0.0392274151823862,0.0215192307692307,0.133214285714287,0,0,0,0.0847727272727273,0.0753602431503883,0,0,0,0.0833069979476475,0,0,0.512225489410729,0,0,0,0,0,0,0,0,0,0,0.466250099690131,0.0120322580645161,0,0.0121630434782606,0,0.0162173913043478,0,0.83524358974359,0,0,0.404917221508671,0,0,0,0,0,0,0,0,0,0,0.434545443411508,0,0,0.272522960096535,0.0103611111111111,0,0.0155416666666667,0,0,0.176860180234159,0,0.0621666666666668,0.0621666666666666,0,0,0.0466249999999996,0.05595,0,0.216918207383473,0.0792692307692305,0,0
0,0,0,0,0,0,0,0.0028545918367347,0,0,0,0,0,0,0,0,0,0,0,0,0,0,0,0,0,0,0,0,0,0,0,0,0,0,0,0,0,0,0,0,0,0,0,0,0,0,0,0,0,0,0,0,0,0,0,0,0,0.00518055555555556,0,0,0,0,0.00810869565217391,0,0,0.0310833333333334,0,0,0,0,0,0,0,0,0
0,0,0,0,0,0,0,0,0,0,0,0,0,0,0,0,0,0,0,0,0,0,0,0,0,0,0,0,0,0,0,0,0,0,0,0,0,0,0,0,0,0,0,0,0,0,0,0,0,0,0,0,0,0,0,0,0,0,0,0,0,0,0,0,0,0,0,0,0,0,0,0,0,0,0
0,0,0,0,0,0,0,0.0872770437821538,0,0,0,0,0,0,0.188993276182233,0,0,0,0,0,0,0,0,0,0,0,0,0,0,0,0,0,0,0,0,0.310546567784276,0,0,0,0,0,0,0.0162173913043478,0,0,0,0,0,0,0,0,0,0,0,0,0,0,0,0,0,0,0,0.00810869565217391,0,0.108791666666667,0.0932500000000002,0,0,0,0,0,0,0,0.0780650780809838,0.0120322580645161
0,0,0,0,0,0,0,0.0028545918367347,0,0,0,0,0,0,0,0,0,0,0,0,0,0,0,0,0,0,0,0,0,0,0,0,0,0,0,0,0,0,0,0,0,0,0,0,0,0,0,0,0,0,0,0,0,0,0,0,0,0,0,0,0,0,0.00540579710144927,0,0,0,0,0,0,0,0,0,0,0,0
0,0,0,0,0,0,0,0.0405235704976373,0,0,0,0,0,0.118681818181818,0,0,0,0,0.174338618900829,0,0,0.0894180266946419,0,0,0,0,0,0,0,0,0,0,0.027975,0,0,0.187444719362778,0,0,0.363231796116503,0,0,0,0,0,0,0,0,0,0,0,0,0,0,0.163395973072641,0,0,0.141611323576709,0.13694698872458,0,0,0,0,0.0180924809179683,0,0,0,0,0,0,0,0,0,0,0.01165625,0.00962425103780953
0,0,0,0,0,0,0,0,0,0,0,0,0,0,0,0,0,0,0,0,0,0,0,0,0,0,0,0,0,0,0,0,0,0,0,0,0,0,0,0,0,0,0,0,0,0,0,0,0,0,0,0,0,0,0,0,0,0,0,0,0,0,0,0,0,0,0,0,0,0,0,0,0,0.0233125,0
0,0,0,0,0,0,0,0.0266531205304541,0.0286923076923077,0,0,0.157807692307692,0,0,0.0432116876518377,0,0,0,0.168018971672924,0,0,0.18980509294051,0,0,0,0,0,0,0,0,0,0,0.360455561404074,0,0,0.0810869565217393,0,0,0,0.14824358974359,0,0,0,0,0,0,0,0,0,0,0,0,0,0.188951582746099,0,0,0.352478997211673,0.0207222222222222,0,0,0,0,0.0752123076972475,0,0.0155416666666667,0.0932500000000002,0,0,0,0.13055,0,0,0,0.01165625,0
0,0,0,0,0,0,0,0.00190306122448978,0,0,0,0,0,0,0,0,0,0,0,0,0,0,0,0,0,0,0,0,0,0,0,0,0,0,0,0,0,0,0,0,0,0,0,0,0,0,0,0,0,0,0,0,0,0,0,0,0,0.00518055555555556,0,0,0,0,0,0,0,0,0,0,0,0,0,0,0,0,0
0,0,0,0,0,0,0,0.0028545918367347,0,0,0,0,0,0,0.0511666876458501,0,0,0,0,0,0,0,0,0,0,0,0,0,0,0,0,0,0,0,0,0,0,0,0,0.195894814130124,0,0,0,0,0,0,0,0,0,0,0,0,0,0,0,0,0,0.00518055555555556,0,0,0,0,0.00810869565217391,0,0,0,0,0,0,0,0,0,0,0,0
0,0,0,0,0,0,0,0.00117930397217458,0,0,0,0,0,0,0,0,0,0,0,0,0,0,0,0,0,0,0,0,0,0,0,0,0,0,0,0,0,0,0,0,0,0,0,0,0,0,0,0,0,0,0,0,0,0,0,0,0,0,0,0,0,0,0.00810869565217391,0,0,0,0,0,0,0,0,0,0,0,0
0,0,0,0,0,0,0,0.00190306122448978,0,0,0,0,0,0,0,0,0,0,0,0,0,0,0,0,0,0,0,0,0,0,0,0,0,0,0,0.117533706898832,0,0,0,0,0,0,0,0,0,0,0,0,0,0,0,0,0,0.00230246913580247,0,0,0,0,0,0,0,0,0.00540579710144927,0,0,0,0,0,0,0,0,0,0,0,0
0,0,0,0,0,0,0,0.00380612244897959,0.00717307692307693,0,0,0,0,0,0,0,0,0,0,0,0,0,0,0,0,0,0,0,0,0,0,0,0,0,0,0,0,0,0,0,0,0,0,0,0,0,0,0,0,0,0,0,0,0,0,0,0.00601612903225806,0.0780167966002759,0,0,0,0,0.00540579710144927,0,0,0,0,0,0,0,0,0.119864297253635,0,0.01165625,0.00601612903225806
0,0,0,0.01865,0,0,0,0.0028545918367347,0,0,0,0,0,0,0.0849818736378287,0,0,0,0,0,0,0,0,0,0,0,0,0,0,0,0.00932499999999994,0,0,0,0,0,0,0,0,0,0,0,0,0,0,0,0,0,0,0,0,0,0,0,0,0,0,0.00518055555555556,0,0,0,0,0.0189202898550725,0,0,0.0621666666666666,0,0,0,0,0,0,0,0,0
0,0,0,0,0,0,0,0.0028545918367347,0,0,0,0,0,0,0,0,0,0,0,0,0,0,0,0,0,0,0,0,0,0,0,0,0,0,0,0,0,0,0,0,0,0,0,0,0,0,0,0,0,0,0,0,0,0,0,0,0,0,0,0,0,0,0.00540579710144927,0,0,0,0,0,0,0,0,0,0,0,0
0,0,0,0,0,0,0,0.0028545918367347,0,0,0,0,0,0,0,0,0,0,0,0,0,0,0,0,0,0,0,0,0,0,0,0,0,0,0,0,0,0,0,0,0,0,0,0,0,0,0,0,0,0,0,0,0,0,0,0,0,0,0,0,0,0,0.00270289855072464,0,0,0,0,0,0,0,0,0,0,0,0.0120322580645161
0,0,0,0,0,0,0,0.000951530612244898,0,0,0,0,0,0,0,0,0,0,0,0,0,0,0,0,0,0,0,0,0,0,0,0,0,0,0,0,0,0,0,0,0,0,0,0,0,0,0,0,0,0,0,0,0,0,0,0,0,0,0,0,0,0,0.00270289855072464,0,0,0,0,0,0,0,0,0,0,0,0
0,0,0,0.1168518417134,0,0,0,0.162322178458643,0.0286923076923077,0,0,0,0,0,0.232171916684616,0,0,0,0.526873993192425,0,0,0.262668838307205,0,0,0,0,0,0,0,0,0,0,0.194211738608307,0.306934515183409,0,0.17122732805843,0,0.0217655887520334,0,0,0,0,0.188368994992527,0,0,0,0,0.225728412022694,0,0,0,0.0799285714285715,0,0.226145172633338,0,0,0.1000455484838,0.118301717612417,0,0,0,0,0.0800208700841529,0,0.0621666666666668,0,0.05828125,0,0,0.0372999999999998,0,0.145055555555556,0,0.48100519989049,0.433544441634726
0,0,0,0,0,0,0,0.0685698638162692,0.00717307692307693,0,0,0,0,0,0,0,0,0,0.0151216216216216,0,0,0.0485648396965614,0,0,0,0,0,0,0,0,0,0,0.027975,0.0120322580645161,0,0.0162173913043476,0,0,0,0,0,0,0.057041217103773,0,0,0,0,0,0,0,0,0,0,0.00230246913580247,0,0,0.0756019590436133,0.0103611111111111,0,0,0,0,0.0432463768115941,0,0.0310833333333334,0,0,0,0.0932499999999996,0.0372999999999998,0,0,0,0,0
0,0,0,0.01865,0,0,0,0.00666071428571426,0,0,0,0,0,0,0.104576930453829,0,0,0,0,0,0,0,0,0,0,0,0,0,0,0,0.0652749999999996,0,0,0,0,0,0,0.0773061911775442,0,0,0,0,0.193909158011438,0,0,0,0,0,0,0,0,0,0,0,0,0,0,0.0568281963396613,0,0,0,0,0,0,0.124333333333333,0,0,0,0,0,0,0,0,0.340796857745323,0.139041649219453
0,0,0,0,0,0,0,0.00666071428571426,0,0,0,0,0,0,0.160933138878639,0,0,0,0,0,0,0,0,0,0,0,0,0,0,0,0,0,0,0,0,0,0,0.00810869565217393,0,0,0,0,0.0405434782608695,0,0,0,0,0,0,0,0,0,0,0,0,0,0.0120322580645161,0,0,0,0,0,0.0216231884057971,0,0,0.0621666666666666,0,0,0,0,0,0,0,0,0
0,0,0,0,0,0,0,0.0247597914817319,0,0,0,0,0,0,0,0,0,0,0,0,0,0,0,0,0,0,0,0,0,0,0,0,0,0,0,0,0,0,0,0,0,0,0,0,0,0,0,0,0,0,0,0,0,0,0,0,0,0.00518055555555556,0,0,0,0,0.00270289855072464,0,0,0,0,0,0,0,0,0,0,0.032616302053989,0
0,0,0,0,0,0,0,0,0,0,0,0,0,0,0,0,0,0,0,0,0,0,0,0,0,0,0,0,0,0,0,0,0,0,0,0,0,0,0,0,0,0,0,0,0,0,0,0,0,0,0,0,0,0,0,0,0,0,0,0,0,0,0,0,0,0,0,0,0,0,0,0,0,0,0
0,0,0,0,0,0,0,0,0,0,0,0,0,0,0,0,0,0,0,0,0,0,0,0,0,0,0,0,0,0,0,0,0,0,0,0,0,0,0,0,0,0,0,0,0,0,0,0,0,0,0,0,0,0,0,0,0,0,0,0,0,0,0,0,0,0,0,0,0,0,0,0,0,0,0
0,0,0,0,0,0,0,0,0,0,0,0,0,0,0,0,0,0,0,0,0,0,0,0,0,0,0,0,0,0,0,0,0,0,0,0,0,0,0,0,0,0,0,0,0,0,0,0,0,0,0,0,0,0,0,0,0,0,0,0,0,0,0,0,0,0,0,0,0,0,0,0,0,0,0
0,0,0,0,0,0,0,0.144854638653188,0,0,0,0,0,0,0.231660284648581,0,0,0,0.489621038887284,0,0,0,0,0,0,0,0,0,0,0,0.00932499999999994,0,0.0770017766652035,0.187336849576898,0,0,0,0.838440382906163,0.169258737864077,0,0,0,0.113914472691713,0,0,0,0,0,0,0,0,0,0,0.606163650756886,0,0,0,0.126561379354038,0,0,0,0,0.0565187222843951,0,0.0932500000000002,0,0.0233125000000002,0,0,0,0,0.0887883683360255,0,0.484844404412071,0.255230081512244
0,0,0,0.01865,0,0,0,0.0925429655247033,0.0502115384615384,0,0,0,0,0.0678181818181817,0.027975,0,0,0,0.0504054054054055,0,0,0.0478205128205127,0,0,0,0,0,0,0,0,0,0,0,0.0541451612903227,0,0,0,0,0,0.1865,0,0,0.0243260869565218,0,0,0,0,0,0,0,0,0.0133214285714285,0,0.0314304329004875,0,0,0.0180483870967742,0.0103611111111111,0,0,0,0,0.0963292316084428,0,0,0,0.01165625,0,0,0.05595,0,0,0,0,0.00601612903225806
0,0,0,0.171797508023468,0,0,0,0.404249109491686,0.0215192307692307,0,0,0.203452625372824,0,0.0339090909090909,0.466510858038289,0,0,0,0.28577211566731,0,0,0.373047464887871,0,0,0,0,0,0,0,0,0.365196936183165,0,0.0559499999999998,0.326732884178694,0,0,0,0.447038666566561,0.384767313915856,0,0,0,0.322511312422946,0,0,0,0,0.490530254382578,0,0,0,0.1865,0,0.09159578067317,0,0,0.137467454694452,0.684031770540824,0,0,0,0,0.192101434718812,0.12821875,0.108791666666667,0.0310833333333334,0.139875,0,0.1865,0.1119,0,0.619343295638125,0.38105198938992,0.644589063747799,0.568432122625526
0,0,0,0,0,0,0,0.00190306122448978,0,0,0,0,0,0,0,0,0,0,0,0,0,0,0,0,0,0,0,0,0,0,0,0,0,0,0,0,0,0,0,0,0,0,0,0,0,0,0,0,0,0,0,0,0,0,0,0,0,0,0,0,0,0,0.00540579710144927,0,0,0,0,0,0,0,0,0,0,0,0
0,0,0,0,0,0,0,0,0,0,0,0,0,0,0,0,0,0,0,0,0,0,0,0,0,0,0,0,0,0,0,0,0,0,0,0,0,0,0,0,0,0,0,0,0,0,0,0,0,0,0,0,0,0,0,0,0,0,0,0,0,0,0,0,0,0,0,0,0,0,0,0,0,0,0
0,0,0,0,0,0,0,0.00190306122448978,0,0,0,0,0,0,0,0,0,0,0,0,0,0,0,0,0,0,0,0,0,0,0,0,0,0,0,0,0,0,0,0,0,0,0,0,0,0,0,0,0,0,0,0,0,0,0,0,0,0,0,0,0,0,0,0,0,0,0,0,0,0,0,0,0,0.01165625,0
0,0,0,0,0,0,0,0.00570918367346937,0,0,0,0.0557529305680794,0,0,0,0,0,0,0.00504054054054055,0,0,0,0,0,0,0,0,0,0,0,0,0,0,0,0,0.0162173913043476,0,0,0,0,0,0,0,0,0,0,0,0,0,0,0,0,0,0.0115123456790123,0,0,0,0.0953691846887963,0,0,0,0,0.0162173913043478,0,0.0310833333333334,0,0,0,0,0,0,0.163645186381858,0.165584615384615,0,0
0,0,0,0,0,0,0,0.015125293165397,0,0,0,0,0,0,0,0,0,0,0.00504054054054055,0,0,0,0,0,0,0,0,0,0,0,0,0,0,0.0120322580645161,0,0,0,0,0,0,0,0,0.0243260869565218,0,0,0,0,0,0,0,0,0,0,0,0,0,0,0,0,0,0,0,0.00540579710144927,0,0,0,0,0,0,0,0,0,0,0,0.00601612903225806
0,0,0,0,0,0,0,0.0028545918367347,0.00717307692307693,0,0,0,0,0,0,0,0,0,0,0,0,0,0,0,0,0,0,0,0,0,0,0,0,0,0,0,0,0,0,0,0,0,0,0,0,0,0,0,0,0,0,0,0,0,0,0,0,0,0,0,0,0,0.00540579710144927,0,0,0,0,0,0,0,0,0,0,0.01165625,0
0,0,0,0,0,0,0,0.00190306122448978,0.0358653846153846,0,0,0,0,0,0,0,0,0,0,0,0,0,0,0,0,0,0,0,0,0,0,0,0,0,0,0,0,0,0,0,0,0,0,0,0,0,0,0,0,0,0,0,0,0,0,0,0.0360967741935483,0,0,0,0,0,0.0216231884057971,0,0.124333333333333,0,0,0,0,0,0,0,0,0,0
0,0,0,0,0,0,0,0.0028545918367347,0,0,0,0,0,0,0,0,0,0,0,0,0,0,0,0,0,0,0,0,0,0,0,0,0,0,0,0,0,0,0,0,0,0,0,0,0,0,0,0,0,0,0,0,0,0,0,0,0,0,0,0,0,0,0,0,0,0,0,0,0,0,0,0,0,0,0
0,0,0,0,0,0,0,0.0028545918367347,0,0,0,0,0,0,0,0,0,0,0,0,0,0,0,0,0,0,0,0,0,0,0,0,0,0,0,0,0,0,0,0,0,0,0,0,0,0,0,0,0,0,0,0,0,0,0,0,0,0,0,0,0,0,0,0,0,0,0,0,0,0,0,0,0,0,0
0,0,0,0,0,0,0,0.0370071815449397,0,0,0,0,0,0,0,0,0,0,0.0546280511956277,0,0,0.0382564102564102,0,0,0,0,0,0,0,0,0,0,0,0,0,0,0,0.00810869565217393,0.00621666666666659,0,0,0,0.0908707103858414,0,0,0,0,0,0,0,0,0,0,0.106418327338943,0,0,0.0926717690887339,0.0235757506429804,0,0,0,0,0.0438308508696216,0,0,0,0.03496875,0,0,0,0,0,0,0,0
0,0,0,0,0,0,0,0.000951530612244898,0,0,0,0,0,0,0,0,0,0,0,0,0,0,0,0,0,0,0,0,0,0,0,0,0,0,0,0,0,0,0,0,0,0,0,0,0,0,0,0,0,0,0,0,0,0,0,0,0,0.0103611111111111,0,0,0,0,0.00540579710144927,0,0,0,0,0,0,0,0,0,0,0,0
0,0,0,0,0,0,0,0.00190306122448978,0,0,0,0,0,0,0,0,0,0,0,0,0,0,0,0,0,0,0,0,0,0,0,0,0,0,0,0,0,0,0,0,0,0,0,0,0,0,0,0,0,0,0,0,0,0,0,0,0,0,0,0,0,0,0,0,0,0,0,0,0,0,0,0,0,0,0
0,0,0,0,0,0,0,0.0028545918367347,0,0,0,0,0,0,0,0,0,0,0,0,0,0,0,0,0,0,0,0,0,0,0,0,0,0,0,0,0,0,0,0,0,0,0,0,0,0,0,0,0,0,0,0,0,0,0,0,0,0,0,0,0,0,0,0,0,0,0,0,0,0,0,0,0,0,0
0,0,0,0,0,0,0,0.00856377551020409,0,0,0,0,0,0,0,0,0,0,0,0,0,0.00478205128205126,0,0,0,0,0,0,0,0,0,0,0,0,0,0.00810869565217398,0,0,0,0,0,0,0,0,0,0,0,0,0,0,0,0,0,0.00460493827160493,0,0,0,0.0207222222222222,0,0,0,0,0.0276134595652737,0,0,0,0.03496875,0,0,0,0,0.0897962962962964,0.0698464190981431,0,0.00601612903225806
0,0,0,0,0,0,0,0.011145052981973,0,0,0,0,0,0,0,0,0,0,0,0,0,0,0,0,0,0,0,0,0,0,0,0,0,0,0,0,0,0,0,0,0,0,0,0,0,0,0,0,0,0,0,0,0,0,0,0,0,0.00518055555555556,0,0,0,0,0.00810869565217391,0,0,0,0,0,0,0,0,0,0,0,0
0,0,0,0,0,0,0,0,0,0,0,0,0,0,0,0,0,0,0,0,0,0,0,0,0,0,0,0,0,0,0,0,0,0,0,0,0,0,0,0,0,0,0,0,0,0,0,0,0,0,0,0,0,0,0,0,0,0,0,0,0,0,0,0,0,0,0,0,0,0,0,0,0,0,0
0,0,0,0,0,0,0,0.0028545918367347,0,0,0,0,0,0,0,0,0,0,0,0,0,0,0,0,0,0,0,0,0,0,0,0,0,0,0,0,0,0,0,0,0,0,0,0,0,0,0,0,0,0,0,0,0,0,0,0,0,0,0,0,0,0,0,0,0,0,0,0,0,0,0,0,0,0,0
0,0,0,0,0,0,0,0.0140354536479761,0,0,0,0,0,0,0,0,0,0,0,0,0,0,0,0,0,0,0,0,0,0,0,0,0,0,0,0,0,0,0,0,0,0,0,0,0,0,0,0,0,0,0,0,0,0,0,0,0,0,0,0,0,0,0,0,0,0,0,0,0,0,0,0,0,0,0
0,0,0,0,0,0,0,0.0273517011233499,0.00717307692307693,0,0,0,0,0.118681818181818,0,0,0,0,0.0445469701145467,0,0,0.380216623631227,0,0,0,0,0,0,0,0,0,0,0.393366749165806,0.0668003024657198,0,0,0,0.0344894945836774,0,0,0,0,0.035750956265251,0,0,0,0,0.026642857142857,0,0,0,0,0,0.0821258187746843,0,0,0.0782096774193548,0.119530188251068,0,0,0,0,0.0500330424026775,0.0116562500000001,0,0,0.0699375000000002,0,0,0.1119,0,0,0,0,0.0326986633101239
0,0,0,0,0,0,0,0.0028545918367347,0,0,0,0,0,0,0,0,0,0,0,0,0,0,0,0,0,0,0,0,0,0,0,0,0,0,0,0,0,0,0,0,0,0,0,0,0,0,0,0,0,0,0,0,0,0,0,0,0,0,0,0,0,0,0.0107419616675563,0,0,0,0,0,0,0,0,0,0,0,0
0,0,0,0,0,0,0,0.0199821428571428,0,0,0,0,0,0,0,0,0,0,0.294447056639588,0,0,0.0478205128205127,0,0,0,0,0,0,0,0,0,0,0,0,0,0,0,0.00810869565217393,0,0,0,0,0.0337575240095003,0,0,0,0,0,0,0,0,0,0,0.00230246913580247,0,0,0.00601612903225806,0.113975833498333,0,0,0,0,0.0173154486374502,0,0,0,0.08159375,0,0,0,0,0,0,0.03496875,0.0352804334531702
0,0,0,0.0727027625700992,0,0,0,0.0566949585604173,0.0215192307692307,0,0,0,0,0,0.0533167191146251,0,0,0,0.404701956130058,0,0,0.13253416156765,0,0,0,0,0,0,0,0,0.00932499999999994,0,0.257557919966394,0.0373800784909371,0,0.0608152173913041,0,0,0.32637200647249,0,0,0,0,0,0,0,0,0.173253079977714,0,0,0,0,0,0.00230246913580247,0,0,0.258545951849468,0.285934072109891,0,0,0,0,0.180721977457073,0,0.0621666666666668,0.0310833333333334,0.0699375000000002,0,0,0,0,0,0,0,0.297626055274185
0,0,0,0,0,0,0,0.0028545918367347,0,0,0,0,0,0,0,0,0,0,0,0,0,0,0,0,0,0,0,0,0,0,0,0,0,0,0,0,0,0,0,0,0,0,0,0,0,0,0,0,0,0,0,0,0,0,0,0,0,0,0,0,0,0,0.00540579710144927,0,0,0,0,0,0,0,0,0,0,0,0
0,0,0,0,0,0,0,0.00310527335096383,0,0,0,0,0,0,0.0213943180821686,0,0,0,0,0,0,0,0,0,0,0,0,0,0,0,0,0,0,0,0,0,0,0,0,0,0,0,0,0,0,0,0,0,0,0,0,0,0,0,0,0,0,0,0,0,0,0,0.00540579710144927,0,0,0,0,0,0,0,0,0,0,0,0.0309996078684116
0,0,0,0,0,0,0,0.0362500122235102,0,0,0,0,0,0,0,0,0,0,0,0,0,0,0,0,0,0,0,0,0,0,0,0,0,0,0,0,0,0,0,0,0,0,0,0,0,0,0,0,0,0,0,0,0,0,0,0,0,0,0,0,0,0,0.00270289855072464,0,0,0,0,0,0,0,0,0,0,0,0
0,0,0,0,0,0,0,0.0341499011300064,0,0,0,0,0,0,0.0221048304908015,0,0,0,0.0338844703354999,0,0,0.115016183762738,0,0,0,0,0,0,0,0,0,0,0,0,0,0.285378880097383,0,0.0224817101016461,0,0.149957005842796,0,0,0.0340212438314797,0,0,0,0,0,0,0,0,0,0,0.0600649270177014,0,0,0,0.0692076783237736,0,0,0,0,0,0,0,0,0,0,0,0,0,0,0,0.0402098220827395,0.0567156237125268
0,0,0,0,0,0,0,0.00190306122448978,0,0,0,0,0,0,0.0253115875901712,0,0,0,0,0,0,0,0,0,0,0,0,0,0,0,0,0,0,0,0,0,0,0,0,0,0,0,0,0,0,0,0,0,0,0,0,0,0,0,0,0,0,0,0,0,0,0,0,0,0,0,0,0,0,0,0,0,0,0,0
0,0,0,0,0,0,0,0.0114183673469388,0.0502115384615384,0,0,0,0,0,0.289206376870737,0,0,0,0,0,0,0,0,0,0,0,0,0,0,0,0,0,0,0.0120322580645161,0,0,0,0,0,0,0,0,0,0,0,0,0,0,0,0,0,0,0,0,0,0,0.0120322580645161,0.0259027777777778,0,0,0,0,0.0162173913043478,0,0,0.1865,0.01165625,0,0,0,0,0,0,0.190144985771352,0
0,0,0,0.01865,0,0,0,0.00190306122448978,0,0,0,0,0,0,0.01865,0,0,0,0,0,0,0,0,0,0,0,0,0,0,0,0,0,0,0,0,0,0,0,0,0,0,0,0.0332280132200876,0,0,0,0,0,0,0,0,0,0,0,0,0,0,0,0,0,0,0,0.00270289855072464,0,0,0,0,0,0,0,0,0,0,0,0.0499125856636262
0,0,0,0,0,0,0,0.0028545918367347,0,0,0,0,0,0,0.009325,0,0,0,0,0,0,0,0,0,0,0,0,0,0,0,0,0,0,0,0,0,0,0,0,0,0,0,0.00810869565217389,0,0,0,0,0,0,0,0,0,0,0,0,0,0,0.00518055555555556,0,0,0,0,0.00810869565217391,0,0,0,0,0,0,0,0,0,0,0.01165625,0
0,0,0,0,0,0,0,0.00190306122448978,0,0,0,0,0,0,0,0,0,0,0,0,0,0,0,0,0,0,0,0,0,0,0,0,0,0,0,0,0,0,0,0,0,0,0,0,0,0,0,0,0,0,0,0,0,0,0,0,0,0,0,0,0,0,0,0,0,0,0,0,0,0,0,0,0,0,0
0,0,0,0,0,0,0,0.000951530612244898,0,0,0,0,0,0,0,0,0,0,0.0214496196626629,0,0,0,0,0,0,0,0,0,0,0,0,0,0,0,0,0,0,0,0,0,0,0,0,0,0,0,0,0,0,0,0,0,0,0,0,0,0,0,0,0,0,0,0,0,0,0,0,0,0,0,0,0,0,0,0
0,0,0,0.187043770058669,0,0,0,0.0028545918367347,0.0358653846153846,0.133214285714287,0,0,0,0,0,0,0,0,0,0,0,0.00478205128205126,0,0,0,0,0,0,0,0,0,0,0,0,0,0,0,0,0,0,0,0,0.0243260869565218,0,0,0,0,0,0,0,0,0,0,0.00230246913580247,0,0,0,0.0103611111111111,0,0.124333333333335,0,0,0.0351376811594202,0,0.0777083333333336,0.1865,0.0233125000000002,0,0,0,0,0,0,0.206189614987602,0
0,0,0,0,0,0,0,0.0527634950882502,0,0,0,0,0,0,0,0,0,0,0,0,0,0,0,0,0,0,0,0,0,0,0,0,0,0,0,0,0,0,0,0,0,0,0,0,0,0,0,0,0,0,0,0,0,0,0,0,0,0,0,0,0,0,0.0123665130492996,0,0,0,0,0,0,0,0,0,0,0,0
0,0,0,0,0,0,0,0.00475765306122448,0,0,0,0,0,0,0.0821493917267809,0,0,0,0,0,0,0,0,0,0,0,0,0,0,0,0,0,0,0.0180483870967743,0,0.0121630434782606,0,0,0,0,0,0,0.0729782608695656,0,0,0,0,0,0,0,0,0,0,0,0,0,0,0,0,0,0,0,0.00299653929383624,0,0.0155416666666667,0.0932500000000002,0,0,0,0,0,0.00690740740740736,0,0.03496875,0.0180483870967742
0,0,0,0.0746,0,0,0,0.0337300331226432,0,0,0,0,0,0,0.214989706904303,0,0,0,0,0,0,0,0,0,0,0,0,0,0,0,0,0,0,0,0,0,0,0,0,0,0,0,0.0424363151205107,0,0,0,0,0,0,0,0,0,0,0,0,0,0.0481290322580643,0.00518055555555556,0,0,0,0,0.0405434782608695,0,0.0155416666666667,0.0932500000000002,0,0,0,0,0,0,0,0.227620453231588,0.340393704081799
0,0,0,0,0,0,0,0.000951530612244898,0,0,0,0,0,0,0,0,0,0,0,0,0,0,0,0,0,0,0,0,0,0,0,0,0,0,0,0,0,0,0,0,0,0,0,0,0,0,0,0,0,0,0,0,0,0,0,0,0,0,0,0,0,0,0,0,0,0,0,0,0,0,0,0,0,0,0
0,0,0,0,0,0,0,0.000951530612244898,0,0,0,0,0,0,0,0,0,0,0,0,0,0,0,0,0,0,0,0,0,0,0,0,0,0,0,0,0,0,0,0,0,0,0,0,0,0,0,0,0,0,0,0,0,0,0,0,0,0.00820471841596325,0,0,0,0,0,0,0,0,0,0,0,0,0,0,0,0,0
0,0,0,0,0,0,0,0,0,0,0,0,0,0,0,0,0,0,0,0,0,0,0,0,0,0,0,0,0,0,0,0,0,0,0,0,0,0,0,0,0,0,0,0,0,0,0,0,0,0,0,0,0,0,0,0,0,0,0,0,0,0,0,0,0,0,0,0,0,0,0,0,0,0,0
0,0,0,0,0,0,0,0.0129757701606369,0,0,0,0,0,0,0.0797822457362026,0,0,0,0,0,0,0,0,0,0,0,0,0,0,0,0,0,0,0,0,0,0,0,0,0,0,0,0,0,0,0,0,0,0,0,0,0,0,0,0,0,0,0,0,0,0,0,0.00540579710144927,0,0,0,0,0,0,0,0,0,0,0,0
0,0,0,0.225505929548371,0,0,0,0.148492850954303,0.00717307692307693,0,0,0,0,0,0.275344612544771,0,0,0,0.0878321872882509,0,0,0.19334683481648,0,0,0,0,0,0,0,0,0.147400978290029,0,0.027975,0.122883378661901,0,0,0,0.207594267897863,0.0729156957928801,0,0,0,0.156461536942056,0,0,0,0,0.103066854038688,0,0,0,0.173178571428571,0,0.0785891404064641,0,0,0.157051845447014,0.131889672175669,0,0,0,0,0.120163192179797,0.0116562500000001,0.0310833333333334,0,0.0466249999999998,0,0.0466249999999996,0.0372999999999998,0,0,0,0.290581036692796,0.361128148734038
0,0,0,0,0,0,0,0,0,0,0,0,0,0,0,0,0,0,0,0,0,0,0,0,0,0,0,0,0,0,0,0,0,0,0,0,0,0,0,0,0,0,0,0,0,0,0,0,0,0,0,0,0,0,0,0,0,0,0,0,0,0,0,0,0,0,0,0,0,0,0,0,0,0,0
0,0,0,0.230977959342336,0,0,0,0.390242884517869,0,0,0,0.211861136158701,0,0,0.277494430039589,0,0,0,0.399933846009502,0,0,0.395144489104874,0,0,0,0,0,0,0,0,0.192179907201493,0,0.596763769155328,0.281673430833927,0,0.399530432136335,0,0.590839178274291,0.389262944983817,0.199942674457062,0,0,0.288953064249773,0,0,0,0,0.320144226342399,0,0,0,0,0,0.551782613091177,0,0,0.225568332379997,0.40385646872402,0,0,0,0,0.256289211658934,0,0,0,0,0,0,0,0,0.441722132471727,0.369923076923076,0.300129666484979,0.304463263781099
0,0,0,0,0,0,0,0.0028545918367347,0,0,0,0,0,0,0,0,0,0,0,0,0,0.0354945771320083,0,0,0,0,0,0,0,0,0,0,0,0,0,0,0,0,0,0,0,0,0,0,0,0,0,0,0,0,0,0,0,0.0069074074074074,0,0,0.00601612903225806,0,0,0,0,0,0.0135144927536232,0,0,0,0,0,0,0,0,0,0,0,0
0,0,0,0.389705435662554,0,0,0,0.8735,0.0358653846153846,0.00888095238095243,0,0.8735,0,0.1865,0.593870255850788,0,0,0,0.258869663012151,0,0,0.742869454116218,0,0,0,0,0,0,0,0,0.608428727793679,0,0.8735,0.273289071933295,0,0.496199641430046,0,0.8735,0,0.0666475581523539,0,0,0.364762229413381,0,0,0,0,0.373323427953244,0,0,0,0,0,0.868895061728395,0,0,0.8735,0.588238393505055,0,0.0932500000000019,0,0,0.8735,0.1865,0.139875,0.124333333333334,0.1865,0,0.0932499999999996,0.1865,0,0.84587037037037,0.862930769230766,0.193392470924615,0.8735
0,0,0,0,0,0,0,0.0161760204081633,0,0,0,0,0,0,0.214653646829688,0,0,0,0.0352837837837838,0,0,0,0,0,0,0,0,0,0,0,0,0,0,0,0,0,0,0.0284289051478603,0,0,0,0,0.165280902845962,0,0,0,0,0,0,0,0,0,0,0.0069074074074074,0,0,0,0.0155416666666667,0,0,0,0,0.0459492753623189,0,0,0.124333333333334,0,0,0,0,0,0,0,0.0466250000000002,0.15939459368652
0,0,0,0,0,0,0,0.00190306122448978,0,0,0,0,0,0,0,0,0,0,0,0,0,0,0,0,0,0,0,0,0,0,0,0,0,0,0,0,0,0,0,0,0,0,0,0,0,0,0,0,0,0,0,0,0,0,0,0,0,0,0,0,0,0,0,0,0,0,0,0,0,0,0,0,0,0,0
0,0,0,0,0,0,0,0.00666071428571426,0,0,0,0,0,0,0.178901364736243,0,0,0,0.0100810810810811,0,0,0.0286923076923077,0,0,0,0,0,0,0,0,0,0,0,0.0481290322580645,0,0,0,0.00810869565217393,0,0,0,0,0.0891956521739133,0,0,0,0,0,0,0,0,0,0,0,0,0,0.0120322580645161,0.00518055555555556,0,0.0155416666666667,0,0,0.0419243467505036,0,0.0155416666666667,0.155416666666666,0.01165625,0,0,0,0,0.082888888888889,0,0.102649075017871,0.0180483870967742
0,0,0,0,0,0,0,0.0028545918367347,0.00717307692307693,0,0,0,0,0,0,0,0,0,0,0,0,0,0,0,0,0,0,0,0,0,0,0,0,0,0,0,0,0,0,0,0,0,0,0,0,0,0,0,0,0,0,0,0,0.00230246913580247,0,0,0,0,0,0,0,0,0,0,0,0.0932500000000002,0,0,0,0,0,0,0,0.0430963280809835,0
0,0,0,0,0,0,0,0.0028545918367347,0,0,0,0,0,0,0,0,0,0,0,0,0,0,0,0,0,0,0,0,0,0,0,0,0,0,0,0,0,0,0,0,0,0,0,0,0,0,0,0,0,0,0,0,0,0,0,0,0,0,0,0,0,0,0,0,0,0,0,0,0,0,0,0,0,0,0
0,0,0,0,0,0,0,0,0,0,0,0,0,0,0,0,0,0,0,0,0,0,0,0,0,0,0,0,0,0,0,0,0,0,0,0,0,0,0,0,0,0,0,0,0,0,0,0,0,0,0,0,0,0,0,0,0,0,0,0,0,0,0,0,0,0,0,0,0,0,0,0,0,0,0
0,0,0,0,0,0,0,0,0,0,0,0,0,0,0,0,0,0,0,0,0,0,0,0,0,0,0,0,0,0,0,0,0,0,0,0,0,0,0,0,0,0,0,0,0,0,0,0,0,0,0,0,0,0,0,0,0,0,0,0,0,0,0,0,0,0,0,0,0,0,0,0,0,0,0
0,0,0,0,0,0,0,0,0,0,0,0,0,0,0,0,0,0,0,0,0,0,0,0,0,0,0,0,0,0,0,0,0,0,0,0,0,0,0,0,0,0,0,0,0,0,0,0,0,0,0,0,0,0,0,0,0,0,0,0,0,0,0,0,0,0,0,0,0,0,0,0,0,0,0
0,0,0,0,0,0,0,0.00190306122448978,0,0,0,0,0,0,0,0,0,0,0,0,0,0,0,0,0,0,0,0,0,0,0,0,0,0,0,0,0,0,0,0,0,0,0,0,0,0,0,0,0,0,0,0,0,0,0,0,0,0,0,0,0,0,0.00270289855072464,0,0,0,0,0,0,0,0,0,0,0,0
0,0,0,0,0,0,0,0,0,0,0,0,0,0,0,0,0,0,0,0,0,0,0,0,0,0,0,0,0,0,0,0,0,0,0,0,0,0,0,0,0,0,0,0,0,0,0,0,0,0,0,0,0,0,0,0,0,0,0,0,0,0,0,0,0,0,0,0,0,0,0,0,0,0,0
0,0,0,0,0,0,0,0,0,0,0,0.294871055004509,0,0,0.0816431500699714,0,0,0,0.121269915232021,0,0,0,0,0,0,0,0,0,0,0,0,0,0,0,0,0.114151552038953,0,0,0.399453074433656,0,0,0,0.0340212438314797,0,0,0,0,0,0,0,0,0,0,0.124685584229947,0,0,0,0.0339873413937397,0,0,0,0,0,0,0,0,0,0,0,0,0,0,0.687,0,0.118790293015791
0,0,0,0,0,0,0,0.00947258381238389,0,0,0,0,0,0,0.0542220595000204,0,0,0,0,0,0,0,0,0,0,0,0,0,0,0,0,0,0,0,0,0,0,0,0,0,0,0,0,0,0,0,0,0,0,0,0,0,0,0,0,0,0,0,0,0,0,0,0.00810869565217391,0,0,0,0,0,0,0,0,0,0,0,0
0,0,0,0,0,0,0,0.00856377551020409,0,0,0,0,0,0,0,0,0,0,0,0,0,0,0,0,0,0,0,0,0,0,0,0,0,0,0,0,0,0,0,0.124964171535664,0,0,0,0,0,0,0,0,0,0,0,0,0,0,0,0,0,0,0,0,0,0,0.0346474367999556,0,0,0,0.0233125000000002,0,0,0,0,0,0,0,0
