0,0,0,0,0,0,0,0,0,0,0,0,0,0,0,0,0,0,0,0,0,0,0,0,0,0,0,0,0,0,0,0,0,0,0,0,0,0,0,0,0,0,0,0,0,0,0,0,0,0,0,0,0,0,0,0,0,0,0,0,0,0,0,0,0,0,0,0,0,0,0,0,0,0,0.0164235294117648
0,0,0,0,0,0,0,0,0,0,0,0,0,0,0,0,0,0,0,0,0,0,0,0,0,0,0,0,0,0,0,0,0,0,0,0,0,0,0,0,0,0,0,0,0,0,0,0,0,0,0,0,0,0,0,0,0.0204696884612756,0.00357948717948717,0,0,0,0,0,0,0,0,0,0,0,0,0,0,0,0,0
0,0,0,0,0,0,0,0,0,0,0,0,0,0,0,0,0,0,0,0,0,0,0,0,0,0,0,0,0,0,0,0,0,0,0,0,0,0,0,0,0,0,0,0,0,0,0,0,0,0,0,0,0,0,0,0,0,0,0,0,0,0,0,0,0,0,0,0,0,0,0,0,0,0,0
0,0,0,0,0,0,0,0,0,0,0,0,0,0,0,0,0,0,0,0,0,0,0,0,0,0,0,0,0,0,0,0,0,0,0,0,0,0,0,0,0,0,0,0,0,0,0,0,0,0,0,0,0,0,0,0,0,0.00357948717948717,0,0,0,0,0,0,0,0,0,0,0,0,0,0,0,0.0164235294117646,0
0,0,0,0,0,0,0,0.01217216261259,0,0,0,0,0,0,0.0818210197320883,0,0,0,0,0,0,0.0043625,0,0,0,0,0,0,0,0,0,0,0,0,0,0,0,0,0.00775555555555562,0,0,0,0.0418799999999999,0,0,0,0,0,0,0,0,0,0,0,0,0,0,0,0,0,0,0,0,0,0,0,0,0,0,0,0,0,0,0.0164235294117646,0.00410588235294117
0,0,0,0,0,0,0,0.000754594594594597,0,0,0,0,0,0,0,0,0,0,0,0,0,0.008725,0,0,0,0,0,0,0,0,0,0,0,0,0,0,0,0,0,0,0,0,0,0,0,0,0,0,0,0,0,0,0,0,0,0,0.00498571428571431,0,0,0,0,0,0,0,0,0,0,0,0,0,0,0,0,0,0
0,0,0,0,0,0,0,0.00603675675675676,0,0,0,0.00900645161290315,0,0,0.0190363636363636,0,0,0,0,0,0,0,0,0,0,0,0,0,0,0,0,0,0,0,0,0,0,0,0,0,0,0,0.0628200000000003,0,0,0,0,0,0,0,0,0,0,0,0,0,0.00997142857142858,0,0,0,0,0,0.0137633802816901,0,0,0,0,0,0,0,0,0,0,0,0
0,0,0,0,0,0,0,0.00980972972972973,0,0,0,0,0,0,0.00634545454545454,0,0,0,0,0,0,0.0130875,0,0,0,0,0,0,0,0,0,0,0,0,0,0,0,0,0,0,0,0,0,0,0,0,0,0,0,0,0,0,0,0,0,0,0.0249285714285715,0,0,0,0,0,0,0,0,0,0,0,0,0,0,0,0,0,0
0,0,0,0,0,0,0,0,0,0,0,0,0,0,0,0,0,0,0,0,0,0,0,0,0,0,0,0,0,0,0,0,0,0,0,0,0,0,0,0,0,0,0,0,0,0,0,0,0,0,0,0,0,0,0,0,0,0,0,0,0,0,0,0,0,0,0,0,0,0,0,0,0,0,0
0,0,0,0.01396,0,0,0,0.00301837837837838,0,0,0,0,0,0,0.0474044848395807,0,0,0,0.0349,0,0,0.061075,0,0,0,0,0,0,0,0,0.00997142857142864,0,0.0250695718857074,0.0232666666666667,0,0.0126909090909091,0,0.0126909090909091,0,0.0891888888888889,0,0,0.0628200000000003,0,0,0,0,0,0,0,0,0,0,0.0475457179588847,0,0,0.0797714285714288,0.0107384615384615,0,0,0,0,0.00786478873239437,0,0.00997142857142858,0,0.0930666666666667,0,0,0,0,0.0274021454674053,0,0.00821176470588237,0.00821176470588238
0,0,0,0,0,0,0,0,0,0,0,0,0,0,0,0,0,0,0,0,0,0,0,0,0,0,0,0,0,0,0,0,0,0,0,0,0,0,0,0,0,0,0,0,0,0,0,0,0,0,0,0,0,0,0,0,0,0,0,0,0,0,0,0,0,0,0,0,0,0,0,0,0,0,0
0,0,0,0,0,0,0,0.0015091891891892,0,0,0,0,0,0,0.00634545454545454,0,0,0,0,0,0,0.0043625,0,0,0,0,0,0,0,0,0,0,0,0,0,0,0,0,0,0,0,0,0,0,0,0,0,0,0,0,0,0,0,0,0,0,0,0,0,0,0,0,0,0.0279200000000001,0,0,0,0,0,0,0,0,0,0,0
0,0,0,0,0,0,0,0,0,0,0,0,0,0,0.00634545454545454,0,0,0,0,0,0,0,0,0,0,0,0,0,0,0,0,0,0,0,0,0,0,0,0,0,0,0,0,0,0,0,0,0,0,0,0,0,0,0,0,0,0,0,0,0,0,0,0,0,0,0,0,0,0,0,0,0,0,0.0164235294117646,0
0,0,0,0.05584,0,0,0,0.0924597108009489,0.0116333333333334,0,0,0.0720516129032257,0,0,0.0670564852598686,0,0,0,0.132065960420895,0,0,0.372048986565402,0,0,0,0,0,0,0,0,0.0897428571428572,0,0.123064940263699,0.00930666666666667,0,0.1396,0,0.0507636363636363,0,0.385657912723449,0,0,0.02792,0,0,0,0,0.0558399999999999,0,0,0,0,0,0.117094051275591,0,0,0.179856062811123,0.0627702779922626,0,0,0,0,0.185213263161891,0.05584,0.0299142857142857,0,0.116333333333333,0,0,0,0,0,0.0761454545454546,0.0683609747657705,0.0123176470588235
0,0,0,0,0,0,0,0.0256869596071185,0.0116333333333334,0,0,0,0,0,0,0,0,0,0.039688390777019,0,0,0.0436250000000001,0,0,0,0,0,0,0,0,0.0199428571428572,0,0.055597758055635,0.0325733333333333,0,0,0,0,0.00775555555555562,0,0,0,0.0558400000000003,0,0,0,0,0,0,0,0,0,0,0.029792565635049,0,0,0.157158013246463,0.108346144509104,0,0,0,0,0.0137633802816901,0.0279200000000001,0.019942857142857,0,0.0581666666666667,0,0,0,0,0,0,0,0.0246352941176472
0,0,0,0,0,0,0,0,0,0,0,0,0,0,0,0,0,0,0,0,0,0,0,0,0,0,0,0,0,0,0,0,0,0,0,0,0,0,0,0,0,0,0,0,0,0,0,0,0,0,0,0,0,0,0,0,0,0,0,0,0,0,0,0,0,0,0,0,0,0,0,0,0,0,0
0,0,0,0,0,0,0,0.012261088828439,0,0,0,0,0,0,0,0,0,0,0,0,0,0,0,0,0,0,0,0,0,0,0,0,0,0,0,0,0,0,0,0,0,0,0,0,0,0,0,0,0,0,0,0,0,0,0,0,0.0168418494167719,0,0,0,0,0,0.00393239436619718,0,0,0,0.0116333333333333,0,0,0,0,0,0,0,0
0,0,0,0,0,0,0,0.00377297297297297,0,0,0,0,0,0,0,0,0,0,0,0,0,0,0,0,0,0,0,0,0,0,0,0,0,0,0,0,0,0,0,0,0,0,0,0,0,0,0,0,0,0,0,0,0,0,0,0,0,0,0,0,0,0,0.00393239436619718,0,0,0,0,0,0,0,0,0,0,0,0
0,0,0,0,0,0,0,0.00830054054054055,0,0,0,0,0,0,0.0190363636363636,0,0,0,0,0,0,0.008725,0,0,0,0,0,0,0,0,0,0,0,0,0,0,0,0,0,0,0,0,0,0,0,0,0,0,0,0,0,0,0,0,0,0,0.0348999999999999,0,0,0,0,0,0,0,0,0,0,0,0,0,0,0,0,0,0
0,0,0,0,0,0,0,0,0,0,0,0,0,0,0,0,0,0,0,0,0,0,0,0,0,0,0,0,0,0,0,0,0,0,0,0,0,0,0,0,0,0,0,0,0,0,0,0,0,0,0,0,0,0,0,0,0,0,0,0,0,0,0,0,0,0,0,0,0,0,0,0,0,0,0
0,0,0,0.0279199999999999,0,0,0,0.0287053667933964,0,0,0,0,0,0,0,0,0,0,0.01047,0,0,0.145625249607449,0,0,0,0,0,0,0,0,0.00997142857142864,0,0.0788577783247782,0.00465333333333334,0,0,0,0.00634545454545454,0,0,0,0,0.0628200000000003,0,0,0,0,0,0,0,0,0.0465333333333331,0,0.0545925020922679,0,0,0.0199428571428572,0.0302662873846829,0,0,0,0,0.0231826499507069,0,0.019942857142857,0,0,0,0,0,0,0,0,0.018823818297505,0.00410588235294117
0,0,0,0,0,0,0,0.00679135135135134,0,0,0,0,0,0,0,0,0,0,0,0,0,0.0043625,0,0,0,0,0,0,0,0,0,0,0,0,0,0,0,0,0,0,0,0,0,0,0,0,0,0,0,0,0,0,0,0,0,0,0,0,0,0,0,0,0,0,0,0,0,0,0,0,0,0,0,0,0
0,0,0,0,0,0,0,0.00377297297297297,0,0,0,0,0,0,0.0107701111767819,0,0,0,0,0,0,0,0,0,0,0,0,0,0,0,0,0,0.0279200000000001,0,0,0,0,0,0,0,0,0,0,0,0,0,0,0,0,0,0,0,0,0,0,0,0.0398857142857142,0,0,0,0,0,0.0117971830985915,0,0,0,0,0,0,0,0,0,0,0,0
0,0,0,0.0977199999999999,0,0,0,0,0,0,0,0,0,0,0,0,0,0,0,0,0,0,0,0,0,0,0,0,0,0,0,0,0,0,0,0,0,0,0,0,0,0,0,0,0,0,0,0,0,0,0,0,0,0,0,0,0,0,0,0,0,0,0,0,0,0,0,0,0,0,0,0,0,0,0
0,0,0,0,0,0,0,0.00226378378378378,0,0,0,0,0,0,0,0,0,0,0,0,0,0,0,0,0,0,0,0,0,0,0,0,0,0,0,0,0,0,0,0,0,0,0,0,0,0,0,0,0,0,0,0,0,0,0,0,0,0,0,0,0,0,0.0019661971830986,0,0,0,0,0,0,0,0,0,0,0,0
0,0,0,0,0,0,0,0.00603675675675676,0,0,0,0,0,0,0,0,0,0,0,0,0,0.0349000000000001,0,0,0,0,0,0,0,0,0,0,0,0,0,0,0,0,0,0,0,0,0,0,0,0,0,0,0,0,0,0,0,0,0,0,0,0,0,0,0,0,0,0,0,0,0,0,0,0,0,0,0,0,0
0,0,0,0,0,0,0,0,0,0,0,0,0,0,0,0,0,0,0,0,0,0,0,0,0,0,0,0,0,0,0,0,0,0,0,0,0,0,0,0,0,0,0,0,0,0,0,0,0,0,0,0,0,0,0,0,0,0,0,0,0,0,0,0,0,0,0,0,0,0,0,0,0,0,0
0,0,0,0,0,0,0,0,0,0,0,0,0,0,0,0,0,0,0,0,0,0,0,0,0,0,0,0,0,0,0,0,0,0,0,0,0,0,0,0,0,0,0,0,0,0,0,0,0,0,0,0,0,0,0,0,0,0,0,0,0,0,0,0,0,0,0,0,0,0,0,0,0,0,0
0,0,0,0,0,0,0,0.00377297297297297,0,0,0,0,0,0,0,0,0,0,0,0,0,0.0043625,0,0,0,0,0,0,0,0,0,0,0,0,0,0,0,0,0,0,0,0,0.01396,0,0,0,0,0,0,0,0,0,0,0,0,0,0,0,0,0,0,0,0.00393239436619718,0,0,0,0,0,0,0,0,0,0,0.00821176470588237,0
0,0,0,0,0,0,0,0.00603675675675676,0,0,0,0,0,0,0.0126909090909091,0,0,0,0,0,0,0,0,0,0,0,0,0,0,0,0,0,0,0,0,0,0,0,0,0,0,0,0,0,0,0,0,0,0,0,0,0,0,0,0,0,0,0,0,0,0,0,0,0,0,0,0,0,0,0,0,0,0,0,0
0,0,0,0.0279199999999999,0,0,0,0.0441273372652083,0,0,0,0.0945685429257991,0,0,0.0474044848395807,0,0,0,0.01745,0,0,0.05235,0,0,0,0,0,0,0,0,0.00997142857142864,0,0.0558399999999999,0.0279199999999999,0,0.158159659090909,0,0.0126909090909091,0.00775555555555562,0,0,0,0.12564,0,0,0,0,0,0,0,0,0,0,0.0263688888888889,0,0,0.160523718577811,0.0143179487179488,0,0,0,0,0.0439220782202042,0.1396,0.0398857142857142,0,0.0581666666666667,0,0,0,0,0.175042532123069,0,0.00821176470588237,0.00410588235294117
0,0,0,0,0,0,0,0.00452756756756758,0,0,0,0,0,0,0,0,0,0,0,0,0,0.0130875,0,0,0,0,0,0,0,0,0,0,0,0.01396,0,0,0,0,0,0,0,0,0,0,0,0,0,0.0558399999999999,0,0,0,0,0,0,0,0,0,0,0,0,0,0,0,0,0,0,0,0,0,0,0,0,0,0,0
0,0,0,0,0,0,0,0,0,0,0,0,0,0,0,0,0,0,0,0,0,0,0,0,0,0,0,0,0,0,0,0,0,0,0,0,0,0,0,0,0,0,0,0,0,0,0,0,0,0,0,0,0,0,0,0,0,0,0,0,0,0,0,0,0,0,0,0,0,0,0,0,0,0,0
0,0,0,0,0,0,0,0.0626116164376587,0.0698000000000001,0,0,0.0590440738852883,0,0,0.188517266777886,0,0,0,0.170831146448811,0,0,0,0,0,0,0,0,0,0,0,0,0,0.0474289197837707,0.0186133333333333,0,0.072734375,0,0.136533067144152,0,0,0,0,0.0628200000000003,0,0,0,0,0.02792,0,0,0,0.1396,0,0.157355896956483,0,0,0,0.16251199231793,0,0,0,0,0.0246955746334541,0,0.00997142857142858,0,0.0349,0,0,0,0,0.0615183779323351,0,0.41678136456892,0.445461257732866
0,0,0,0,0,0,0,0.00377297297297297,0,0,0,0,0,0,0.00634545454545454,0,0,0,0,0,0,0,0,0,0,0,0,0,0,0,0,0,0,0,0,0,0,0,0,0,0,0,0,0,0,0,0,0,0,0,0,0,0,0,0,0,0,0,0,0,0,0,0,0,0,0,0,0,0,0,0,0,0,0,0
0,0,0,0,0,0,0,0.00603675675675676,0,0,0,0.00900645161290315,0,0,0.00634545454545454,0,0,0,0,0,0,0.0130875,0,0,0,0,0,0,0,0,0,0,0,0,0,0,0,0,0,0,0,0,0.01396,0,0,0,0,0,0,0,0,0,0,0,0,0,0,0,0,0,0,0,0,0,0,0,0,0,0,0,0,0,0,0,0
0,0,0,0,0,0,0,0,0,0,0,0,0,0,0,0,0,0,0,0,0,0,0,0,0,0,0,0,0,0,0,0,0,0,0,0,0,0,0,0,0,0,0,0,0,0,0,0,0,0,0,0,0,0,0,0,0,0,0,0,0,0,0,0,0,0,0,0,0,0,0,0,0,0,0
0,0,0,0.0837599999999997,0,0,0,0.0960357646071917,0.0581666666666667,0,0,0.00900645161290315,0,0,0.179520327059547,0,0,0,0.155474308177449,0,0,0.15849224085211,0,0,0,0,0,0,0,0,0.124643763750627,0,0.167223543074703,0.116333333333333,0,0,0,0.101527272727273,0,0.100822222222222,0,0,0.11866,0,0,0,0,0.11168,0,0,0,0.1396,0,0.165380095737674,0,0,0.160246236798184,0.0593349699399664,0,0,0,0,0.14828967336928,0.1396,0.0299142857142857,0,0.127966666666667,0,0,0,0,0.00821176470588227,0,0.0409984825723409,0.108967634973094
0,0,0,0,0,0,0,0.0015091891891892,0,0,0,0,0,0,0,0,0,0,0,0,0,0.0349000000000001,0,0,0,0,0,0,0,0,0,0,0,0,0,0,0,0,0,0,0,0,0,0,0,0,0,0,0,0,0,0,0,0,0,0,0.00997142857142858,0,0,0,0,0,0,0,0,0,0,0,0,0,0,0,0,0,0
0,0,0,0,0,0,0,0.00830054054054055,0,0,0,0,0,0,0,0,0,0,0,0,0,0,0,0,0,0,0,0,0,0,0,0,0,0,0,0,0,0,0,0,0,0,0,0,0,0,0,0,0,0,0,0,0,0,0,0,0,0,0,0,0,0,0,0,0,0,0,0,0,0,0,0,0,0,0
0,0,0,0,0,0,0,0.00528216216216217,0,0,0,0,0,0,0,0,0,0,0,0,0,0,0,0,0,0,0,0,0,0,0,0,0,0,0,0,0,0,0,0,0,0,0.00697999999999999,0,0,0,0,0,0,0,0,0,0,0,0,0,0,0,0,0,0,0,0,0,0,0,0,0,0,0,0,0,0,0,0
0,0,0,0,0,0,0,0.00452756756756758,0,0,0,0,0,0,0,0,0,0,0,0,0,0,0,0,0,0,0,0,0,0,0,0,0,0,0,0,0,0,0,0,0,0,0,0,0,0,0,0.0558399999999999,0,0,0,0,0,0.00155111111111112,0,0,0.0149571428571428,0.0167635336411268,0,0,0,0,0,0,0.0398857142857142,0,0,0,0,0,0,0,0,0,0
0,0,0,0.1396,0,0,0,0.0620191590630437,0.1396,0,0,0.173125687516687,0,0,0.0317272727272727,0,0,0,0.0244300000000001,0,0,0.0567125000000001,0,0,0,0,0,0,0,0,0.229476505822317,0,0,0.127490921465226,0,0,0,0.206037081039341,0,0,0,0,0.0977200000000001,0,0,0,0,0,0,0,0,0.1396,0,0.0710432040093379,0,0,0.0382972245815516,0.190904472393185,0,0,0,0,0.0723683897002884,0.11168,0.1396,0,0.0698,0,0,0,0,0.0827966285512199,0.0126909090909093,0.267466378840045,0.0672491984666068
0,0,0,0,0,0,0,0.0152774925500726,0,0,0,0,0,0,0.00634545454545454,0,0,0,0.01047,0,0,0,0,0,0,0,0,0,0,0,0,0,0,0,0,0,0,0,0.00775555555555562,0,0,0,0.00697999999999999,0,0,0,0,0,0,0,0,0,0,0,0,0,0,0,0,0,0,0,0,0,0,0,0,0,0,0,0,0,0,0,0
0,0,0,0,0,0,0,0.00754594594594594,0,0,0,0,0,0,0.0411267953906662,0,0,0,0,0,0,0,0,0,0,0,0,0,0,0,0,0,0,0,0,0,0,0,0,0,0,0,0,0,0,0,0,0,0,0,0,0,0,0,0,0,0,0,0,0,0,0,0,0,0,0,0,0,0,0,0,0,0,0.0164235294117646,0.0123176470588235
0,0,0,0,0,0,0,0.00754594594594594,0,0,0,0,0,0,0.0317272727272727,0,0,0,0,0,0,0.01745,0,0,0,0,0,0,0,0,0,0,0,0,0,0,0,0,0,0,0,0,0.0349,0,0,0,0,0,0,0,0,0,0,0,0,0,0,0,0,0,0,0,0,0,0,0,0,0,0,0,0,0,0,0,0
0,0,0,0,0,0,0,0.0015091891891892,0,0,0,0,0,0,0.0126909090909091,0,0,0,0,0,0,0,0,0,0,0,0,0,0,0,0,0,0,0,0,0,0,0,0,0,0,0,0,0,0,0,0,0,0,0,0,0,0,0,0,0,0,0,0,0,0,0,0,0,0,0,0,0,0,0,0,0,0,0.0164235294117646,0
0,0,0,0,0,0,0,0.00848811585546603,0,0,0,0,0,0,0.0481990052237152,0,0,0,0,0,0,0.061075,0,0,0,0,0,0,0,0,0,0,0.0279200000000001,0.0186133333333333,0,0.0317272727272728,0,0,0,0,0,0,0.01396,0,0,0,0,0,0,0,0,0,0,0,0,0,0,0.0407055247866997,0,0,0,0,0.0019661971830986,0,0,0,0,0,0,0,0,0,0,0.0492705882352942,0.0164235294117648
0,0,0,0,0,0,0,0,0,0,0,0,0,0,0,0,0,0,0,0,0,0,0,0,0,0,0,0,0,0,0,0,0,0,0,0,0,0,0,0,0,0,0,0,0,0,0,0,0,0,0,0,0,0,0,0,0,0,0,0,0,0,0,0,0,0,0,0,0,0,0,0,0,0,0
0,0,0,0,0,0,0,0,0,0,0,0,0,0,0,0,0,0,0,0,0,0,0,0,0,0,0,0,0,0,0,0,0,0,0,0,0,0,0,0,0,0,0,0,0,0,0,0,0,0,0,0,0,0,0,0,0,0,0,0,0,0,0,0,0,0,0,0,0,0,0,0,0,0,0
0,0,0,0,0,0,0,0.00754594594594594,0,0,0,0,0,0,0,0,0,0,0.01047,0,0,0,0,0,0,0,0,0,0,0,0,0,0,0,0,0,0,0,0,0,0,0,0,0,0,0,0,0,0,0,0,0,0,0,0,0,0,0.00357948717948717,0,0,0,0,0.0155463097979487,0,0,0,0,0,0,0,0,0,0,0,0
0,0,0,0,0,0,0,0.000754594594594597,0,0,0,0.0360267676399912,0,0,0,0,0,0,0.01047,0,0,0,0,0,0,0,0,0,0,0,0,0,0,0,0,0,0,0,0,0,0,0,0,0,0,0,0,0,0,0,0,0,0,0.00930666666666667,0,0,0.00997142857142858,0.0107384615384615,0,0,0,0,0,0,0.00997142857142858,0,0.0116333333333333,0,0,0,0,0,0,0,0
0,0,0,0,0,0,0,0,0,0,0,0,0,0,0,0,0,0,0,0,0,0,0,0,0,0,0,0,0,0,0,0,0,0,0,0,0,0,0,0,0,0,0,0,0,0,0,0,0,0,0,0,0,0,0,0,0,0,0,0,0,0,0,0,0,0,0,0,0,0,0,0,0,0,0
0,0,0,0,0,0,0,0.0686159586255501,0,0.1396,0,0.0315233816354765,0,0,0.306179863029262,0,0,0,0.01396,0,0,0.0130875,0,0,0,0,0,0,0,0,0,0,0,0.0402268347497095,0,0,0,0,0,0,0,0,0.0767800000000001,0,0,0,0,0,0,0,0,0,0,0.00310222222222222,0,0,0,0.0344578166019547,0,0,0,0,0.0019661971830986,0,0.0299142857142857,0,0,0,0,0,0,0.0945812094777788,0.0126909090909093,0.0844884318866107,0.075880483251766
0,0,0,0,0,0,0,0.00452756756756758,0,0,0,0,0,0,0,0,0,0,0,0,0,0,0,0,0,0,0,0,0,0,0,0,0,0,0,0,0,0,0,0,0,0,0.01396,0,0,0,0,0,0,0,0,0.0465333333333331,0,0,0,0,0.0149571428571428,0.00715897435897436,0,0,0,0,0.0019661971830986,0,0,0,0,0,0,0,0,0,0,0,0
0,0,0,0,0,0,0,0,0,0,0,0,0,0,0,0,0,0,0,0,0,0,0,0,0,0,0,0,0,0,0,0,0,0,0,0,0,0,0,0,0,0,0,0,0,0,0,0,0,0,0,0,0,0,0,0,0,0,0,0,0,0,0,0,0,0,0,0,0,0,0,0,0,0,0
0,0,0,0.0418799999999999,0,0,0,0.00528216216216217,0.127966666666667,0,0,0,0,0,0.0592899743785885,0,0,0,0.0892787972555624,0,0,0.315195706201473,0,0,0,0,0,0,0,0,0,0,0.0679346742608645,0,0,0.00634545454545471,0,0,0,0,0,0,0,0,0,0,0,0,0,0,0,0,0,0.0785521978394372,0,0,0.219078267671197,0.0530251500238905,0,0,0,0,0.0377513095441654,0,0,0,0.0465333333333333,0,0,0,0,0,0,0.024635294117647,0
0,0,0,0,0,0,0,0.00706098331032829,0,0,0,0,0,0,0,0,0,0,0,0,0,0,0,0,0,0,0,0,0,0,0,0,0,0,0,0,0,0,0,0,0,0,0.00697999999999999,0,0,0,0,0,0,0,0,0,0,0,0,0,0,0,0,0,0,0,0,0,0,0,0,0,0,0,0,0,0,0,0
0,0,0,0,0,0,0,0,0,0,0,0,0,0,0,0,0,0,0,0,0,0,0,0,0,0,0,0,0,0,0,0,0,0,0,0,0,0,0,0,0,0,0,0,0,0,0,0,0,0,0,0,0,0,0,0,0,0,0,0,0,0,0,0,0,0,0,0,0,0,0,0,0,0,0
0,0,0,0,0,0,0,0.0015091891891892,0,0.1396,0,0,0,0,0.0715473408585682,0,0,0,0,0,0,0,0,0,0,0,0,0,0,0,0,0,0,0,0,0,0,0,0,0,0,0,0.02094,0,0,0,0,0,0,0,0,0,0,0,0,0,0,0,0,0,0,0,0,0,0.019942857142857,0,0,0,0,0,0,0,0,0.0328470588235293,0
0,0,0,0,0,0,0,0.00679135135135134,0,0,0,0,0,0,0,0,0,0,0,0,0,0.0043625,0,0,0,0,0,0,0,0,0,0,0,0,0,0,0,0,0,0,0,0,0,0,0,0,0,0,0,0,0,0,0,0,0,0,0,0.00357948717948717,0,0,0,0,0,0,0,0,0,0,0,0,0,0,0,0.0164235294117646,0
0,0,0,0,0,0,0,0.00226378378378378,0,0,0,0.00900645161290315,0,0,0.0317272727272727,0,0,0,0,0,0,0,0,0,0,0,0,0,0,0,0,0,0,0.00930666666666667,0,0.0190363636363637,0,0,0.00775555555555562,0.00387777777777788,0,0,0.0349,0,0,0,0,0.08376,0,0,0,0,0,0,0,0,0,0.0143179487179488,0,0,0,0,0.00786478873239437,0,0.019942857142857,0,0,0,0,0,0,0,0,0.0574823529411763,0.0246352941176472
0,0,0,0,0,0,0,0,0,0,0,0,0,0,0,0,0,0,0,0,0,0,0,0,0,0,0,0,0,0,0,0,0,0,0,0,0,0,0,0,0,0,0,0,0,0,0,0,0,0,0,0,0,0,0,0,0,0,0,0,0,0,0,0,0,0,0,0,0,0,0,0,0,0,0
0,0,0,0,0,0,0,0,0,0,0,0,0,0,0,0,0,0,0,0,0,0,0,0,0,0,0,0,0,0,0,0,0,0,0,0,0,0,0,0,0,0,0,0,0,0,0,0,0,0,0,0,0,0,0,0,0,0,0,0,0,0,0,0,0,0,0,0,0,0,0,0,0,0,0
0,0,0,0,0,0,0,0.00226378378378378,0,0,0,0,0,0,0.00634545454545454,0,0,0,0,0,0,0,0,0,0,0,0,0,0,0,0,0,0,0,0,0,0,0,0,0,0,0,0.00697999999999999,0,0,0,0,0,0,0,0,0,0,0,0,0,0,0,0,0,0,0,0,0,0,0,0,0,0,0,0,0,0,0,0
0,0,0,0.0698,0,0,0,0.0669935959063622,0.0116333333333334,0.1396,0,0.120087089492463,0,0,0.0843368478809968,0,0,0,0.135731434629572,0,0,0.112328330511652,0,0,0,0,0,0,0,0,0.0299142857142857,0,0.0767800000000001,0.0791066666666667,0,0.140260321969697,0,0.082490909090909,0.108577777777778,0.208202330879776,0,0,0.0837600000000001,0,0,0,0,0.11168,0,0,0,0.1396,0,0.0638950729854425,0,0,0.18366923684422,0.0624816720000675,0,0,0,0,0.0510112177516817,0.05584,0.0299142857142857,0,0.0698,0,0,0,0,0.0574823529411765,0.139293562079944,0.0574823529411763,0.0615882352941177
0,0,0,0,0,0,0,0.00301837837837838,0,0,0,0,0,0,0,0,0,0,0,0,0,0.0119908305116515,0,0,0,0,0,0,0,0,0,0,0,0.00465333333333334,0,0,0,0,0,0,0,0,0,0,0,0,0,0,0,0,0,0,0,0.00930666666666667,0,0,0.0205457687686534,0.00715897435897436,0,0,0,0,0.00589859154929577,0,0,0,0,0,0,0,0,0,0,0,0.0123176470588235
0,0,0,0,0,0,0,0.0295757758278491,0,0,0,0,0,0,0,0,0,0,0,0,0,0.01745,0,0,0,0,0,0,0,0,0,0,0,0,0,0,0,0,0,0,0,0,0,0,0,0,0,0,0,0,0,0,0,0,0,0,0,0,0,0,0,0,0,0,0,0,0,0,0,0,0,0,0,0,0
0,0,0,0.0698,0,0,0,0.107727721794041,0.0116333333333334,0,0,0.0855620913128957,0,0,0.0911158450373807,0,0,0,0.0714754000145914,0,0,0.0785250000000001,0,0,0,0,0,0,0,0,0.0895865685442791,0,0.0488600000000001,0.134342023843133,0,0,0,0.109505691200697,0.0504111111111111,0,0,0,0.0837600000000001,0,0,0,0,0.0906936370751979,0,0,0,0.0465333333333331,0,0.0788039326455882,0,0,0.0648142857142855,0.116395006989549,0,0,0,0,0.0617936832585108,0.05584,0.0498571428571427,0,0.0465333333333333,0,0,0,0,0.0698443946716963,0.0463290413866291,0.134408771664172,0.153019526741362
0,0,0,0,0,0,0,0.00830054054054055,0,0,0,0,0,0,0.00634545454545454,0,0,0,0,0,0,0,0,0,0,0,0,0,0,0,0,0,0,0,0,0,0,0,0,0,0,0,0.0418799999999999,0,0,0,0,0,0,0,0,0,0,0,0,0,0.0249285714285715,0,0,0,0,0,0.0117971830985915,0,0,0,0,0,0,0,0,0,0,0,0
0,0,0,0.0837599999999997,0,0,0,0.0619029627307877,0.0116333333333334,0,0,0,0,0,0.0677764461409543,0,0,0,0.00779654717118785,0,0,0.0130875,0,0,0,0,0,0,0,0,0,0,0.02094,0,0,0,0,0.00705163328112433,0,0,0,0,0.0488600000000003,0,0,0,0,0.0168012404362494,0,0,0,0,0,0.0131821214592816,0,0,0.0853926072245977,0.0653700622892611,0,0,0,0,0.0227545572948622,0,0,0,0,0,0,0,0,0,0,0.0755700343409588,0.097807910107256
0,0,0,0.1396,0,0,0,0.0947233947920888,0.0349,0,0,0,0,0,0.0847788237375293,0,0,0,0.266273936254176,0,0,0.403260694242845,0,0,0,0,0,0,0,0,0.0199428571428572,0,0.233673503685707,0.392740226763971,0,0.121223958333334,0,0.109639486982396,0.0155111111111111,0,0,0,0.11866,0,0,0,0,0.12233739362505,0,0,0,0.0930666666666669,0,0.0702193244018416,0,0,0.174413156295983,0.150744558208999,0,0,0,0,0.0931474641006226,0.0837600000000001,0.0598285714285715,0,0.0814333333333333,0,0,0,0,0.0369529411764704,0.1396,0.0675448059985655,0.068191465145145
0,0,0,0.0698,0,0,0,0.130631705403687,0,0,0,0,0,0,0.0764856001955374,0,0,0,0.183411050772825,0,0,0.311931056372188,0,0,0,0,0,0,0,0,0.049857142857143,0,0.37799344985042,0.215399348394611,0,0.0738714015151516,0,0.0482819374737148,0,0.298158403434981,0,0,0.0418799999999999,0,0,0,0,0.0558399999999999,0,0,0,0.0465333333333331,0,0.19047624718542,0,0,0.147211722696724,0.176990065860128,0,0,0,0,0.0896701925488971,0.05584,0.0498571428571427,0,0.0465333333333333,0,0,0,0,0,0.0463290413866291,0.114271320273553,0.126715891637959
0,0,0,0,0,0,0,0,0,0,0,0,0,0,0,0,0,0,0,0,0,0,0,0,0,0,0,0,0,0,0,0,0,0,0,0,0,0,0,0,0,0,0,0,0,0,0,0,0,0,0,0,0,0,0,0,0,0,0,0,0,0,0,0,0,0,0,0,0,0,0,0,0,0,0
0,0,0,0,0,0,0,0.0015091891891892,0,0,0,0,0,0,0.00634545454545454,0,0,0,0,0,0,0,0,0,0,0,0,0,0,0,0,0,0,0,0,0,0,0,0,0,0,0,0.00697999999999999,0,0,0,0,0,0,0,0,0,0,0,0,0,0,0,0,0,0,0,0,0,0,0,0,0,0,0,0,0,0,0,0
0,0,0,0,0,0,0,0.00377297297297297,0,0,0,0,0,0,0,0,0,0,0,0,0,0,0,0,0,0,0,0,0,0,0,0,0,0,0,0,0,0,0,0,0,0,0,0,0,0,0,0,0,0,0,0,0,0,0,0,0,0,0,0,0,0,0,0,0,0,0,0,0,0,0,0,0,0,0.00821176470588238
0,0,0,0.11168,0,0,0,0.259435247935527,0.127966666666667,0,0,0,0,0,0.178864208945335,0,0,0,0.126498852843403,0,0,0.162069781702829,0,0,0,0,0,0,0,0,0.0598285714285715,0,0.356058953779878,0.110688100849826,0,0,0,0.0634545454545452,0,0.235442253767964,0,0,0.12564,0,0,0,0,0.0968223805694963,0,0,0,0.0930666666666669,0,0.194219408560603,0,0,0.230993382454689,0.10260807359123,0,0,0,0,0.152359763023062,0.1396,0.0698000000000001,0,0.0698,0,0,0,0,0,0,0.128708182878088,0.031978711379862
0,0,0,0,0,0,0,0,0,0,0,0,0,0,0,0,0,0,0,0,0,0,0,0,0,0,0,0,0,0,0,0,0,0,0,0,0,0,0,0,0,0,0,0,0,0,0,0,0,0,0,0,0,0,0,0,0,0,0,0,0,0,0,0,0,0,0,0,0,0,0,0,0,0,0
0,0,0,0,0,0,0,0.272078234637721,0,0,0,0,0,0,0.160241267851122,0,0,0,0.247997881158343,0,0,0.396125485295028,0,0,0,0,0,0,0,0,0.100115871927957,0,0,0.0396411680758039,0,0.270422676282052,0,0.209492090772321,0.00387777777777771,0,0,0,0.02094,0,0,0,0,0,0,0,0,0,0,0.327898721851677,0,0,0.116361048246971,0.334066345959106,0,0,0,0,0.186270378277777,0,0,0,0,0,0,0,0,0.0689813037840385,0,0.160813509346809,0.0697226821808471
0,0,0,0,0,0,0,0,0,0,0,0,0,0,0,0,0,0,0,0,0,0,0,0,0,0,0,0,0,0,0,0,0,0,0,0,0,0,0,0,0,0,0,0,0,0,0,0,0,0,0,0,0,0,0,0,0,0,0,0,0,0,0,0,0,0,0,0,0,0,0,0,0,0,0
0,0,0,0,0,0,0,0.00754594594594594,0,0,0,0,0,0,0,0,0,0,0,0,0,0,0,0,0,0,0,0,0,0,0,0,0,0,0,0,0,0,0,0,0,0,0,0,0,0,0,0,0,0,0,0,0,0,0,0,0,0,0,0,0,0,0,0,0,0,0,0,0,0,0,0,0,0,0
0,0,0,0.0698,0,0,0,0.100034663470534,0.0349,0,0,0.00900645161290315,0,0,0.137268479527858,0,0,0,0.186752476391043,0,0,0.151738711043164,0,0,0,0,0,0,0,0,0.089765402661561,0,0.234702188370939,0.128398310953629,0,0.0554166666666668,0,0.0874983932105378,0.0775555555555556,0.147511338941465,0,0,0.0837600000000001,0,0,0,0,0.0558399999999999,0,0,0,0,0,0.20617393930628,0,0,0.0972816833813731,0.0723561498336965,0,0,0,0,0.104990465586534,0.0279200000000001,0.0398857142857142,0,0.0581666666666667,0,0,0,0,0,0,0.0926826411047025,0.114679256754698
0,0,0,0,0,0,0,0.00980972972972973,0,0,0,0,0,0,0.063160975634933,0,0,0,0,0,0,0,0,0,0,0,0,0,0,0,0,0,0,0,0,0.0865623106060607,0,0,0,0,0,0,0,0,0,0,0,0,0,0,0,0,0,0,0,0,0,0,0,0,0,0,0,0,0.019942857142857,0,0,0,0,0,0,0,0,0,0
0,0,0,0,0,0,0,0.0106629734234007,0,0,0,0,0,0,0.00634545454545454,0,0,0,0,0,0,0,0,0,0,0,0,0,0,0,0,0,0,0,0,0,0,0,0,0,0,0,0.00697999999999999,0,0,0,0,0,0,0,0,0.1396,0,0.0108577777777778,0,0,0.101581384256218,0.0107384615384615,0,0,0,0,0.00983098591549296,0,0,0,0.0581666666666667,0,0,0,0,0,0.0634545454545454,0.0595686594691498,0.0990910484243225
0,0,0,0,0,0,0,0.00377297297297297,0,0,0,0,0,0,0.0190363636363636,0,0,0,0,0,0,0,0,0,0,0,0,0,0,0,0,0,0,0,0,0,0,0,0,0,0,0,0,0,0,0,0,0,0,0,0,0,0,0,0,0,0,0,0,0,0,0,0,0,0,0,0,0,0,0,0,0,0,0,0
0,0,0,0,0,0,0,0,0,0,0,0,0,0,0.0126909090909091,0,0,0,0,0,0,0.01745,0,0,0,0,0,0,0,0,0,0,0,0,0,0.0190363636363637,0,0.00634545454545454,0,0,0,0,0,0,0,0,0,0,0,0,0,0,0,0,0,0,0,0.0107384615384615,0,0,0,0,0.00786478873239437,0,0,0,0,0,0,0,0,0,0,0,0.00410588235294117
0,0,0,0,0,0,0,0.00452756756756758,0,0,0,0,0,0,0.00634545454545454,0,0,0,0,0,0,0,0,0,0,0,0,0,0,0,0,0,0,0,0,0,0,0,0,0,0,0,0.01396,0,0,0,0,0,0,0,0,0,0,0,0,0,0,0,0,0,0,0,0,0,0,0,0,0,0,0,0,0,0,0,0.00410588235294117
0,0,0,0,0,0,0,0.00528216216216217,0,0,0,0,0,0,0,0,0,0,0,0,0,0.0218125,0,0,0,0,0,0,0,0,0,0,0,0,0,0,0,0,0,0,0,0,0.02792,0,0,0,0,0,0,0,0,0,0,0,0,0,0.00997142857142858,0,0,0,0,0,0.0176957746478874,0,0,0,0,0,0,0,0,0,0,0.0164235294117646,0.00410588235294117
0,0,0,0,0,0,0,0.00377297297297297,0,0,0,0,0,0,0.0359532188202831,0,0,0,0,0,0,0.008725,0,0,0,0,0,0,0,0,0,0,0,0,0,0,0,0,0,0,0,0,0,0,0,0,0,0,0,0,0,0,0,0,0,0,0,0,0,0,0,0,0,0,0,0,0,0,0,0,0,0,0,0,0
0,0,0,0,0,0,0,0.0015091891891892,0,0,0,0,0,0,0,0,0,0,0,0,0,0,0,0,0,0,0,0,0,0,0,0,0,0,0,0,0,0,0,0,0,0,0.02792,0,0,0,0,0,0,0,0,0,0,0,0,0,0,0,0,0,0,0,0,0,0,0,0,0,0,0,0,0,0,0,0
0,0,0,0.0418799999999999,0,0,0,0.00377297297297297,0.0465333333333334,0,0,0,0,0,0,0,0,0,0.00698,0,0,0.01745,0,0,0,0,0,0,0,0,0.00997142857142864,0,0,0.0418799999999999,0,0,0,0,0,0,0,0,0.0418799999999999,0,0,0,0,0,0,0,0,0,0,0.00310222222222222,0,0,0.0299142857142857,0,0,0,0,0,0.0275267605633804,0,0.0797714285714286,0,0,0,0,0,0,0,0,0,0
0,0,0,0,0,0,0,0.00452756756756758,0,0,0,0,0,0,0.00634545454545454,0,0,0,0,0,0,0,0,0,0,0,0,0,0,0,0,0,0,0,0,0,0,0,0,0,0,0,0,0,0,0,0,0,0,0,0,0,0,0,0,0,0,0,0,0,0,0,0.00786478873239437,0,0,0,0,0,0,0,0,0,0,0,0
0,0,0,0.0279199999999999,0,0,0,0.0551026890144567,0.0232666666666667,0,0,0,0,0,0.189091137581734,0,0,0,0.40928,0,0,0.0130875,0,0,0,0,0,0,0,0,0.0398857142857142,0,0.0279200000000001,0.413880324477193,0,0.3325,0,0.165488532579255,0.0465333333333333,0,0,0,0.11168,0,0,0,0,0.387507858230119,0,0,0,0.1396,0,0.0403141960366638,0,0,0.0579309160240858,0.159922428744351,0,0,0,0,0.0642557279513627,0,0.0398857142857142,0,0.0232666666666667,0,0,0,0,0,0.348949690484612,0.347057055906431,0.208808434509413
0,0,0,0.0837599999999997,0,0,0,0.00301837837837838,0.1396,0,0,0,0,0,0.0190363636363636,0,0,0,0.00698,0,0,0.0043625,0,0,0,0,0,0,0,0,0,0,0,0.01396,0,0,0,0,0,0,0,0,0.02094,0,0,0,0,0,0,0,0,0,0,0,0,0,0.00498571428571431,0,0,0,0,0,0.0019661971830986,0,0.0299142857142857,0,0.0581666666666667,0,0,0,0,0,0,0.0492705882352942,0.00410588235294117
0,0,0,0.05584,0,0,0,0.00377297297297297,0.0232666666666667,0,0,0,0,0,0.0444181818181819,0,0,0,0,0,0,0,0,0,0,0,0,0,0,0,0,0,0,0,0,0,0,0,0,0.285288871363477,0,0,0.02792,0,0,0,0,0,0,0,0,0,0,0,0,0,0.00997142857142858,0.00357948717948717,0,0,0,0,0,0,0.0299142857142857,0,0.0465333333333333,0,0,0,0,0,0,0.0328470588235293,0.0451647058823528
0,0,0,0,0,0,0,0.00603675675675676,0,0,0,0,0,0,0,0,0,0,0.01396,0,0,0.01745,0,0,0,0,0,0,0,0,0,0,0,0,0,0,0,0,0,0,0,0,0.02094,0,0,0,0,0,0,0,0,0.0465333333333331,0,0.00155111111111112,0,0,0,0.054138159373069,0,0,0,0,0.00589859154929577,0.05584,0.0398857142857142,0,0,0,0,0,0,0,0,0,0.0328470588235294
0,0,0,0,0,0,0,0.0015091891891892,0,0,0,0,0,0,0.0253818181818182,0,0,0,0,0,0,0.0567125000000001,0,0,0,0,0,0,0,0,0,0,0,0,0,0,0,0,0,0,0,0,0,0,0,0,0,0,0,0,0,0,0,0,0,0,0,0,0,0,0,0,0,0,0,0,0,0,0,0,0,0,0,0.0846987389173149,0.174620380656244
0,0,0,0.0279199999999999,0,0,0,0.0250872222798022,0,0,0,0,0,0,0.0992417719479494,0,0,0,0.02094,0,0,0.0392625,0,0,0,0,0,0,0,0,0,0,0.09772,0,0,0,0,0,0,0,0,0,0.01396,0,0,0,0,0,0,0,0,0,0,0.00465333333333333,0,0,0.0619678026075573,0,0,0,0,0,0.00786478873239437,0,0,0,0.0116333333333333,0,0,0,0,0,0,0,0
0,0,0,0,0,0,0,0.000754594594594597,0,0,0,0,0,0,0.0253818181818182,0,0,0,0,0,0,0,0,0,0,0,0,0,0,0,0,0,0,0,0,0.0126909090909091,0,0,0,0,0,0,0,0,0,0,0,0,0,0,0,0,0,0,0,0,0,0,0,0,0,0,0,0,0,0,0,0,0,0,0,0,0,0.0328470588235293,0.0164235294117648
0,0,0,0,0,0,0,0.00452756756756758,0.0232666666666667,0,0,0,0,0,0,0,0,0,0,0,0,0,0,0,0,0,0,0,0,0,0,0,0,0,0,0,0,0,0.0542888888888889,0,0,0,0.01396,0,0,0,0,0,0,0,0,0,0,0,0,0,0.00498571428571431,0,0,0,0,0,0.0117971830985915,0,0,0,0,0,0,0,0,0,0,0,0
0,0,0,0,0,0,0,0.00226378378378378,0,0,0,0,0,0,0.00634545454545454,0,0,0,0,0,0,0,0,0,0,0,0,0,0,0,0,0,0,0,0,0,0,0.00634545454545454,0,0,0,0,0.02094,0,0,0,0,0,0,0,0,0.0465333333333331,0,0,0,0,0.0299142857142857,0.0143179487179488,0,0,0,0,0.00786478873239437,0,0,0,0.0349,0,0,0,0,0,0,0.0164235294117646,0.0205294117647059
0,0,0,0,0,0,0,0.00830054054054055,0,0,0,0,0,0,0.00634545454545454,0,0,0,0,0,0,0.0043625,0,0,0,0,0,0,0,0,0,0,0.00698,0,0,0,0,0,0,0,0,0,0,0,0,0,0,0,0,0,0,0,0,0,0,0,0.0553696884612756,0,0,0,0,0,0.0137633802816901,0,0,0,0,0,0,0,0,0,0,0,0
0,0,0,0.05584,0,0,0,0.0848893138403925,0,0.1396,0,0.0390290249763342,0,0,0.162340901676937,0,0,0,0.0723524490667901,0,0,0.462945631301312,0,0,0,0,0,0,0,0,0.151262694730962,0,0.223783057425277,0.343180199450431,0,0.126909090909091,0,0.0835712561231284,0,0,0,0,0.0698000000000001,0,0,0,0,0.206909517665701,0,0,0,0.1396,0,0.125656494593925,0,0,0.170763890472855,0.183955229630362,0,0,0,0,0.0742086420758448,0.0279200000000001,0.00997142857142858,0,0.0930666666666667,0,0,0,0,0.0459579394082282,0.223388892819243,0.0629065786142058,0.0417555756463719
0,0,0,0,0,0,0,0.0015091891891892,0,0,0,0,0,0,0,0,0,0,0,0,0,0,0,0,0,0,0,0,0,0,0,0,0,0,0,0,0,0,0,0,0,0,0,0,0,0,0,0,0,0,0,0,0,0,0,0,0.0149571428571428,0,0,0,0,0,0,0,0,0,0,0,0,0,0,0,0,0,0
0,0,0,0,0,0,0,0.0709617738683374,0,0,0,0,0,0,0.0317272727272727,0,0,0,0,0,0,0.0501651021688919,0,0,0,0,0,0,0,0,0,0,0,0,0,0,0,0,0,0,0,0,0,0,0,0,0,0,0,0,0,0,0,0,0,0,0.00498571428571431,0,0,0,0,0,0,0,0.00997142857142858,0,0,0,0,0,0,0,0,0,0
0,0,0,0,0,0,0,0.000754594594594597,0,0,0,0,0,0,0.00634545454545454,0,0,0,0,0,0,0,0,0,0,0,0,0,0,0,0,0,0,0,0,0,0,0,0,0,0,0,0,0,0,0,0,0,0,0,0,0,0,0,0,0,0,0,0,0,0,0,0,0,0.00997142857142858,0,0,0,0,0,0,0,0,0,0.00410588235294117
0,0,0,0.12564,0,0,0,0.0512153135708119,0.116333333333333,0.1396,0,0,0,0,0.0754488026245812,0,0,0,0.0349,0,0,0.115367972935168,0,0,0,0,0,0,0,0,0.0299142857142857,0,0.1047,0.0698,0,0.0484895833333336,0,0.282808735567746,0.0116333333333333,0,0,0,0.12564,0,0,0,0,0.08376,0,0,0,0.1396,0,0.0341244444444444,0,0,0.0897428571428573,0.112877076524116,0,0,0,0,0.0881202554252933,0.11168,0.119657142857143,0,0.0814333333333333,0,0,0,0,0.358290380761524,0,0.262809800467293,0.271108231434497
0,0,0,0,0,0,0,0,0,0,0,0,0,0,0,0,0,0,0,0,0,0,0,0,0,0,0,0,0,0,0,0,0,0,0,0,0,0,0,0,0,0,0,0,0,0,0,0,0,0,0,0,0,0,0,0,0,0,0,0,0,0,0,0,0,0,0,0,0,0,0,0,0,0,0
0,0,0,0,0,0,0,0.0999315865635348,0,0,0,0,0,0,0.148944333849344,0,0,0,0,0,0,0,0,0,0,0,0,0,0,0,0,0,0,0,0,0,0,0,0,0.00387777777777788,0,0,0.0418799999999999,0,0,0,0,0,0,0,0,0,0,0,0,0,0,0.00357948717948717,0,0,0,0,0,0,0,0,0,0,0,0,0,0,0,0.0328470588235293,0.0123176470588235
0,0,0,0,0,0,0,0,0,0,0,0,0,0,0,0,0,0,0,0,0,0,0,0,0,0,0,0,0,0,0,0,0,0,0,0,0,0,0,0,0,0,0,0,0,0,0,0,0,0,0,0,0,0,0,0,0,0,0,0,0,0,0,0,0,0,0,0,0,0,0,0,0,0,0
0,0,0,0,0,0,0,0,0,0,0,0,0,0,0,0,0,0,0,0,0,0,0,0,0,0,0,0,0,0,0,0,0,0,0,0,0,0,0,0,0,0,0,0,0,0,0,0,0,0,0,0,0,0,0,0,0,0,0,0,0,0,0,0,0,0,0,0,0,0,0,0,0,0,0
0,0,0,0.1396,0,0,0,0.0408467572071847,0.127966666666667,0,0,0.0930677346537535,0,0,0.230871756255305,0,0,0,0.06631,0,0,0.0697999999999999,0,0,0,0,0,0,0,0,0.00997142857142864,0,0.0698,0.1396,0,0.101527272727273,0,0.10787505586935,0.1396,0.160836487907466,0,0,0.1396,0,0,0,0,0.11168,0,0,0,0.1396,0,0.0449822222222222,0,0,0.0598285714285712,0.116605484093507,0,0,0,0,0.0353915492957746,0.05584,0.109685714285714,0,0.0698,0,0,0,0,0.128075586467052,0.0126909090909093,0.156527652628428,0.227872796431582
0,0,0,0,0,0,0,0,0,0,0,0,0,0,0,0,0,0,0,0,0,0,0,0,0,0,0,0,0,0,0,0,0,0,0,0,0,0,0,0,0,0,0,0,0,0,0,0,0,0,0,0,0,0,0,0,0,0,0,0,0,0,0,0,0,0,0,0,0,0,0,0,0,0,0
0,0,0,0.01396,0,0,0,0.00452756756756758,0,0,0,0,0,0,0,0,0,0,0,0,0,0.008725,0,0,0,0,0,0,0,0,0,0,0,0,0,0,0,0,0,0,0,0,0,0,0,0,0,0,0,0,0,0,0,0,0,0,0,0,0,0,0,0,0.0019661971830986,0,0,0,0,0,0,0,0,0,0,0,0
0,0,0,0,0,0,0,0.00377297297297297,0,0,0,0,0,0,0.0126909090909091,0,0,0,0,0,0,0,0,0,0,0,0,0,0,0,0,0,0,0.0325733333333333,0,0.0317272727272728,0,0,0,0,0,0,0.02792,0,0,0,0,0,0,0,0,0,0,0,0,0,0,0.00357948717948717,0,0,0,0,0.00589859154929577,0,0,0,0,0,0,0,0,0,0,0,0
0,0,0,0,0,0,0,0.00377297297297297,0,0,0,0,0,0,0.0126909090909091,0,0,0,0,0,0,0,0,0,0,0,0,0,0,0,0,0,0,0,0,0,0,0,0,0,0,0,0,0,0,0,0,0,0,0,0,0,0,0,0,0,0,0,0,0,0,0,0,0,0,0,0,0,0,0,0,0,0,0,0
0,0,0,0,0,0,0,0.00452756756756758,0,0,0,0,0,0,0,0,0,0,0.0148188528434034,0,0,0.0305133220466062,0,0,0,0,0,0,0,0,0,0,0,0,0,0,0,0,0,0,0,0,0.00697999999999999,0,0,0,0,0.0558399999999999,0,0,0,0,0,0.00310222222222222,0,0,0.00498571428571431,0.0160430939437696,0,0,0,0,0,0,0,0,0.0116333333333333,0,0,0,0,0,0,0.00821176470588237,0
0,0,0,0,0,0,0,0.0015091891891892,0,0,0,0,0,0,0,0,0,0,0,0,0,0.0043625,0,0,0,0,0,0,0,0,0,0,0,0,0,0,0,0,0,0,0,0,0.00697999999999999,0,0,0,0,0,0,0,0,0,0,0,0,0,0,0,0,0,0,0,0,0,0,0,0,0,0,0,0,0,0,0.0164235294117646,0
0,0,0,0,0,0,0,0,0,0,0,0,0,0,0,0,0,0,0,0,0,0,0,0,0,0,0,0,0,0,0,0,0,0,0,0,0,0,0,0,0,0,0,0,0,0,0,0,0,0,0,0,0,0,0,0,0,0,0,0,0,0,0,0,0,0,0,0,0,0,0,0,0,0,0
0,0,0,0,0,0,0,0.00226378378378378,0,0,0,0,0,0,0.0190363636363636,0,0,0,0,0,0,0,0,0,0,0,0,0,0,0,0,0,0,0,0,0,0,0,0,0,0,0,0,0,0,0,0,0,0,0,0,0,0,0,0,0,0,0,0,0,0,0,0,0,0,0,0,0,0,0,0,0,0,0,0
0,0,0,0,0,0,0,0,0,0,0,0,0,0,0,0,0,0,0,0,0,0,0,0,0,0,0,0,0,0,0,0,0,0,0,0,0,0,0,0,0,0,0,0,0,0,0,0,0,0,0,0,0,0,0,0,0,0,0,0,0,0,0,0,0,0,0,0,0,0,0,0,0,0,0
0,0,0,0,0,0,0,0.00603675675675676,0,0,0,0,0,0,0.0126909090909091,0,0,0,0,0,0,0,0,0,0,0,0,0,0,0,0,0,0,0,0,0,0,0,0,0,0,0,0,0,0,0,0,0,0,0,0,0,0,0,0,0,0,0,0,0,0,0,0,0,0,0,0,0,0,0,0,0,0,0,0
0,0,0,0,0,0,0,0.00226378378378378,0,0,0,0,0,0,0.0126909090909091,0,0,0,0,0,0,0.0130875,0,0,0,0,0,0,0,0,0,0,0,0.00465333333333334,0,0,0,0,0,0,0,0,0.0349,0,0,0,0,0,0,0,0,0,0,0,0,0,0,0,0,0,0,0,0.00589859154929577,0,0,0,0,0,0,0,0,0,0,0.0327867178664585,0.00777858272960533
0,0,0,0,0,0,0,0.00226378378378378,0,0,0,0,0,0,0,0,0,0,0,0,0,0.008725,0,0,0,0,0,0,0,0,0,0,0,0,0,0,0,0,0,0,0,0,0.0349,0,0,0,0,0,0,0,0,0,0,0,0,0,0,0.00357948717948717,0,0,0,0,0,0,0,0,0,0,0,0,0,0,0,0,0
0,0,0,0,0,0,0,0.00538081126123861,0,0,0,0.0270199956309618,0,0,0.0190363636363636,0,0,0,0,0,0,0.01745,0,0,0,0,0,0,0,0,0,0,0,0,0,0,0,0,0,0,0,0,0,0,0,0,0,0.0558399999999999,0,0,0,0,0,0.0108577777777778,0,0,0.00498571428571431,0,0,0,0,0,0.0019661971830986,0,0,0,0,0,0,0,0,0,0,0,0
0,0,0,0.01396,0,0,0,0.0015091891891892,0,0,0,0,0,0,0,0,0,0,0,0,0,0,0,0,0,0,0,0,0,0,0,0,0,0,0,0,0,0,0,0,0,0,0,0,0,0,0,0,0,0,0,0,0,0,0,0,0,0.0107384615384615,0,0,0,0,0.0019661971830986,0,0,0,0,0,0,0,0,0,0,0,0
0,0,0,0,0,0,0,0.00301837837837838,0,0,0,0,0,0,0.00634545454545454,0,0,0,0,0,0,0,0,0,0,0,0,0,0,0,0,0,0,0,0,0,0,0,0,0,0,0,0.00697999999999999,0,0,0,0,0,0,0,0,0,0,0,0,0,0,0,0,0,0,0,0,0,0,0,0.0116333333333333,0,0,0,0,0,0,0,0
0,0,0,0,0,0,0,0,0,0,0,0,0,0,0,0,0,0,0,0,0,0,0,0,0,0,0,0,0,0,0,0,0,0,0,0,0,0,0,0,0,0,0,0,0,0,0,0,0,0,0,0,0,0,0,0,0,0,0,0,0,0,0,0,0,0,0,0,0,0,0,0,0,0,0
0,0,0,0,0,0,0,0.0213900663962293,0,0,0,0,0,0,0.0786124797033498,0,0,0,0,0,0,0,0,0,0,0,0,0,0,0,0,0,0,0,0,0.0126909090909091,0,0,0,0,0,0,0.02094,0,0,0,0,0,0,0,0,0,0,0,0,0,0,0,0,0,0,0,0,0,0,0,0.0116333333333333,0,0,0,0,0,0,0,0.0287411764705883
0,0,0,0,0,0,0,0.0015091891891892,0.0581666666666667,0,0,0,0,0,0,0,0,0,0,0,0,0.0043625,0,0,0,0,0,0,0,0,0,0,0,0,0,0,0,0,0,0.00387777777777788,0,0,0,0,0,0,0,0,0,0,0,0,0,0,0,0,0,0.00357948717948717,0,0,0,0,0.0019661971830986,0,0.00997142857142858,0,0,0,0,0,0,0,0,0,0
0,0,0,0,0,0,0,0.00528216216216217,0,0,0,0,0,0,0.0380727272727273,0,0,0,0,0,0,0.0130875,0,0,0,0,0,0,0,0,0,0,0,0,0,0,0,0,0,0,0,0,0,0,0,0,0,0,0,0,0,0,0,0,0,0,0,0,0,0,0,0,0,0,0,0,0,0,0,0,0,0,0,0,0
0,0,0,0,0,0,0,0,0,0,0,0,0,0,0,0,0,0,0,0,0,0,0,0,0,0,0,0,0,0,0,0,0,0,0,0,0,0,0,0,0,0,0,0,0,0,0,0,0,0,0,0,0,0,0,0,0,0,0,0,0,0,0,0,0,0,0,0,0,0,0,0,0,0,0
0,0,0,0,0,0,0,0.00679135135135134,0,0,0,0,0,0,0,0,0,0,0,0,0,0,0,0,0,0,0,0,0,0,0,0,0,0,0,0,0,0,0,0,0,0,0,0,0,0,0,0,0,0,0,0,0,0,0,0,0,0,0,0,0,0,0.0019661971830986,0,0,0,0,0,0,0,0,0,0,0,0
0,0,0,0.05584,0,0,0,0.0389745738811666,0,0,0,0,0,0,0.132344406063161,0,0,0,0.01047,0,0,0.054292972935168,0,0,0,0,0,0,0,0,0.106242371637079,0,0.157677839567542,0.012697932082121,0,0.0126909090909091,0,0.0126909090909091,0,0,0,0,0.02094,0,0,0,0,0.11168,0,0,0,0,0,0.00620444444444445,0,0,0.0249285714285715,0.0107384615384615,0,0,0,0,0.0294266526551378,0.11168,0,0,0.0698,0,0,0,0,0,0,0,0.0315445376580281
0,0,0,0.0418799999999999,0,0,0,0,0,0,0,0,0,0,0.084957934248804,0,0,0,0,0,0,0.0130875,0,0,0,0,0,0,0,0,0,0,0,0,0,0,0,0,0,0,0,0,0.0837600000000001,0,0,0,0,0,0,0,0,0,0,0,0,0,0,0.0190475327146498,0,0,0,0,0,0,0,0,0,0,0,0,0,0,0,0.00821176470588237,0.109721708720791
0,0,0,0,0,0,0,0,0,0,0,0,0,0,0,0,0,0,0,0,0,0,0,0,0,0,0,0,0,0,0,0,0,0,0,0,0,0,0,0,0,0,0,0,0,0,0,0,0,0,0,0,0,0,0,0,0,0,0,0,0,0,0,0,0,0,0,0,0,0,0,0,0,0,0
0,0,0,0,0,0,0,0,0,0,0,0,0,0,0,0,0,0,0,0,0,0,0,0,0,0,0,0,0,0,0,0,0,0,0,0,0,0,0,0,0,0,0,0,0,0,0,0,0,0,0,0,0,0,0,0,0,0,0,0,0,0,0,0,0,0,0,0,0,0,0,0,0,0,0
0,0,0,0,0,0,0,0.00301837837837838,0,0,0,0,0,0,0,0,0,0,0,0,0,0,0,0,0,0,0,0,0,0,0,0,0,0,0,0,0,0,0,0,0,0,0.02094,0,0,0,0,0,0,0,0,0,0,0,0,0,0,0,0,0,0,0,0,0,0,0,0,0,0,0,0,0,0,0,0
0,0,0,0,0,0,0,0.000754594594594597,0,0,0,0,0,0,0,0,0,0,0,0,0,0,0,0,0,0,0,0,0,0,0,0,0,0,0,0,0,0,0,0,0,0,0.01396,0,0,0,0,0,0,0,0,0,0,0,0,0,0,0,0,0,0,0,0,0,0,0,0,0,0,0,0,0,0,0,0.00410588235294117
0,0,0,0,0,0,0,0,0,0,0,0,0,0,0,0,0,0,0,0,0,0,0,0,0,0,0,0,0,0,0,0,0,0,0,0,0,0,0,0,0,0,0,0,0,0,0,0,0,0,0,0,0,0,0,0,0,0,0,0,0,0,0,0,0,0,0,0,0,0,0,0,0,0,0
0,0,0,0,0,0,0,0,0,0,0,0,0,0,0,0,0,0,0,0,0,0,0,0,0,0,0,0,0,0,0,0,0,0,0,0,0,0,0,0,0,0,0.00697999999999999,0,0,0,0,0,0,0,0,0,0,0,0,0,0.00498571428571431,0,0,0,0,0,0,0,0,0,0,0,0,0,0,0,0,0,0
0,0,0,0,0,0,0,0.00226378378378378,0,0,0,0,0,0,0.0126909090909091,0,0,0,0,0,0,0,0,0,0,0,0,0,0,0,0,0,0,0,0,0,0,0,0,0,0,0,0,0,0,0,0,0,0,0,0,0,0,0,0,0,0,0,0,0,0,0,0.00589859154929577,0,0,0,0,0,0,0,0,0,0,0,0
0,0,0,0,0,0,0,0.00301837837837838,0.0232666666666667,0,0,0,0,0,0,0,0,0,0,0,0,0,0,0,0,0,0,0,0,0,0,0,0,0,0,0,0,0,0,0,0,0,0,0,0,0,0,0,0,0,0,0,0,0,0,0,0,0,0,0,0,0,0.00983098591549296,0,0.00997142857142858,0,0,0,0,0,0,0,0,0,0
0,0,0,0,0,0,0,0.00452756756756758,0,0,0,0,0,0,0,0,0,0,0,0,0,0,0,0,0,0,0,0,0,0,0,0,0,0,0,0,0,0,0,0,0,0,0,0,0,0,0,0,0,0,0,0,0,0,0,0,0,0,0,0,0,0,0,0,0,0,0,0,0,0,0,0,0,0,0.0123176470588235
0,0,0,0,0,0,0,0.00226378378378378,0,0,0,0,0,0,0,0,0,0,0,0,0,0,0,0,0,0,0,0,0,0,0,0,0,0,0,0,0,0,0,0,0,0,0,0,0,0,0,0,0,0,0,0,0,0,0,0,0,0,0,0,0,0,0,0,0,0,0,0,0,0,0,0,0,0,0
0,0,0,0,0,0,0,0.00659948270153325,0,0,0,0,0,0,0,0,0,0,0,0,0,0,0,0,0,0,0,0,0,0,0,0,0,0,0,0,0,0,0,0,0,0,0,0,0,0,0,0,0,0,0,0,0,0,0,0,0,0,0,0,0,0,0.0019661971830986,0,0,0,0,0,0,0,0,0,0,0,0
0,0,0,0,0,0,0,0,0,0,0,0,0,0,0,0,0,0,0,0,0,0,0,0,0,0,0,0,0,0,0,0,0,0,0,0,0,0,0,0,0,0,0,0,0,0,0,0,0,0,0,0,0,0,0,0,0,0,0,0,0,0,0,0,0,0,0,0,0,0,0,0,0,0,0
0,0,0,0,0,0,0,0,0,0,0,0,0,0,0.00634545454545454,0,0,0,0,0,0,0,0,0,0,0,0,0,0,0,0,0,0,0,0,0,0,0,0,0,0,0,0,0,0,0,0,0,0,0,0,0,0,0,0,0,0,0,0,0,0,0,0,0,0,0,0,0,0,0,0,0,0,0.00821176470588237,0
0,0,0,0.0977199999999999,0,0,0,0.0294168697366923,0.0232666666666667,0,0,0,0,0,0.067767509402528,0,0,0,0.0756924352376242,0,0,0.315741767118226,0,0,0,0,0,0,0,0,0.00997142857142864,0,0.123774743485758,0.0186133333333333,0,0,0,0,0,0.240144164037855,0,0,0.0698000000000001,0,0,0,0,0,0,0,0,0,0,0.190603155578317,0,0,0.128355718403796,0.0382620790926472,0,0,0,0,0.0586611729055549,0.05584,0.019942857142857,0,0.0581666666666667,0,0,0,0,0.0985855711422844,0.0463290413866291,0,0
0,0,0,0,0,0,0,0.00452756756756758,0,0,0,0,0,0,0.0253818181818182,0,0,0,0,0,0,0,0,0,0,0,0,0,0,0,0,0,0,0,0,0,0,0,0,0,0,0,0.00697999999999999,0,0,0,0,0,0,0,0,0,0,0,0,0,0,0.00357948717948717,0,0,0,0,0,0,0,0,0,0,0,0,0,0,0,0,0
0,0,0,0,0,0,0,0,0,0,0,0,0,0,0,0,0,0,0,0,0,0,0,0,0,0,0,0,0,0,0,0,0,0,0,0,0,0,0,0,0,0,0,0,0,0,0,0,0,0,0,0,0,0,0,0,0,0,0,0,0,0,0,0,0,0,0,0,0,0,0,0,0,0,0
0,0,0,0,0,0,0,0.0297703297170919,0,0,0,0,0,0,0.145297364604006,0,0,0,0,0,0,0,0,0,0,0,0,0,0,0,0,0,0,0,0,0.0190363636363637,0,0,0.0155111111111111,0,0,0,0.02094,0,0,0,0,0,0,0,0,0,0,0,0,0,0,0,0,0,0,0,0.0019661971830986,0,0.0897428571428572,0,0.0232666666666667,0,0,0,0,0,0,0.024635294117647,0.0369529411764706
0,0,0,0,0,0,0,0.00301837837837838,0,0,0,0,0,0,0.0207837044949316,0,0,0,0,0,0,0,0,0,0,0,0,0,0,0,0,0,0,0,0,0,0,0,0,0,0,0,0,0,0,0,0,0,0,0,0,0,0,0,0,0,0,0,0,0,0,0,0,0,0,0,0,0,0,0,0,0,0,0,0
0,0,0,0,0,0,0,0.0167866817392618,0,0,0,0,0,0,0,0,0,0,0.0697559205706743,0,0,0.0826598923592491,0,0,0,0,0,0,0,0,0.00997142857142864,0,0.00698,0,0,0,0,0,0.0387777777777777,0,0,0,0,0,0,0,0,0,0,0,0,0,0,0.0835484506310672,0,0,0.114917824399073,0.049948740926031,0,0,0,0,0.0117971830985915,0,0,0,0.0116333333333333,0,0,0,0,0,0,0.00303022008420257,0.0177056075044401
0,0,0,0,0,0,0,0,0,0,0,0,0,0,0,0,0,0,0,0,0,0,0,0,0,0,0,0,0,0,0,0,0,0,0,0,0,0,0,0,0,0,0,0,0,0,0,0,0,0,0,0,0,0,0,0,0,0,0,0,0,0,0,0,0,0,0,0,0,0,0,0,0,0,0
0,0,0,0.01396,0,0,0,0.0294083759722433,0.0349,0,0,0,0,0,0.0333564402118952,0,0,0,0.0639680639797753,0,0,0.100313322046606,0,0,0,0,0,0,0,0,0,0,0.123696360495698,0.00465333333333334,0,0,0,0,0,0.196902488608482,0,0,0.0349,0,0,0,0,0,0,0,0,0,0,0.100448624110154,0,0,0.179905505082841,0.0271496788887712,0,0,0,0,0.0374921738888538,0,0.0299142857142857,0,0.0232666666666667,0,0,0,0,0,0,0,0.0123176470588235
0,0,0,0,0,0,0,0.00452756756756758,0,0,0,0,0,0,0.00634545454545454,0,0,0,0,0,0,0,0,0,0,0,0,0,0,0,0,0,0,0,0,0,0,0,0,0,0,0,0,0,0,0,0,0,0,0,0,0,0,0,0,0,0,0.00357948717948717,0,0,0,0,0,0,0,0,0,0,0,0,0,0,0,0,0
0,0,0,0,0,0,0,0.00754594594594594,0,0,0,0,0,0,0.03201341441567,0,0,0,0,0,0,0,0,0,0,0,0,0,0,0,0,0,0,0,0,0,0,0,0,0.371277777777778,0,0,0,0,0,0,0,0,0,0,0,0,0,0,0,0,0.00498571428571431,0,0,0,0,0,0,0,0,0,0,0,0,0,0,0,0,0,0.0123176470588235
0,0,0,0,0,0,0,0,0,0,0,0,0,0,0,0,0,0,0,0,0,0,0,0,0,0,0,0,0,0,0,0,0,0,0,0,0,0,0,0,0,0,0,0,0,0,0,0,0,0,0,0,0,0,0,0,0,0,0,0,0,0,0.0019661971830986,0,0,0,0,0,0,0,0,0,0,0.0164235294117646,0.0123176470588235
0,0,0,0,0,0,0,0.00301837837837838,0,0,0,0,0,0,0.00634545454545454,0,0,0,0,0,0,0,0,0,0,0,0,0,0,0,0,0,0,0.01396,0,0.0190363636363637,0,0,0,0,0,0,0,0,0,0,0,0,0,0,0,0,0,0,0,0,0,0,0,0,0,0,0.0019661971830986,0,0,0,0.0349,0,0,0,0,0,0,0,0
0,0,0,0,0,0,0,0.0015091891891892,0,0,0,0,0,0,0,0,0,0,0,0,0,0,0,0,0,0,0,0,0,0,0,0,0,0,0,0,0,0,0,0,0,0,0,0,0,0,0,0,0,0,0,0,0,0,0,0,0,0.033239536573189,0,0,0,0,0.00393239436619718,0,0.0398857142857142,0,0.0116333333333333,0,0,0,0,0.0369973358481668,0,0,0
0,0,0,0.01396,0,0,0,0.00377297297297297,0,0,0,0,0,0,0.0945874773224427,0,0,0,0,0,0,0.008725,0,0,0,0,0,0,0,0,0,0,0,0.00465333333333334,0,0,0,0,0,0,0,0,0.01396,0,0,0,0,0,0,0,0,0,0,0,0,0,0.0199428571428572,0.00357948717948717,0,0,0,0,0.00983098591549296,0,0,0,0,0,0,0,0,0,0,0.0164235294117646,0.00410588235294117
0,0,0,0,0,0,0,0,0,0,0,0,0,0,0,0,0,0,0,0,0,0,0,0,0,0,0,0,0,0,0,0,0,0,0,0,0,0,0,0,0,0,0,0,0,0,0,0,0,0,0,0,0,0,0,0,0,0,0,0,0,0,0,0,0,0,0,0,0,0,0,0,0,0,0
0,0,0,0,0,0,0,0,0,0,0,0,0,0,0,0,0,0,0,0,0,0,0,0,0,0,0,0,0,0,0,0,0,0,0,0,0,0,0,0,0,0,0,0,0,0,0,0,0,0,0,0,0,0,0,0,0,0,0,0,0,0,0,0,0,0,0,0,0,0,0,0,0,0,0
0,0,0,0,0,0,0,0.00830054054054055,0,0,0,0,0,0,0.0380727272727273,0,0,0,0,0,0,0,0,0,0,0,0,0,0,0,0,0,0,0,0,0,0,0,0,0,0,0,0,0,0,0,0,0,0,0,0,0,0,0,0,0,0,0,0,0,0,0,0,0,0,0,0,0,0,0,0,0,0,0.0164235294117646,0
0,0,0,0.0977199999999999,0,0,0,0.0935354175631477,0.0581666666666667,0,0,0,0,0,0.362416176435956,0,0,0,0.151078406341419,0,0,0.263182287184055,0,0,0,0,0,0,0,0,0.00997142857142864,0,0.102483619723707,0.249127325478229,0,0.296168473193474,0,0,0,0,0,0,0.0977200000000001,0,0,0,0,0.145034942599945,0,0,0,0.0930666666666669,0,0.0777072770036728,0,0,0.0249285714285715,0.0935637825158978,0,0,0,0,0.034914187760382,0,0.0299142857142857,0,0.0349,0,0,0,0,0.0719639278557115,0,0.358888486926363,0.228647963596741
0,0,0,0.0279199999999999,0,0,0,0.0429240906438788,0.0116333333333334,0,0,0,0,0,0,0,0,0,0.0244300000000001,0,0,0,0,0,0,0,0,0,0,0,0,0,0.0349,0.0232666666666667,0,0,0,0.00634545454545454,0,0,0,0,0.0628200000000003,0,0,0,0,0,0,0,0,0,0,0.00155111111111112,0,0,0.0498571428571427,0.0346825919131601,0,0,0,0,0.0314591549295774,0,0,0,0.0116333333333333,0,0,0,0,0,0,0,0.00410588235294117
0,0,0,0.0279199999999999,0,0,0,0.0015091891891892,0,0,0,0,0,0,0.0833434442118561,0,0,0,0,0,0,0.008725,0,0,0,0,0,0,0,0,0.0299142857142857,0,0,0,0,0,0,0.0512443348043227,0,0,0,0,0.01396,0,0,0,0,0,0,0,0,0.0465333333333331,0,0,0,0,0,0.0320421698938778,0,0,0,0,0,0,0.0698000000000001,0,0,0,0,0,0,0.0191903807615231,0,0.111227588020022,0.0478646049271711
0,0,0,0.01396,0,0,0,0.00679135135135134,0,0.1396,0,0.0315225806451611,0,0,0.147401164974518,0,0,0,0,0,0,0,0,0,0,0,0,0,0,0,0,0,0,0,0,0,0,0,0,0,0,0,0.0418799999999999,0,0,0,0,0,0,0,0,0,0,0,0,0,0.0199428571428572,0.0107384615384615,0,0,0,0,0.0117971830985915,0,0,0,0.0116333333333333,0,0,0,0,0,0,0.0164235294117646,0.0205294117647059
0,0,0,0,0,0,0,0.0115064942338444,0,0,0,0,0,0,0,0,0,0,0,0,0,0,0,0,0,0,0,0,0,0,0,0,0,0,0,0.0190363636363637,0,0,0,0,0,0,0,0,0,0,0,0,0,0,0,0,0,0,0,0,0,0,0,0,0,0,0,0,0,0,0,0,0,0,0,0,0,0,0
0,0,0,0,0,0,0,0,0,0,0,0,0,0,0,0,0,0,0,0,0,0,0,0,0,0,0,0,0,0,0,0,0,0,0,0,0,0,0,0,0,0,0,0,0,0,0,0,0,0,0,0,0,0,0,0,0,0,0,0,0,0,0,0,0,0,0,0,0,0,0,0,0,0,0
0,0,0,0,0,0,0,0,0,0,0,0,0,0,0,0,0,0,0,0,0,0,0,0,0,0,0,0,0,0,0,0,0,0,0,0,0,0,0,0,0,0,0,0,0,0,0,0,0,0,0,0,0,0,0,0,0,0,0,0,0,0,0,0,0,0,0,0,0,0,0,0,0,0,0
0,0,0,0,0,0,0,0,0,0,0,0,0,0,0,0,0,0,0,0,0,0,0,0,0,0,0,0,0,0,0,0,0,0,0,0,0,0,0,0,0,0,0,0,0,0,0,0,0,0,0,0,0,0,0,0,0,0,0,0,0,0,0,0,0,0,0,0,0,0,0,0,0,0,0
0,0,0,0,0,0,0,0.0650109622775452,0,0,0,0,0,0,0.173180401312359,0,0,0,0.35976153070842,0,0,0,0,0,0,0,0,0,0,0,0.0299142857142857,0,0.0316192798558472,0.123957596380495,0,0,0,0.235282582222556,0.0116333333333333,0,0,0,0.0349,0,0,0,0,0,0,0,0,0.0465333333333331,0,0.274741365106296,0,0,0,0.122792639452399,0,0,0,0,0.0281203963275697,0,0.0299142857142857,0,0.0465333333333333,0,0,0,0,0.0213226452905812,0,0.177838576265036,0.225792482642752
0,0,0,0.01396,0,0,0,0.0138640656750909,0.0116333333333334,0,0,0,0,0,0.00634545454545454,0,0,0,0.0349,0,0,0.01745,0,0,0,0,0,0,0,0,0,0,0.01396,0.0186133333333333,0,0,0,0,0,0,0,0,0,0,0,0,0,0,0,0,0,0,0,0.0124088888888889,0,0,0.0498571428571427,0.00357948717948717,0,0,0,0,0.0176957746478874,0.0279200000000001,0.00997142857142858,0,0.0581666666666667,0,0,0,0,0,0,0,0.00821176470588238
0,0,0,0,0,0,0,0,0,0,0,0,0,0,0,0,0,0,0,0,0,0,0,0,0,0,0,0,0,0,0,0,0,0,0,0,0,0,0,0,0,0,0,0,0,0,0,0,0,0,0,0,0,0,0,0,0,0,0,0,0,0,0,0,0,0,0,0,0,0,0,0,0,0,0
0,0,0,0,0,0,0,0.00754594594594594,0,0,0,0,0,0,0,0,0,0,0,0,0,0.008725,0,0,0,0,0,0,0,0,0,0,0,0,0,0,0,0,0,0,0,0,0,0,0,0,0,0,0,0,0,0,0,0,0,0,0,0,0,0,0,0,0,0,0,0,0,0,0,0,0,0,0,0,0
0,0,0,0,0,0,0,0,0,0,0,0,0,0,0,0,0,0,0,0,0,0,0,0,0,0,0,0,0,0,0,0,0,0,0,0,0,0,0,0,0,0,0,0,0,0,0,0,0,0,0,0,0,0,0,0,0,0,0,0,0,0,0,0,0,0,0,0,0,0,0,0,0,0,0
0,0,0,0,0,0,0,0,0,0,0,0,0,0,0.0507636363636361,0,0,0,0,0,0,0,0,0,0,0,0,0,0,0,0,0,0,0,0,0,0,0,0,0,0,0,0,0,0,0,0,0,0,0,0,0,0,0,0,0,0,0,0,0,0,0,0,0,0,0,0,0,0,0,0,0,0,0.0164235294117646,0.00410588235294117
0,0,0,0,0,0,0,0,0,0,0,0,0,0,0,0,0,0,0,0,0,0,0,0,0,0,0,0,0,0,0,0,0,0,0,0,0,0,0,0,0,0,0,0,0,0,0,0,0,0,0,0,0,0,0,0,0,0,0,0,0,0,0,0,0,0,0,0,0,0,0,0,0,0,0
0,0,0,0,0,0,0,0.0132325560465735,0,0,0,0,0,0,0,0,0,0,0,0,0,0,0,0,0,0,0,0,0,0,0,0,0,0,0,0,0,0,0,0,0,0,0.0558400000000003,0,0,0,0,0,0,0,0,0,0,0,0,0,0,0,0,0,0,0,0.0019661971830986,0,0,0,0,0,0,0,0,0,0,0,0.0246352941176472
0,0,0,0,0,0,0,0.00226378378378378,0,0,0,0,0,0,0.00634545454545454,0,0,0,0,0,0,0,0,0,0,0,0,0,0,0,0,0,0,0,0,0,0,0,0,0,0,0,0,0,0,0,0,0,0,0,0,0,0,0,0,0,0,0,0,0,0,0,0.00589859154929577,0,0,0,0,0,0,0,0,0,0,0,0
0,0,0,0,0,0,0,0,0.0232666666666667,0,0,0,0,0,0,0,0,0,0,0,0,0,0,0,0,0,0,0,0,0,0,0,0,0.00465333333333334,0,0,0,0,0,0,0,0,0,0,0,0,0,0,0,0,0,0,0,0,0,0,0.00498571428571431,0.00357948717948717,0,0,0,0,0.0157295774647887,0,0,0,0,0,0,0,0,0,0,0,0
0,0,0,0,0,0,0,0,0,0,0,0,0,0,0,0,0,0,0,0,0,0,0,0,0,0,0,0,0,0,0,0,0,0,0,0,0,0,0,0,0,0,0,0,0,0,0,0,0,0,0,0,0,0,0,0,0,0,0,0,0,0,0,0,0,0,0,0,0,0,0,0,0,0,0
0,0,0,0,0,0,0,0.0113189189189189,0,0,0,0,0,0,0.00634545454545454,0,0,0,0,0,0,0,0,0,0,0,0,0,0,0,0,0,0,0,0,0,0,0,0,0,0,0,0,0,0,0,0,0,0,0,0,0,0,0,0,0,0,0,0,0,0,0,0,0,0,0,0,0,0,0,0,0,0,0,0
0,0,0,0,0,0,0,0.00226378378378378,0,0,0,0,0,0,0,0,0,0,0.01745,0,0,0,0,0,0,0,0,0,0,0,0,0,0,0,0,0,0,0,0,0,0,0,0.00697999999999999,0,0,0,0,0,0,0,0,0,0,0.0226611986245099,0,0,0.00997142857142858,0,0,0,0,0,0.00786478873239437,0,0,0,0.0349,0,0,0,0,0,0,0,0
0,0,0,0,0,0,0,0.00301837837837838,0,0,0,0,0,0,0,0,0,0,0,0,0,0,0,0,0,0,0,0,0,0,0,0,0,0,0,0,0,0,0,0,0,0,0.01396,0,0,0,0,0,0,0,0,0,0,0,0,0,0,0.0107384615384615,0,0,0,0,0.00983098591549296,0,0,0,0.0116333333333333,0,0,0,0,0,0,0,0
0,0,0,0,0,0,0,0,0,0,0,0,0,0,0,0,0,0,0,0,0,0,0,0,0,0,0,0,0,0,0,0,0,0,0,0,0,0,0,0,0,0,0,0,0,0,0,0,0,0,0,0,0,0,0,0,0,0,0,0,0,0,0,0,0,0,0,0,0,0,0,0,0,0.00821176470588237,0
0,0,0,0,0,0,0,0.00301837837837838,0,0,0,0,0,0,0,0,0,0,0,0,0,0,0,0,0,0,0,0,0,0,0,0,0,0,0,0,0,0,0,0,0,0,0,0,0,0,0,0,0,0,0,0,0,0,0,0,0,0,0,0,0,0,0,0,0,0,0,0,0,0,0,0,0,0,0
0,0,0,0,0,0,0,0,0,0,0,0,0,0,0,0,0,0,0,0,0,0,0,0,0,0,0,0,0,0,0,0,0,0,0,0,0,0,0,0,0,0,0,0,0,0,0,0,0,0,0,0,0,0,0,0,0,0,0,0,0,0,0,0,0,0,0,0,0,0,0,0,0,0,0
0,0,0,0,0,0,0,0.00603675675675676,0,0,0,0,0,0,0,0,0,0,0,0,0,0,0,0,0,0,0,0,0,0,0,0,0,0,0,0,0,0,0,0,0,0,0,0,0,0,0,0,0,0,0,0,0,0,0,0,0,0.00715897435897436,0,0,0,0,0.0019661971830986,0,0,0,0,0,0,0,0,0,0,0,0
0,0,0,0,0,0,0,0,0,0,0,0,0,0,0,0,0,0,0,0,0,0,0,0,0,0,0,0,0,0,0,0,0,0,0,0,0,0,0,0,0,0,0,0,0,0,0,0,0,0,0,0,0,0,0,0,0,0,0,0,0,0,0,0,0,0,0,0,0,0,0,0,0,0,0
0,0,0,0,0,0,0,0,0,0,0,0,0,0,0,0,0,0,0,0,0,0,0,0,0,0,0,0,0,0,0,0,0,0,0,0,0,0,0,0,0,0,0,0,0,0,0,0,0,0,0,0,0,0,0,0,0,0,0,0,0,0,0,0,0,0,0,0,0,0,0,0,0,0,0
0,0,0,0,0,0,0,0.00377297297297297,0,0,0,0,0,0,0.0253818181818182,0,0,0,0,0,0,0,0,0,0,0,0,0,0,0,0,0,0,0,0,0,0,0,0,0,0,0,0.00697999999999999,0,0,0,0,0,0,0,0,0,0,0,0,0,0,0,0,0,0,0,0,0,0,0,0,0,0,0,0,0,0,0,0
0,0,0,0.01396,0,0,0,0.027620638022563,0.0116333333333334,0,0,0,0,0,0,0,0,0,0.02094,0,0,0.176694399010502,0,0,0,0,0,0,0,0,0.0199428571428572,0,0.229104776160328,0.0575488136079775,0,0,0,0.0444181818181818,0,0,0,0,0.0349,0,0,0,0,0.0558399999999999,0,0,0,0,0,0.0790512007487326,0,0,0.108008122317063,0.0694025317746009,0,0,0,0,0.0212164527676084,0.11168,0,0,0.0465333333333333,0,0,0,0,0,0,0,0.0278728290269207
0,0,0,0,0,0,0,0.0015091891891892,0,0,0,0,0,0,0,0,0,0,0,0,0,0,0,0,0,0,0,0,0,0,0,0,0,0,0,0,0,0,0,0,0,0,0,0,0,0,0,0,0,0,0,0,0,0,0,0,0,0,0,0,0,0,0.00515463907258014,0,0,0,0,0,0,0,0,0,0,0,0
0,0,0,0,0,0,0,0,0,0,0,0,0,0,0,0,0,0,0,0,0,0,0,0,0,0,0,0,0,0,0,0,0,0,0,0,0,0,0,0,0,0,0,0,0,0,0,0,0,0,0,0,0,0,0,0,0,0,0,0,0,0,0,0,0,0,0,0,0,0,0,0,0,0,0
0,0,0,0.0977199999999999,0,0,0,0.03549109817334,0.0814333333333334,0,0,0,0,0,0.0690899678068341,0,0,0,0.165543814136846,0,0,0.146703495446567,0,0,0,0,0,0,0,0,0.0422182436826228,0,0.141292232255536,0.0760868269536487,0,0.120563636363636,0,0,0.0465333333333333,0,0,0,0.0349,0,0,0,0,0.215096859202574,0,0,0,0,0,0.0155111111111111,0,0,0.24085683897525,0.14613781012755,0,0,0,0,0.0773681084016492,0,0.0498571428571427,0,0.0581666666666667,0,0,0,0,0.00821176470588227,0,0.051967615832541,0.162833975956901
0,0,0,0,0,0,0,0.00603675675675676,0,0,0,0,0,0,0.0126909090909091,0,0,0,0,0,0,0,0,0,0,0,0,0,0,0,0,0,0,0,0,0,0,0,0,0,0,0,0,0,0,0,0,0,0,0,0,0,0,0,0,0,0,0,0,0,0,0,0.0019661971830986,0,0,0,0,0,0,0,0,0,0,0.00821176470588237,0
0,0,0,0,0,0,0,0.00226378378378378,0,0,0,0,0,0,0.0126909090909091,0,0,0,0,0,0,0,0,0,0,0,0,0,0,0,0,0,0,0,0,0,0,0,0,0,0,0,0,0,0,0,0,0,0,0,0,0,0,0,0,0,0,0,0,0,0,0,0,0,0,0,0,0,0,0,0,0,0,0,0.0479680670697928
0,0,0,0,0,0,0,0.0144389630092621,0,0,0,0,0,0,0.0317272727272727,0,0,0,0,0,0,0,0,0,0,0,0,0,0,0,0,0,0,0,0,0,0,0,0,0,0,0,0,0,0,0,0,0,0,0,0,0,0,0,0,0,0,0,0,0,0,0,0,0,0,0,0,0,0,0,0,0,0,0,0
0,0,0,0,0,0,0,0.0529729165380512,0.0116333333333334,0,0,0.0495354838709677,0,0,0.0359532188202831,0,0,0,0.123825400014591,0,0,0.178660523056033,0,0,0,0,0,0,0,0,0.0174294273134142,0,0,0.0186133333333333,0,0.204348958333334,0,0.0781272134209596,0.112455555555556,0.0741719242902207,0,0,0.02792,0,0,0,0,0.136602611049494,0,0,0,0.0930666666666669,0,0.15931094936957,0,0,0.00997142857142858,0.148896971582463,0,0,0,0,0.0235943661971831,0,0.0698000000000001,0,0.0814333333333333,0,0,0,0,0.057304609218437,0,0.0765558817912391,0.102137474060864
0,0,0,0,0,0,0,0.00377297297297297,0,0,0,0,0,0,0.0126909090909091,0,0,0,0,0,0,0,0,0,0,0,0,0,0,0,0,0,0,0,0,0,0,0,0,0,0,0,0,0,0,0,0,0,0,0,0,0,0,0,0,0,0,0,0,0,0,0,0,0,0,0,0,0,0,0,0,0,0,0,0
0,0,0,0,0,0,0,0.0150918918918919,0.0814333333333334,0,0,0,0,0,0.101521783986165,0,0,0,0,0,0,0,0,0,0,0,0,0,0,0,0,0,0,0,0,0,0,0,0,0,0,0,0.00697999999999999,0,0,0,0,0,0,0,0,0,0,0,0,0,0.00997142857142858,0.0107384615384615,0,0,0,0,0.00786478873239437,0,0,0,0.0116333333333333,0,0,0,0,0,0,0,0
0,0,0,0,0,0,0,0,0,0,0,0,0,0,0,0,0,0,0,0,0,0,0,0,0,0,0,0,0,0,0,0,0,0,0,0,0,0,0,0,0,0,0,0,0,0,0,0,0,0,0,0,0,0,0,0,0,0,0,0,0,0,0,0,0,0,0,0,0,0,0,0,0,0,0
0,0,0,0,0,0,0,0,0,0,0,0,0,0,0,0,0,0,0,0,0,0,0,0,0,0,0,0,0,0,0,0,0,0,0,0,0,0,0,0,0,0,0,0,0,0,0,0,0,0,0,0,0,0,0,0,0,0,0,0,0,0,0,0,0,0,0,0,0,0,0,0,0,0,0
0,0,0,0,0,0,0,0,0,0,0,0,0,0,0,0,0,0,0,0,0,0,0,0,0,0,0,0,0,0,0,0,0,0,0,0,0,0,0,0,0,0,0,0,0,0,0,0,0,0,0,0,0,0,0,0,0,0,0,0,0,0,0,0,0,0,0,0,0,0,0,0,0,0,0
0,0,0,0,0,0,0,0.00377297297297297,0,0,0,0,0,0,0.0126909090909091,0,0,0,0,0,0,0.0043625,0,0,0,0,0,0,0,0,0,0,0,0,0,0,0,0,0,0,0,0,0,0,0,0,0,0,0,0,0,0,0,0,0,0,0,0,0,0,0,0,0,0,0,0,0,0,0,0,0,0,0,0,0
0,0,0,0.0837599999999997,0,0,0,0.0125360636502859,0,0.1396,0,0,0,0,0.00634545454545454,0,0,0,0,0,0,0.0130875,0,0,0,0,0,0,0,0,0,0,0,0.00465333333333334,0,0,0,0,0,0,0,0,0.0418799999999999,0,0,0,0,0.02792,0,0,0,0,0,0,0,0,0,0.0107384615384615,0,0,0,0,0.0137633802816901,0,0.0498571428571427,0,0,0,0,0,0,0,0,0.0683911452443056,0.0123176470588235
0,0,0,0,0,0,0,0.0137619403909481,0,0,0,0,0,0,0,0,0,0,0,0,0,0.0043625,0,0,0,0,0,0,0,0,0,0,0,0,0,0,0,0,0,0,0,0,0,0,0,0,0,0,0,0,0,0,0,0,0,0,0,0,0,0,0,0,0,0,0,0,0,0,0,0,0,0,0,0,0
0,0,0,0,0,0,0,0.0112702232346767,0,0,0,0,0,0,0.0233409075036377,0,0,0,0,0,0,0,0,0,0,0,0,0,0,0,0,0,0,0,0,0.0317272727272728,0,0,0,0,0,0,0,0,0,0,0,0,0,0,0,0,0,0,0,0,0,0,0,0,0,0,0,0,0.0398857142857142,0,0,0,0,0,0,0.00821176470588227,0,0,0.0205294117647059
0,0,0,0.11168,0,0,0,0.00301837837837838,0,0,0,0,0,0,0.0415674089898633,0,0,0,0,0,0,0,0,0,0,0,0,0,0,0,0,0,0,0,0,0,0,0,0,0,0,0,0.0349,0,0,0,0,0,0,0,0,0,0,0,0,0,0.0149571428571428,0.00715897435897436,0,0,0,0,0.00786478873239437,0,0,0,0,0,0,0,0,0,0,0.0782974999615484,0.190331104149702
0,0,0,0,0,0,0,0,0,0,0,0,0,0,0,0,0,0,0,0,0,0,0,0,0,0,0,0,0,0,0,0,0,0,0,0,0,0,0,0,0,0,0,0,0,0,0,0,0,0,0,0,0,0,0,0,0,0,0,0,0,0,0,0,0,0,0,0,0,0,0,0,0,0,0
0,0,0,0,0,0,0,0.00226378378378378,0,0,0,0,0,0,0,0,0,0,0,0,0,0.0305375,0,0,0,0,0,0,0,0,0,0,0,0,0,0,0,0,0,0,0,0,0,0,0,0,0,0,0,0,0,0,0,0,0,0,0,0,0,0,0,0,0.0137633802816901,0,0,0,0,0,0,0,0,0,0,0,0
0,0,0,0,0,0,0,0,0,0,0,0,0,0,0,0,0,0,0,0,0,0,0,0,0,0,0,0,0,0,0,0,0,0,0,0,0,0,0,0,0,0,0,0,0,0,0,0,0,0,0,0,0,0,0,0,0,0,0,0,0,0,0,0,0,0,0,0,0,0,0,0,0,0,0
0,0,0,0,0,0,0,0.0122228584953982,0,0,0,0,0,0,0.11478023343541,0,0,0,0,0,0,0,0,0,0,0,0,0,0,0,0,0,0,0,0,0,0,0,0,0,0,0,0,0,0,0,0,0,0,0,0,0,0,0,0,0,0,0,0,0,0,0,0,0,0,0,0,0,0,0,0,0,0,0.00821176470588237,0
0,0,0,0,0,0,0,0,0,0,0,0,0,0,0,0,0,0,0,0,0,0,0,0,0,0,0,0,0,0,0,0,0,0,0,0,0,0,0,0,0,0,0,0,0,0,0,0,0,0,0,0,0,0,0,0,0,0,0,0,0,0,0,0,0,0,0,0,0,0,0,0,0,0,0
0,0,0,0,0,0,0,0,0,0,0,0,0,0,0,0,0,0,0,0,0,0,0,0,0,0,0,0,0,0,0,0,0,0,0,0,0,0,0,0,0,0,0,0,0,0,0,0,0,0,0,0,0,0,0,0,0,0,0,0,0,0,0,0,0,0,0,0,0,0,0,0,0,0,0
0,0,0,0.0698,0,0,0,0.346969464155897,0,0,0,0.306228005534114,0,0,0.4023,0,0,0,0.334950279688998,0,0,0.4066625,0,0,0,0,0,0,0,0,0.203270669978347,0,0.38136,0.420913333333333,0,0.303264430361305,0,0.4023,0.0659222222222223,0.0988958990536276,0,0,0.0418799999999999,0,0,0,0,0.38834,0,0,0,0.0465333333333331,0,0.413157777777778,0,0,0.198262653161504,0.411248717948718,0,0,0,0,0.168409393636111,0.05584,0.0398857142857142,0,0.0698,0,0,0,0,0.389982352941177,0.264912212592855,0.398194117647059,0.410511764705882
0,0,0,0,0,0,0,0.0015091891891892,0,0,0,0,0,0,0.0296863620490922,0,0,0,0,0,0,0.0130875,0,0,0,0,0,0,0,0,0,0,0,0,0,0,0,0,0,0,0,0,0,0,0,0,0,0.02792,0,0,0,0,0,0,0,0,0.0299142857142857,0,0,0,0,0,0.0019661971830986,0,0,0,0,0,0,0,0,0,0,0.00821176470588237,0
0.5278,0,0,0.63948,0.5278,0.5278,0.5278,0.9999,0.585966666666667,0.6674,0.5278,0.9999,0,0.5278,0.928608836497594,0.5278,0.5278,0.5278,0.734991862053002,0,0,0.858871131338454,0.5278,0.5278,0.5278,0.5278,0,0.5278,0.5278,0.5278,0.9999,0.5278,0.94793671146464,0.648577025969281,0.5278,0.648363636363636,0.5278,0.753952645052078,0.609233333333333,0.56464307746232,0.5278,0.5278,0.64646,0.5278,0.5278,0.5278,0.5278,0.67744486428215,0,0.5278,0,0.6674,0.5278,0.959983147320707,0.5278,0.5278,0.989928571428572,0.954634392770286,0.5278,0.5278,0.5278,0.5278,0.9999,0.61156,0.567685714285714,0.5278,0.6674,0.5278,0.5278,0.5278,0.5278,0.763770717906401,0.742779359745313,0.741168904814951,0.852689918032388
0,0,0,0,0,0,0,0,0,0,0,0,0,0,0,0,0,0,0,0,0,0,0,0,0,0,0,0,0,0,0,0,0,0,0,0,0,0,0,0,0,0,0,0,0,0,0,0,0,0,0,0,0,0,0,0,0,0,0,0,0,0,0,0,0,0,0,0,0,0,0,0,0,0,0
0,0,0,0,0,0,0,0.00528216216216217,0,0,0,0,0,0,0,0,0,0,0,0,0,0,0,0,0,0,0,0,0,0,0,0,0,0,0,0,0,0,0,0,0,0,0,0,0,0,0,0,0,0,0,0,0,0,0,0,0,0,0,0,0,0,0,0,0,0,0,0,0,0,0,0,0,0,0
0,0,0,0,0,0,0,0,0,0,0,0,0,0,0.101082348887018,0,0,0,0,0,0,0.0305375,0,0,0,0,0,0,0,0,0,0,0,0,0,0,0,0,0,0,0,0,0.02792,0,0,0,0,0,0,0,0,0,0,0,0,0,0,0,0,0,0,0,0.00155448093662235,0,0.00997142857142858,0,0,0,0,0,0,0,0,0.0164235294117646,0
0,0,0,0,0,0,0,0.00377297297297297,0,0,0,0,0,0,0.00634545454545454,0,0,0,0,0,0,0,0,0,0,0,0,0,0,0,0,0,0,0,0,0,0,0,0,0,0,0,0,0,0,0,0,0,0,0,0,0,0,0,0,0,0,0,0,0,0,0,0.00393239436619718,0,0,0,0,0,0,0,0,0,0,0,0
0,0,0,0,0,0,0,0.00679135135135134,0,0,0,0,0,0,0,0,0,0,0,0,0,0,0,0,0,0,0,0,0,0,0,0,0,0,0,0,0,0,0,0,0,0,0,0,0,0,0,0,0,0,0,0,0,0,0,0,0,0,0,0,0,0,0,0,0,0,0,0,0,0,0,0,0,0,0
0,0,0,0,0,0,0,0,0,0,0,0,0,0,0,0,0,0,0,0,0,0,0,0,0,0,0,0,0,0,0,0,0,0,0,0,0,0,0,0,0,0,0,0,0,0,0,0,0,0,0,0,0,0,0,0,0,0,0,0,0,0,0,0,0,0,0,0,0,0,0,0,0,0,0
0,0,0,0,0,0,0,0,0,0,0,0,0,0,0,0,0,0,0,0,0,0,0,0,0,0,0,0,0,0,0,0,0,0,0,0,0,0,0,0,0,0,0,0,0,0,0,0,0,0,0,0,0,0,0,0,0,0,0,0,0,0,0,0,0,0,0,0,0,0,0,0,0,0,0
0,0,0,0,0,0,0,0.00226378378378378,0,0,0,0,0,0,0,0,0,0,0,0,0,0,0,0,0,0,0,0,0,0,0,0,0,0,0,0,0,0,0,0,0,0,0.00697999999999999,0,0,0,0,0,0,0,0,0,0,0,0,0,0,0,0,0,0,0,0,0,0,0,0,0,0,0,0,0,0,0,0.00410588235294117
0,0,0,0,0,0,0,0.0015091891891892,0,0,0,0,0,0,0,0,0,0,0,0,0,0,0,0,0,0,0,0,0,0,0,0,0,0,0,0,0,0,0,0,0,0,0.02792,0,0,0,0,0,0,0,0,0,0,0,0,0,0,0,0,0,0,0,0,0,0,0,0,0,0,0,0,0,0,0,0
0,0,0,0,0,0,0,0.0015091891891892,0,0,0,0,0,0,0.00634545454545454,0,0,0,0,0,0,0,0,0,0,0,0,0,0,0,0,0,0,0,0,0,0,0,0,0,0,0,0,0,0,0,0,0,0,0,0,0,0,0,0,0,0,0,0,0,0,0,0,0,0,0,0,0,0,0,0,0,0,0,0
0,0,0,0,0,0,0,0.00679135135135134,0,0,0,0.24593267069589,0,0,0.123306800112922,0,0,0,0.0481314768167331,0,0,0.0218125,0,0,0,0,0,0,0,0,0,0,0,0,0,0.0675259469696973,0,0.00371311665516185,0.0698,0,0,0,0.02094,0,0,0,0,0,0,0,0,0.0465333333333331,0,0.0596902059519949,0,0,0,0.0300673249389494,0,0,0,0,0.00670683996050963,0,0.0398857142857142,0,0.0232666666666667,0,0,0,0,0,0.345190909090909,0,0.125587672733341
0,0,0,0,0,0,0,0.00452756756756758,0,0,0,0,0,0,0.0652018863131135,0,0,0,0,0,0,0,0,0,0,0,0,0,0,0,0,0,0,0,0,0.0253818181818181,0,0,0,0,0,0,0,0,0,0,0,0,0,0,0,0,0,0,0,0,0,0,0,0,0,0,0,0,0,0,0,0,0,0,0,0,0,0,0
0,0,0,0.0418799999999999,0,0,0,0.00754594594594594,0,0,0,0,0,0,0.0126909090909091,0,0,0,0,0,0,0.0043625,0,0,0,0,0,0,0,0,0.00997142857142864,0,0,0,0,0,0,0,0,0.0618099369085173,0,0,0.01396,0,0,0,0,0,0,0,0,0,0,0.00155111111111112,0,0,0,0.00357948717948717,0,0,0,0,0.0137633802816901,0,0,0,0.0349,0,0,0,0,0,0,0,0
