0,0,0,0,0,0,0,0.00128755364806867,0,0,0,0,0,0,0,0,0,0,0,0,0,0,0,0,0,0,0,0,0,0,0,0,0,0,0,0,0,0,0,0,0,0,0,0,0,0,0,0,0,0,0,0,0,0,0,0,0,0,0,0,0,0,0,0,0,0,0,0,0,0,0,0,0,0,0
0,0,0,0,0,0,0,0,0,0,0,0,0,0,0,0,0,0,0,0,0,0,0,0,0,0,0,0,0,0,0,0,0,0,0,0,0,0,0,0,0,0,0,0,0,0,0,0,0,0,0,0,0,0,0,0,0,0,0,0,0,0,0,0,0,0,0,0,0,0,0,0,0,0,0
0,0,0,0,0,0,0,0,0,0,0,0,0,0,0,0,0,0,0,0,0,0,0,0,0,0,0,0,0,0,0,0,0,0,0,0,0,0,0,0,0,0,0,0,0,0,0,0,0,0,0,0,0,0,0,0,0,0,0,0,0,0,0,0,0,0,0,0,0,0,0,0,0,0,0
0,0,0,0,0,0,0,0.000429184549356222,0,0,0,0,0,0,0,0,0,0,0,0,0,0,0,0,0,0,0,0,0,0,0,0,0,0,0,0,0,0,0,0,0,0,0,0,0,0,0,0,0,0,0,0,0,0,0,0,0,0,0,0,0,0,0.00238095238095238,0,0,0,0,0,0,0,0,0,0,0.0117647058823529,0
0,0,0,0,0,0,0,0.0207727046545289,0,0,0,0,0,0,0.0856341484832825,0,0,0,0,0,0,0.00333333333333335,0,0,0,0.0111111111111111,0,0,0,0,0,0,0,0.0147058823529412,0,0.00317460317460328,0,0.0111111111111112,0,0,0,0,0.0362410146610376,0,0,0,0,0,0,0,0,0,0,0.004,0,0,0.0107142857142857,0.00222222222222222,0,0,0,0,0.00119047619047618,0,0,0,0,0,0,0,0,0,0,0.00588235294117648,0.0321428571428573
0,0,0,0,0,0,0,0.000429184549356222,0,0,0,0,0,0,0,0,0,0,0,0,0,0,0,0,0,0,0,0,0,0,0,0,0,0,0,0,0,0,0,0,0,0,0,0,0,0,0,0,0,0,0,0,0,0,0,0,0,0,0,0,0,0,0,0,0,0,0,0,0,0,0,0,0,0,0
0,0,0,0,0,0,0,0.000858369098712446,0,0,0,0,0,0,0,0,0,0,0,0,0,0,0,0,0,0,0,0,0,0,0,0,0,0,0,0,0,0,0.0186046511627907,0,0,0,0.00400000000000002,0,0,0,0,0,0,0,0,0,0,0.00133333333333332,0,0,0.0107142857142857,0,0,0,0,0,0.00357142857142858,0,0,0,0,0,0,0,0,0,0,0,0
0,0,0,0,0,0,0,0.00257510729613734,0,0,0,0,0,0,0,0,0,0,0,0,0,0,0,0,0,0,0,0,0,0,0,0,0,0,0,0,0,0,0,0,0,0,0,0,0,0,0,0,0,0,0,0,0,0,0,0,0,0,0,0,0,0,0.00238095238095238,0,0,0,0,0,0,0,0,0,0,0,0
0,0,0,0,0,0,0,0,0,0,0,0,0,0,0,0,0,0,0,0,0,0,0,0,0,0,0,0,0,0,0,0,0,0,0,0,0,0,0,0,0,0,0,0,0,0,0,0,0,0,0,0,0,0,0,0,0,0,0,0,0,0,0,0,0,0,0,0,0,0,0,0,0,0,0
0,0,0,0,0,0,0,0.00729613733905579,0,0,0,0.0710526315789473,0,0.023076923076923,0.0559468327985639,0,0,0.0125000000000001,0.0529411764705883,0,0,0.0166666666666666,0,0,0,0,0,0,0,0,0,0.0272727272727273,0.0272727272727273,0.00294117647058824,0,0.198801850390248,0.0153846153846153,0.0111111111111112,0.0674418604651163,0.282075471698113,0,0,0.0116475317658401,0,0,0,0,0.0285714285714286,0,0,0,0,0,0.004,0,0.0371428571428571,0.181455365121237,0.0111111111111111,0,0,0,0,0.0102176591602555,0,0.00833333333333332,0,0.168264906975658,0,0,0.0200000000000001,0,0.124145299145299,0,0,0.00357142857142856
0,0,0,0,0,0,0,0.00171673819742489,0,0,0,0,0,0,0.0492475758632058,0,0,0,0,0,0,0,0,0,0,0,0,0,0,0,0,0,0,0,0,0,0,0.0222222222222222,0,0,0,0,0.00400000000000002,0,0,0,0,0,0,0,0,0,0,0,0,0,0,0.00222222222222222,0,0,0,0,0.00238095238095238,0,0,0,0,0,0,0,0,0,0,0.149403852563039,0.122981619296496
0,0,0,0,0,0,0,0,0,0,0,0,0,0,0,0,0,0,0,0,0,0,0,0,0,0,0,0,0,0,0,0,0,0,0,0,0,0,0,0,0,0,0,0,0,0,0,0,0,0,0,0,0,0,0,0,0.00714285714285714,0,0,0,0,0,0.00119047619047618,0,0,0,0,0,0,0,0,0,0,0,0
0,0,0,0,0,0,0,0.000858369098712446,0,0,0,0,0,0,0,0,0,0,0,0,0,0,0,0,0,0,0,0,0,0,0,0,0,0,0,0,0,0,0,0,0,0,0,0,0,0,0,0,0,0,0,0,0,0,0,0,0.00357142857142857,0,0,0,0,0,0.00119047619047618,0,0,0,0,0,0,0,0,0,0,0.00588235294117648,0
0,0,0,0.067847362183665,0,0.0181818181818182,0.1,0.0962809287083174,0.0296296296296296,0,0,0.215789473684211,0,0.0384615384615386,0.0435629656472721,0,0.0666666666666667,0.0812499999999999,0.0882352941176472,0,0,0.1,0.0333333333333333,0.04,0.02,0.0777777777777778,0,0,0,0.0833333333333334,0.140027014716407,0.0727272727272727,0.1,0,0,0.0571428571428572,0.0461538461538461,0,0,0.357442348008387,0,0,0.0343005343308146,0,0,0.0333333333333333,0,0.085412522452651,0,0,0,0.05,0,0.426,0,0.0885714285714286,0.283815117397091,0.100475626470374,0.0363636363636364,0,0.0333333333333333,0.1,0.275772403822036,0.1,0.0583333333333333,0.0599999999999999,0.205410440445937,0.0333333333333333,0,0.0899999999999999,0,0,0.179517543859649,0.047523497696769,0.00714285714285715
0,0,0,0,0,0,0,0.0121312157021821,0.0074074074074074,0,0,0,0,0.0153846153846154,0,0,0.0666666666666667,0.00624999999999999,0.023529411764706,0,0,0.01,0,0,0.02,0.0333333333333333,0,0,0,0.0111111111111111,0,0.0363636363636364,0,0,0,0,0.0230769230769231,0,0,0,0,0,0.0670190612805069,0,0,0,0,0,0,0,0,0,0,0.0357256593216091,0,0,0.0815434617931657,0.0389117873788032,0,0,0.0333333333333333,0,0.0217060483881604,0,0.0500000000000001,0,0.0105263157894737,0,0,0.05,0,0,0,0.00588235294117648,0
0,0,0,0,0,0.00909090909090915,0,0.00171673819742489,0,0,0,0,0,0,0.1698607692805,0,0,0,0.0117647058823529,0,0,0.00666666666666667,0,0,0,0,0,0,0,0,0,0,0,0.00294117647058824,0,0,0,0.0111111111111112,0,0,0,0,0.0891870296907217,0.0285714285714285,0,0,0,0,0,0,0,0.05,0,0.00133333333333332,0,0,0,0.0176553719823819,0,0,0,0,0.00357142857142858,0,0,0.0500000000000001,0,0,0,0,0,0,0,0.0113439950687357,0.304231043803178
0,0,0,0,0,0,0,0.0306220564514008,0,0,0,0,0,0,0,0,0,0,0,0,0,0,0,0,0,0,0,0,0,0,0,0,0,0,0,0,0,0,0,0,0,0,0,0,0,0,0,0,0,0,0,0,0,0,0,0,0,0,0,0,0,0,0.00357142857142858,0,0,0,0,0,0,0,0,0,0,0,0
0,0,0,0.0181818181818181,0,0,0,0.000858369098712446,0,0,0,0,0,0,0,0,0,0,0,0,0,0,0,0,0,0,0,0,0,0,0,0,0,0,0,0,0,0,0,0,0,0,0,0,0,0,0,0,0,0,0,0,0,0,0,0,0,0.00222222222222222,0,0,0,0,0.00357142857142858,0,0,0,0,0,0,0,0,0,0,0,0
0,0,0,0,0,0,0,0.00672890240842236,0,0,0,0,0,0,0,0,0,0,0,0,0,0,0,0,0,0,0,0,0,0,0,0,0,0,0,0,0,0,0,0,0,0,0,0,0,0,0,0,0,0,0,0,0,0,0,0,0,0,0,0,0,0,0.00238095238095238,0,0,0,0,0,0,0,0,0,0,0,0
0,0,0,0,0,0,0,0.00568427507937096,0,0,0,0,0,0,0,0,0,0,0,0,0,0,0,0,0,0,0,0,0,0,0,0,0,0,0,0,0,0,0,0,0,0,0,0,0,0,0,0,0,0,0,0,0,0,0,0,0,0,0,0,0,0,0.00357142857142858,0,0,0,0,0,0,0,0,0,0,0,0
0,0,0,0.0090909090909091,0,0.0272727272727272,0,0.0267084838692149,0.00370370370370369,0,0,0.00526315789473684,0,0,0,0,0,0.0125000000000001,0,0,0,0.0433333333333333,0,0,0.02,0.0777777777777778,0,0,0,0.0277777777777778,0,0.0818181818181818,0.0363636363636364,0,0,0,0.0307692307692307,0.0555555555555556,0,0.0917190775681339,0,0,0.095926488177583,0,0,0,0,0,0,0,0,0,0,0.0211898002571542,0,0,0.0554873504794267,0.0129025969655104,0.00909090909090909,0,0,0,0.0140757675156391,0,0,0.02,0.0711303039052184,0,0,0.05,0,0,0,0.0117647058823529,0
0,0,0,0,0,0,0,0.00128755364806867,0,0,0,0,0,0,0,0,0,0,0,0,0,0,0,0,0,0,0,0,0,0,0,0,0,0,0,0,0,0,0,0,0,0,0.00400000000000002,0,0,0,0,0,0,0,0,0,0,0,0,0,0,0,0,0,0,0,0.00357142857142858,0,0,0,0,0,0,0,0,0,0,0,0
0,0,0,0,0,0,0,0.000429184549356222,0,0,0,0,0,0,0,0,0,0,0,0,0,0,0,0,0,0,0,0,0,0,0,0,0,0,0,0,0,0,0,0,0,0,0,0,0,0,0,0,0,0,0,0,0,0.00133333333333332,0,0,0.00357142857142857,0,0,0,0,0,0.00119047619047618,0,0,0,0,0,0,0,0,0,0,0,0
0,0,0,0.0090909090909091,0,0,0,0,0,0,0,0,0,0,0,0,0,0,0,0,0,0,0,0,0,0,0,0,0,0,0,0,0,0,0,0,0,0,0,0,0,0,0,0,0,0,0,0,0,0,0,0,0,0,0,0,0,0,0,0,0,0,0,0,0,0,0,0,0,0,0,0,0,0,0
0,0,0,0,0,0,0,0.00171673819742489,0,0,0,0,0,0,0,0,0,0,0,0,0,0,0,0,0,0,0,0,0,0,0,0,0,0,0,0,0,0,0,0,0,0,0.00400000000000002,0,0,0,0,0,0,0,0,0,0,0,0,0,0,0.00222222222222222,0,0,0,0,0.00357142857142858,0,0,0,0.00526315789473684,0,0,0,0,0,0,0,0
0,0,0,0,0,0,0,0.00128755364806867,0,0,0,0,0,0,0,0,0,0,0,0,0,0,0,0,0,0,0,0,0,0,0,0,0,0,0,0,0,0,0,0,0,0,0,0,0,0,0,0,0,0,0,0,0,0,0,0,0,0,0,0,0,0,0,0,0,0,0,0,0,0,0,0,0,0,0
0,0,0,0.0272727272727273,0,0,0,0.0623424078759833,0,0,0,0,0,0,0.0602467543435174,0,0,0.06875,0.0176470588235294,0,0,0.01,0,0,0,0.0111111111111111,0,0,0,0.00555555555555556,0.00454545454545454,0,0,0,0,0,0,0.0111111111111112,0,0,0,0,0.0234666488507477,0,0,0,0,0.0897830749516491,0,0,0,0.258419750789736,0,0.0887312893484277,0,0,0.0107142857142857,0.0617470293453768,0,0,0,0,0.0238310582043085,0,0.0166666666666668,0,0.0553362612391482,0.0333333333333333,0.0666666666666667,0,0,0,0,0.206568444693638,0.199796594167914
0,0,0,0,0,0,0,0,0,0,0,0,0,0,0,0,0,0,0,0,0,0,0,0,0,0,0,0,0,0,0,0,0,0,0,0,0,0,0,0,0,0,0,0,0,0,0,0,0,0,0,0,0,0,0,0,0,0,0,0,0,0,0,0,0,0,0,0,0,0,0,0,0,0,0
0,0,0,0,0,0,0,0.00300429184549356,0,0,0,0,0,0,0,0,0,0,0,0,0,0,0,0,0,0,0,0,0,0,0,0,0,0,0,0,0,0,0,0,0,0,0,0,0,0,0,0,0,0,0,0,0,0,0,0,0,0.00222222222222222,0,0,0,0,0.00357142857142858,0,0,0,0,0,0,0,0,0,0,0,0
0,0,0,0,0,0,0,0.0113258701241529,0,0,0,0,0,0,0.00476190476190476,0,0,0,0,0,0,0,0,0,0,0,0,0,0,0,0,0,0,0,0,0,0,0,0,0,0,0,0,0,0,0,0,0,0,0,0,0,0,0,0,0,0,0,0,0,0,0,0.00238095238095238,0,0,0,0,0,0,0,0,0,0,0,0
0,0,0,0.0545454545454545,0,0.0545454545454545,0,0.0604204791782118,0.0111111111111111,0,0,0.0780701754385965,0,0.1,0.137541636807349,0,0.0333333333333333,0.0125000000000001,0.0705882352941177,0,0,0.03,0,0.0200000000000001,0.04,0,0,0,0,0,0.0500000000000001,0.0727272727272727,0.1,0.0441176470588236,0,0.45,0.0153846153846153,0.1,0.1,0,0,0,0.204628541014916,0,0,0,0,0.0663162000387486,0,0,0,0.0833333333333334,0,0.00533333333333334,0,0.0657142857142858,0.170103423666702,0.0312453315936888,0.1,0,0,0.1,0.0895284364790753,0.1,0.0583333333333333,0.0599999999999999,0.0813079473417545,0,0,0.0400000000000001,0,0.45,0.035,0.0352941176470588,0.0214285714285714
0,0,0,0,0,0,0,0.0253117652209351,0,0,0,0,0,0,0,0,0,0,0,0,0,0,0,0,0,0,0,0,0,0,0,0,0,0,0,0,0,0,0.00232558139534883,0,0,0,0,0,0,0,0,0,0,0,0,0,0,0,0,0,0,0.00222222222222222,0,0,0,0,0.00357142857142858,0,0,0,0,0,0,0,0,0,0,0,0
0,0,0,0,0,0,0,0.000858369098712446,0,0,0,0,0,0,0,0,0,0,0,0,0,0,0,0,0,0,0,0,0,0,0,0,0,0,0,0,0,0,0,0,0,0,0,0,0,0,0,0,0,0,0,0,0,0,0,0,0,0,0,0,0,0,0,0,0,0,0,0,0,0,0,0,0,0,0
0,0,0,0,0,0,0,0.0135736791378493,0.0074074074074074,0,0,0,0,0,0.0954967824875186,0,0,0,0.00588235294117647,0,0,0,0,0,0,0,0,0,0,0,0,0,0,0,0,0,0,0,0,0,0,0,0.0145302413116255,0,0,0,0,0,0,0,0,0.179939750569369,0,0.0463837679725325,0,0,0,0.102562709402792,0,0,0,0,0.00833333333333335,0,0,0,0.00526315789473684,0,0,0,0,0,0,0.151176889470841,0.186284382975255
0,0,0,0,0,0,0,0.00317638747723063,0,0,0,0,0,0,0,0,0,0,0,0,0,0,0,0,0,0,0,0,0,0,0,0,0,0,0,0,0,0,0,0,0,0,0.00400000000000002,0,0,0,0,0,0,0,0,0,0,0,0,0,0,0,0,0,0,0,0.00357142857142858,0,0,0,0,0,0,0,0,0,0,0,0
0,0,0,0,0,0,0,0.000858369098712446,0,0,0,0,0,0,0,0,0,0,0,0,0,0,0,0,0,0,0,0,0,0,0,0,0,0,0,0,0,0,0,0,0,0,0,0,0,0,0,0,0,0,0,0,0,0,0,0,0,0,0,0,0,0,0.00238095238095238,0,0,0,0,0,0,0,0,0,0,0,0
0,0,0,0,0,0,0,0.000858369098712446,0,0,0,0,0,0,0,0,0,0,0,0,0,0,0,0,0,0,0,0,0,0,0,0,0,0,0,0,0,0,0,0,0,0,0,0,0,0,0,0,0,0,0,0,0,0,0,0,0,0,0,0,0,0,0.00357142857142858,0,0,0,0,0,0,0,0,0,0,0,0
0,0,0,0.0181818181818181,0,0.0363636363636364,0.1,0.0754085350234015,0.0333333333333334,0,0,0.0263157894736842,0,0.0615384615384616,0.0630598603490981,0,0.1,0.0812499999999999,0.0588235294117647,0,0,0.06,0,0.0200000000000001,0.04,0.0555555555555556,0,0,0,0.0777777777777779,0.145292150243678,0.0545454545454545,0.0818181818181818,0.0411764705882354,0,0.143183263176357,0.0384615384615385,0.0555555555555556,0,0.0339622641509434,0,0,0.0701555684858173,0,0,0.0333333333333333,0,0.0142857142857142,0,0,0,0,0,0.305910750633847,0,0.0600000000000001,0.0870923462627386,0.00444444444444445,0.0272727272727273,0,0.0333333333333333,0,0.0989981179850772,0,0.025,0.02,0.0459780718257053,0.0333333333333333,0.0333333333333333,0.08,0,0.025,0.0025,0.0489106135408404,0.109326823182537
0,0,0,0,0,0,0,0.000858369098712446,0,0,0,0,0,0,0,0,0,0,0,0,0,0,0,0,0,0,0,0,0,0,0,0,0,0,0,0,0,0,0,0,0,0,0,0,0,0,0,0,0,0,0,0,0,0,0,0,0,0,0,0,0,0,0.00357142857142858,0,0,0,0,0,0,0,0,0,0,0,0
0,0,0,0,0,0,0,0.00128755364806867,0,0,0,0,0,0,0.00476190476190476,0,0,0,0,0,0,0,0,0,0,0,0,0,0,0,0,0,0,0,0,0,0,0,0,0,0,0,0,0,0,0,0,0,0,0,0,0,0,0,0,0,0,0,0,0,0,0,0.00119047619047618,0,0.0166666666666668,0,0,0,0,0,0,0,0,0,0
0,0,0,0,0,0,0,0.000429184549356222,0,0,0,0,0,0,0,0,0,0,0,0,0,0,0,0,0,0,0,0,0,0,0,0,0,0,0,0,0,0,0,0,0,0,0,0,0,0,0,0,0,0,0,0,0,0,0,0,0,0,0,0,0,0,0,0,0,0,0,0,0,0,0,0,0,0,0
0,0,0,0.0090909090909091,0,0.00909090909090915,0,0.00515021459227468,0,0,0,0,0,0.0153846153846154,0,0,0,0.00624999999999999,0,0,0,0.00333333333333335,0,0,0,0,0,0,0,0,0,0.00909090909090907,0,0,0,0.0535155222309919,0.0153846153846153,0.0111111111111112,0,0,0,0,0.00400000000000002,0,0,0,0,0,0,0,0,0,0,0.00666666666666666,0,0,0.0321428571428571,0.00222222222222222,0,0,0,0,0.00357142857142858,0,0,0,0.108888795035242,0,0,0.0200000000000001,0,0,0,0.0176470588235294,0
0.1,0,0,0.222471603811466,0,0.1,0.1,0.0948347701809688,0.45,0,0,0.1,0,0.0307692307692309,0.223437068432852,0,0.0666666666666667,0.0875,0.0470588235294119,0,0,0.0433333333333333,0,0,0.02,0.0111111111111111,0,0,0,0.0222222222222222,0.45,0.0636363636363636,0,0.20957886009333,0,0.0993209023941068,0.0538461538461539,0.1,0,0.070440251572327,0,0,0.160001916805312,0.0142857142857143,0,0,0,0.15661715720098,0,0,0,0.110294800756835,0,0.174906922215356,0,0.00285714285714285,0.165238109370021,0.45,0.00909090909090909,0,0.0333333333333333,0,0.163935569266554,0.1,0.45,0.0899999999999999,0.0898255468492773,0.1,0.1,0.0200000000000001,0,0.173504273504273,0.035,0.45,0.216064749000376
0,0,0,0,0,0,0,0.00257510729613734,0,0,0,0,0,0,0,0,0,0,0,0,0,0,0,0,0,0,0,0,0,0,0,0,0,0,0,0.00793650793650795,0,0,0,0,0,0,0.00400000000000002,0,0,0,0,0,0,0,0,0,0,0,0,0,0,0,0,0,0,0,0.00238095238095238,0,0,0.0500000000000001,0,0,0,0,0,0,0,0,0
0,0,0,0,0,0,0,0.00108032130212994,0,0,0,0,0,0,0.0285714285714284,0,0,0,0,0,0,0,0,0,0,0,0,0,0,0,0,0,0,0,0,0.0549896408839778,0,0,0,0,0,0,0.00800000000000001,0,0,0,0,0,0,0,0,0,0,0,0,0,0,0,0,0,0,0,0.00119047619047618,0,0,0,0,0,0,0,0,0,0,0.0176470588235294,0.0107142857142857
0,0,0,0,0,0,0,0.000858369098712446,0,0,0,0,0,0,0.0142857142857143,0,0,0,0,0,0,0,0,0,0,0,0,0,0,0,0,0,0,0,0,0,0,0,0,0,0,0,0.00400000000000002,0,0,0,0,0,0,0,0,0,0,0,0,0,0,0,0,0,0,0,0,0,0,0.00999999999999999,0,0,0,0,0,0,0,0,0
0,0,0,0,0,0,0,0.000429184549356222,0,0,0,0,0,0,0,0,0,0.00624999999999999,0.00588235294117647,0,0,0,0,0,0,0,0,0,0,0,0,0,0,0,0,0,0,0,0,0,0,0,0,0,0,0,0,0,0,0,0,0,0,0,0,0,0.00357142857142857,0,0,0,0,0,0.00357142857142858,0,0,0,0,0,0,0,0,0,0,0,0
0,0,0,0.0454545454545453,0,0,0,0.0367756782515951,0,0,0,0,0,0,0.0737353350636438,0,0,0,0,0,0,0.0466666666666666,0,0.04,0,0.0444444444444446,0,0,0,0,0.0272727272727273,0,0.00909090909090909,0.00588235294117646,0,0.0269841269841269,0.0153846153846153,0.0111111111111112,0,0,0,0,0.0241996988835955,0,0,0,0,0,0,0,0,0,0,0,0,0,0,0.00222222222222222,0,0,0,0,0.00595238095238095,0,0,0.0299999999999999,0.031578947368421,0,0,0,0,0,0,0.143720254456184,0.0422873411607133
0,0,0,0,0,0,0,0.00128755364806867,0,0,0,0,0,0,0,0,0,0,0,0,0,0,0,0,0,0,0,0,0,0,0,0,0,0,0,0,0,0,0,0,0,0,0,0,0,0,0,0,0,0,0,0,0,0,0,0,0,0,0,0,0,0,0.00119047619047618,0,0,0,0,0,0,0,0,0,0,0,0
0,0,0,0,0,0,0,0.000429184549356222,0,0,0,0,0,0,0.00476190476190476,0,0,0,0,0,0,0,0,0,0,0,0,0,0,0,0,0,0,0,0,0,0,0,0,0,0,0,0,0,0,0,0,0,0,0,0,0.00833333333333333,0,0,0,0,0,0,0,0,0,0,0.00119047619047618,0,0,0,0,0,0,0,0,0,0,0,0
0,0,0,0,0,0,0,0.00214592274678112,0,0,0,0,0,0,0,0,0,0,0,0,0,0.00666666666666667,0,0,0,0.0111111111111111,0,0,0,0,0,0,0,0,0,0,0,0,0,0,0,0,0.00400000000000002,0,0,0,0,0,0,0,0,0,0,0,0,0,0,0,0,0,0,0.0666666666666667,0.00604880698260134,0,0,0,0,0,0,0,0,0,0,0,0
0,0,0,0,0,0.00909090909090915,0,0.0117789207864898,0,0,0,0.031578947368421,0,0,0.0247322292635529,0,0,0.00624999999999999,0,0,0,0.00333333333333335,0,0,0,0,0,0,0,0,0,0,0,0,0,0,0,0.0111111111111112,0.146986166007905,0,0,0,0.012,0,0,0,0,0,0,0,0,0,0,0.0868462044433495,0,0,0.0837971866429025,0.0318999311058838,0,0,0,0,0.00639791731181184,0,0.025,0.0599999999999999,0.166326760113758,0,0,0,0,0,0.19828947368421,0.0132862245274738,0.00714285714285715
0,0,0,0,0,0,0,0,0,0,0,0,0,0,0,0,0,0,0,0,0,0,0,0,0,0,0,0,0,0,0,0,0,0,0,0,0,0,0,0,0,0,0,0,0,0,0,0,0,0,0,0,0,0,0,0,0,0,0,0,0,0,0,0,0,0,0,0,0,0,0,0,0,0,0
0,0,0,0,0,0,0,0.0842066250967989,0,0,0,0,0,0.0153846153846154,0.426190476190476,0,0,0.025,0.0294117647058824,0,0,0.00666666666666667,0,0,0,0,0,0,0,0,0,0,0,0.0567709901171329,0,0,0,0.0222222222222222,0,0,0,0,0.278225464006634,0,0,0,0,0.0428571428571429,0,0,0,0,0,0.00933333333333334,0,0,0,0.0519525187668701,0,0,0,0,0.0085012468520148,0,0.025,0.00999999999999999,0,0,0,0,0,0.137393162393162,0,0.0626157766134751,0.235219450039926
0,0,0,0,0,0,0,0.00257510729613734,0,0,0,0,0,0,0,0,0,0,0,0,0,0,0,0,0,0,0,0,0,0,0,0,0,0,0,0,0,0,0,0,0,0,0,0,0,0,0,0,0,0,0,0,0,0,0,0,0.0341024920973417,0.0111111111111111,0,0,0,0,0.00357142857142858,0,0,0,0,0,0,0,0,0,0,0,0
0,0,0,0,0,0.00909090909090915,0,0.0440522213054943,0.00370370370370369,0,0,0.00526315789473684,0,0.0307692307692309,0.0144447739677278,0,0.1,0.01875,0.0705882352941177,0,0,0.0266666666666667,0,0,0.02,0.0333333333333333,0,0,0,0,0,0.0454545454545455,0,0.0146885163983827,0,0,0.0153846153846153,0,0,0,0,0,0.018183065269188,0,0,0,0,0.131377618798358,0,0,0,0,0,0.0873426049344643,0,0,0.0308268363290716,0.102964824529351,0,0,0,0,0.0166666666666667,0,0.0500000000000001,0,0.266028693662269,0,0,0.0200000000000001,0,0,0,0.00588235294117648,0.00357142857142856
0,0,0,0,0,0,0,0.0202850294121364,0.134639743142076,0,0,0,0,0,0.00879870160335806,0,0,0.01875,0.023529411764706,0,0,0.04,0,0,0.04,0.0555555555555556,0,0,0,0.038888888888889,0,0.0454545454545455,0.0272727272727273,0,0,0.00158730158730156,0.0538461538461539,0,0.295672281459693,0,0,0,0,0,0,0,0,0,0,0,0,0,0,0.142507928934338,0,0,0.176015837248018,0.044071400161354,0,0,0,0,0.0334910656284671,0,0.00657865929190379,0,0,0,0,0,0,0,0,0,0.0163491320795413
0,0,0,0,0,0,0,0.00257510729613734,0,0,0,0,0,0,0,0,0,0,0,0,0,0,0,0,0,0,0,0,0,0,0,0,0,0,0,0,0,0,0,0,0,0,0.00400000000000002,0,0,0,0,0,0,0,0,0,0,0,0,0,0,0,0,0,0,0,0.00119047619047618,0,0,0,0,0,0,0,0,0,0,0,0
0,0,0,0,0,0,0,0.000858369098712446,0,0,0,0,0,0,0,0,0,0,0,0,0,0,0,0,0,0,0,0,0,0,0,0,0,0,0,0,0,0,0,0,0,0,0,0,0,0,0,0,0,0,0,0,0,0,0,0,0,0,0,0,0,0,0,0,0,0,0,0,0,0,0,0,0,0,0
0,0,0,0,0,0,0,0.0174703692860566,0,0,0.0375000000000003,0,0,0,0.0404694460447468,0,0,0,0,0,0,0,0,0,0,0,0,0,0,0,0,0.00909090909090907,0,0,0,0,0,0,0,0,0,0,0.00400000000000002,0,0,0,0,0,0,0,0,0,0,0,0,0,0,0,0,0,0,0,0.00357142857142858,0,0,0.0500000000000001,0,0,0,0,0,0.00555555555555557,0,0.0729914821388772,0
0,0,0,0,0,0,0,0.0164516164800498,0,0,0,0,0,0,0.0285714285714284,0,0,0,0,0,0,0.00333333333333335,0,0.0200000000000001,0,0.0111111111111111,0,0,0,0,0,0,0,0,0,0,0,0,0,0,0,0,0.02,0,0,0.0333333333333333,0,0,0,0,0,0,0,0,0,0,0,0.00444444444444445,0,0,0,0,0.00357142857142858,0,0,0,0,0,0,0.01,0,0,0,0.0566556254024898,0.0107142857142857
0,0,0,0.0272727272727273,0,0.0181818181818182,0.1,0.00300429184549356,0.0074074074074074,0,0,0,0,0,0.0607640705436278,0,0,0.00624999999999999,0.00588235294117647,0,0,0,0,0,0,0,0,0,0,0,0.0181818181818182,0.0272727272727273,0,0.0628089650286637,0,0.0095238095238095,0,0,0.0255813953488372,0,0,0,0.026496405864415,0.0571428571428572,0,0,0,0.138865086351941,0,0,0,0.0416666666666666,0,0.00266666666666666,0,0,0.00714285714285714,0.0466666666666667,0,0,0,0,0.00952380952380953,0.1,0.0500000000000001,0.0599999999999999,0.00526315789473684,0.0333333333333333,0,0,0,0.00555555555555557,0,0.068671089996572,0.0815799476696898
0,0,0,0,0,0,0,0.00257510729613734,0,0,0,0,0,0,0.00476190476190476,0,0,0,0,0,0,0,0,0,0,0.0111111111111111,0,0,0,0,0,0,0,0,0,0,0,0,0,0,0,0,0.02,0.0142857142857143,0,0,0,0,0,0,0,0,0,0,0,0,0,0,0,0,0,0,0.00119047619047618,0,0,0.02,0,0,0,0,0,0,0,0,0
0,0,0,0,0,0,0,0.00897470468764989,0,0,0,0,0,0,0,0,0,0,0,0,0,0,0,0,0,0.0222222222222223,0,0,0,0,0,0,0,0,0,0,0,0,0,0,0,0,0,0,0,0,0,0,0,0,0,0,0,0,0,0,0,0,0,0,0,0,0,0,0,0,0,0,0,0,0,0,0,0,0
0,0,0,0,0,0,0,0.000858369098712446,0,0,0,0,0,0,0,0,0,0,0,0,0,0,0,0,0,0,0,0,0,0,0,0,0,0,0,0,0,0,0,0,0,0,0,0,0,0,0,0,0,0,0,0,0,0,0,0,0.00357142857142857,0,0,0,0,0,0.00357142857142858,0,0,0,0,0,0,0,0,0,0,0,0
0,0,0,0.0528782107181981,0,0.0727272727272727,0.1,0.0692424701068054,0.014970101516531,0,0,0.196491228070175,0,0.0461538461538462,0.0597801353618051,0,0.1,0.0625,0.0588235294117647,0,0,0.0366666666666667,0,0,0.04,0.0666666666666668,0,0,0,0.00555555555555556,0.00454545454545454,0.0363636363636364,0.0727272727272727,0.00864408682915949,0,0.297041074717179,0.0538461538461539,0.0222222222222222,0.273377608236052,0.210691823899371,0,0,0.0698720676544895,0.0142857142857143,0,0.0333333333333333,0,0,0,0,0,0.1198622859971,0,0.012,0,0.0371428571428571,0.240724548352104,0.0276844988038791,0.0272727272727273,0,0,0,0.0485352510914234,0,0.0416666666666666,0.0599999999999999,0.417136342896705,0,0,0.1,0,0,0.400956937799043,0.0519826038218153,0.00869436659549073
0,0,0,0.0090909090909091,0,0,0,0.01290990385609,0.0074074074074074,0,0,0,0,0,0,0,0,0,0,0,0,0.00333333333333335,0,0,0,0.0111111111111111,0,0,0,0,0,0,0,0.0282878396676536,0,0,0,0,0,0,0,0,0.0231313099732547,0,0,0,0,0,0,0,0,0,0,0.0540859843619865,0,0,0.0312655099336669,0,0,0,0,0,0.00357142857142858,0,0,0,0,0,0,0,0,0,0,0,0.0273272641789504
0,0,0,0,0,0,0,0.0989348437063648,0,0,0,0,0,0,0,0,0,0,0,0,0,0,0,0,0,0,0,0,0,0,0,0,0,0,0,0,0,0,0,0,0,0,0,0,0,0,0,0,0,0,0,0,0,0,0,0,0,0,0,0,0,0,0.00238095238095238,0,0,0,0,0,0,0,0,0,0,0,0
0,0,0,0.0237557288436889,0,0,0,0.0448459024835969,0,0,0,0.0263157894736842,0,0,0.0219967540083952,0,0,0,0,0,0,0,0,0,0,0,0,0,0,0,0.0375614472646612,0,0,0.0530868009831583,0,0,0,0,0.102717391304348,0,0,0,0.0136508112670602,0,0,0,0,0.0923542280583363,0,0,0,0.0820566399845699,0,0.0123487557269917,0,0,0,0.0403465858839557,0,0,0,0,0.0130229796421601,0,0,0,0.0457115062136008,0,0,0,0,0.0484615384615383,0.052631578947368,0.090879580494409,0.105263938423977
0,0,0,0,0,0,0,0.000858369098712446,0,0,0,0,0,0,0,0,0,0,0,0,0,0,0,0,0,0,0,0,0,0,0,0,0,0,0,0,0,0,0,0,0,0,0.00400000000000002,0,0,0,0,0,0,0,0,0,0,0,0,0.1,0,0,0,0,0,0,0.00357142857142858,0,0,0,0,0,0,0,0,0,0,0.00588235294117648,0
0,0,0,0.0359986148145848,0,0,0,0.0238710001041696,0.00370370370370369,0,0,0,0,0,0.0342367536570402,0,0,0,0,0,0,0,0,0,0,0,0,0,0,0,0,0,0,0,0,0,0.0538461538461539,0,0,0,0,0,0,0,0,0,0,0,0,0,0,0,0,0.0178906363459344,0,0,0.0717337925036518,0.0385535241429252,0,0,0,0,0.0190907386582247,0,0,0,0,0,0,0,0,0,0,0.00588235294117648,0.0476246085116154
0.55,0,0,0.632050420698608,0.55,0.604545454545454,0.55,0.628284713925482,0.564814814814815,0,0,0.735964912280702,0,0.55,0.737415017885893,0.55,0.65,0.59375,0.644117647058824,0.55,0.55,0.616666666666667,0.55,0.63,0.61,0.605555555555556,0,0.55,0,0.622222222222222,0.568181818181818,0.640909090909091,0.65,0.934281821489067,0.55,0.584920634920635,0.603846153846154,0.65,0.995348837209302,0.55,0.55,0,0.886432591822892,0.578571428571429,0,0.616666666666667,0,0.658209312657467,0.55,0.55,0,0.55,0,0.750626225872638,0.55,0.615714285714286,0.812470655782307,0.665079579319237,0.586363636363636,0,0.65,0.65,0.657833020358822,0.55,0.625236357967389,0.6,0.743492810197314,0.583333333333333,0.583333333333333,0.61,0.55,0.611431623931624,0.55,0.614074816132515,0.607456446666178
0,0,0,0,0,0,0,0,0,0,0,0,0,0,0,0,0,0,0,0,0,0,0,0,0,0,0,0,0,0,0,0,0,0,0,0,0,0,0,0,0,0,0,0,0,0,0,0,0,0,0,0,0,0,0,0,0,0,0,0,0,0,0,0,0,0,0,0,0,0,0,0,0,0,0
0,0,0,0,0,0,0,0.000858369098712446,0,0,0,0,0,0,0,0,0,0,0,0,0,0,0,0,0,0,0,0,0,0,0,0,0,0,0,0,0,0,0,0,0,0,0,0,0,0,0,0,0,0,0,0,0,0,0,0,0,0,0,0,0,0,0.00357142857142858,0,0,0,0,0,0,0,0,0,0,0,0
0,0,0,0,0,0,0,0.000858369098712446,0,0,0,0,0,0,0,0,0,0,0,0,0,0,0,0,0,0,0,0,0,0,0,0,0,0,0,0,0,0,0,0,0,0,0.00800000000000001,0,0,0,0,0,0,0,0,0,0,0,0,0,0,0,0,0,0,0,0.00238095238095238,0,0,0.00999999999999999,0,0,0,0,0,0,0,0,0
0,0,0,0,0,0,0,0.000858369098712446,0,0,0,0,0,0,0,0,0,0,0,0,0,0,0,0,0,0,0,0,0,0,0,0,0,0,0,0,0,0,0,0,0,0,0,0,0,0,0,0,0,0,0,0,0,0,0,0,0,0,0,0,0,0,0.00119047619047618,0,0,0,0,0,0,0,0,0,0,0,0
0,0,0,0.0815935797593061,0,0.0636363636363635,0,0.139044344279582,0.0729563302321901,0,0,0,0,0,0.265260812179187,0,0.1,0.01875,0.0647058823529413,0,0,0.0800000000000001,0.0333333333333333,0.0200000000000001,0.02,0.0555555555555556,0,0,0,0.0833333333333334,0.127174191638576,0.1,0.1,0.0088235294117647,0,0.0095238095238095,0.0538461538461539,0.1,0,0.193186582809224,0,0,0.111370612353911,0,0,0.0333333333333333,0,0.421428571428571,0,0,0,0,0,0.40534891359302,0,0.1,0.435714285714286,0.0555228465867975,0.00909090909090909,0,0,0,0.113618154383466,0,0.025,0.0500000000000001,0.148084277061874,0.0333333333333333,0.0666666666666667,0.0899999999999999,0,0,0,0.0485007716362676,0
0,0,0,0,0,0,0,0.000858369098712446,0,0,0,0,0,0,0,0,0,0,0,0,0,0,0,0,0,0,0,0,0,0,0,0,0,0,0,0,0,0,0,0,0,0,0.00400000000000002,0,0,0,0,0,0,0,0,0,0,0,0,0,0,0,0,0,0,0,0,0,0,0,0,0,0,0,0,0,0,0,0.00714285714285715
0,0,0,0,0,0,0,0,0,0,0,0,0,0,0,0,0,0,0,0,0,0,0,0,0,0,0,0,0,0,0,0,0,0,0,0,0,0,0,0,0,0,0,0,0,0,0,0,0,0,0,0,0,0,0,0,0,0,0,0,0,0,0,0,0,0,0,0,0,0,0,0,0,0,0
0,0,0,0.0181818181818181,0,0,0,0.00300429184549356,0,0,0,0,0,0,0.0191536588356281,0,0,0,0,0,0,0,0,0,0,0,0,0,0,0,0,0,0,0,0,0,0,0,0,0,0,0,0.127077882017177,0,0,0,0,0,0,0,0,0,0,0,0,0,0,0.0116859637351086,0,0,0,0,0.00357142857142858,0,0,0,0,0,0,0,0,0,0,0.0761430333807216,0.235604900538778
0,0,0,0,0,0,0,0.000858369098712446,0,0,0,0,0,0,0,0,0,0,0,0,0,0,0,0,0,0,0,0,0,0,0,0,0,0,0,0,0,0,0,0,0,0,0,0,0,0,0,0,0,0,0,0,0,0,0,0,0,0,0,0,0,0,0,0,0,0,0,0,0,0,0,0,0,0,0
0,0,0,0.0939576711523128,0,0.0636363636363635,0,0.132663437722704,0.0407407407407407,0,0,0.00526315789473684,0,0.0615384615384616,0.142426399217239,0,0.1,0.1,0.1,0,0,0.0933333333333334,0,0,0.06,0.088888888888889,0,0,0,0.1,0.140187480825246,0.1,0.1,0.160387531673669,0,0.28631884153293,0.0461538461538461,0.1,0.123552256641235,0.323270440251573,0,0,0.21564374213648,0.0428571428571428,0,0.1,0,0.119658001636814,0,0,0,0.0416666666666666,0,0.411184388877299,0,0,0.196450377193904,0.138487571985169,0.00909090909090909,0,0.0333333333333333,0,0.134622349855755,0,0.123342138183922,0.02,0.263447125739684,0,0,0.0400000000000001,0,0,0,0.160103002518893,0.136630460115663
0,0,0,0,0,0,0,0.00557939914163089,0,0,0,0,0,0,0.0245153465996531,0,0,0,0,0,0,0,0,0,0,0,0,0,0,0,0,0,0,0,0,0.0659875690607735,0,0,0,0,0,0,0.00400000000000002,0,0,0,0,0,0,0,0,0,0,0,0,0,0,0,0,0,0,0,0.00357142857142858,0,0,0,0,0,0,0,0,0,0,0,0
0,0,0,0,0,0,0.1,0.0396110690112218,0,0,0,0,0,0,0,0,0,0,0,0,0,0.00666666666666667,0,0,0,0,0,0,0,0,0.00195632537836777,0,0,0.00588235294117646,0,0,0,0.0222222222222222,0,0,0,0,0.0196963558315587,0,0,0,0,0,0,0,0,0.0602607821311505,0,0.0599835532968002,0,0,0.0952223489109843,0.0131908134617579,0,0,0,0,0.0282074249800852,0,0,0,0.00526315789473684,0,0,0,0,0,0.112930622009569,0.124833549533495,0.0215761220285338
0,0,0,0,0,0,0,0.00756126373103775,0,0,0,0,0,0,0,0,0,0,0,0,0,0,0,0,0,0,0,0,0,0,0,0,0,0,0,0,0,0,0,0,0,0,0,0,0,0,0,0,0,0,0,0,0,0,0,0,0,0,0,0,0,0,0.00357142857142858,0,0,0,0,0,0,0,0,0,0,0,0
0,0,0,0,0,0,0,0.0102954053937034,0.0074074074074074,0,0,0,0,0,0,0,0,0,0,0,0,0,0,0,0,0,0,0,0,0,0,0,0,0,0,0,0,0,0,0,0,0,0.00400000000000002,0,0,0,0,0.0285714285714286,0,0,0,0,0,0.00133333333333332,0,0,0.00714285714285714,0.00888888888888889,0,0,0,0,0.00357142857142858,0,0,0,0,0,0,0,0,0,0,0.00588235294117648,0
0,0,0,0,0,0,0,0.000858369098712446,0,0,0,0,0,0,0,0,0,0,0,0,0,0,0,0,0,0,0,0,0,0,0,0,0,0,0,0,0,0,0,0,0,0,0.00400000000000002,0,0,0,0,0,0,0,0,0,0,0,0,0,0,0,0,0,0,0,0.00357142857142858,0,0,0,0,0,0,0,0,0,0,0,0
0,0,0,0,0,0,0,0.000858369098712446,0,0,0,0,0,0,0,0,0,0,0,0,0,0,0,0,0,0,0,0,0,0,0,0,0,0,0,0,0,0,0,0,0,0,0,0,0,0,0,0,0,0,0,0,0,0,0,0,0,0,0,0,0,0,0.00357142857142858,0,0,0,0,0,0,0,0,0,0,0,0
0,0,0,0,0,0,0,0.00214592274678112,0,0,0,0,0,0,0,0,0,0,0,0,0,0,0,0,0,0,0,0,0,0,0,0,0,0,0,0,0,0,0,0,0,0,0,0,0,0,0,0,0,0,0,0,0,0,0,0,0,0,0,0,0,0,0.00357142857142858,0,0,0,0,0,0,0,0,0,0,0,0
0,0,0,0,0,0,0,0.000858369098712446,0,0,0,0,0,0,0.00476190476190476,0,0,0,0,0,0,0,0,0,0,0,0,0,0,0,0,0,0,0,0,0,0,0,0,0,0,0,0.00400000000000002,0,0,0,0,0,0,0,0,0,0,0,0,0,0,0,0,0,0,0,0.00357142857142858,0,0,0.00999999999999999,0,0,0,0,0,0,0,0,0
0,0,0,0,0,0,0,0.00128755364806867,0.037037037037037,0,0,0,0,0,0,0,0,0,0,0,0,0.0133333333333333,0,0,0,0,0,0,0,0.0222222222222222,0,0,0,0.0312463820928004,0,0,0.00769230769230769,0,0,0,0,0,0,0,0,0,0,0,0,0,0,0,0,0.00533333333333334,0,0,0.0171650751643268,0,0,0,0,0,0.0228218830154184,0,0.107674737610299,0,0,0,0,0,0,0,0,0,0
0,0,0,0,0,0,0,0.000429184549356222,0,0,0,0,0,0,0,0,0,0,0,0,0,0,0,0,0,0,0,0,0,0,0,0,0,0,0,0.0333333333333333,0,0,0,0,0,0,0.00400000000000002,0,0,0,0,0,0,0,0,0,0,0,0,0,0,0,0,0,0,0,0.00357142857142858,0,0,0.00999999999999999,0,0,0,0,0,0,0,0,0
0,0,0,0,0,0,0,0.0208308079026896,0.0074074074074074,0,0,0,0,0,0.0472847188914347,0,0,0.09375,0.0823529411764708,0,0,0,0,0,0.02,0,0,0,0,0,0,0,0,0.218726356810498,0,0,0,0.0111111111111112,0.114881882525967,0,0,0,0.0987164049136126,0,0,0.0333333333333333,0,0.429575348839989,0,0,0,0,0,0.004,0,0,0.042989225687622,0.0324418960296704,0,0,0,0,0.120001366618471,0,0.0666666666666667,0,0.00526315789473684,0,0,0.0699999999999999,0,0,0.272723285486443,0.0522210636180169,0.120154191215786
0,0,0,0.0636363636363636,0,0,0,0.00128755364806867,0.235204591885188,0,0,0,0,0,0,0,0,0,0,0,0,0,0,0,0,0,0,0,0,0,0,0,0,0,0,0,0,0,0,0,0,0,0,0,0,0,0,0,0,0,0,0,0,0.004,0,0,0,0,0,0,0,0,0.00357142857142858,0,0,0,0,0,0,0,0,0,0,0.249510596798493,0
0,0,0,0.0454545454545453,0,0,0,0.0224358628103255,0.0635904464629443,0,0,0,0,0,0.0835036146505683,0,0,0,0,0,0,0,0,0,0,0,0,0,0,0,0,0,0,0,0,0,0.0307692307692307,0,0,0.107966457023061,0,0,0.00400000000000002,0,0,0,0,0,0,0,0,0,0,0.00266666666666666,0,0,0.0107142857142857,0.0853727771104349,0,0,0,0,0.00357142857142858,0,0.0500000000000001,0,0.0486400134384659,0,0,0,0,0,0,0.0421977078814738,0.110772387161557
0,0,0,0,0,0,0,0,0,0,0,0,0,0,0,0,0,0,0,0,0,0,0,0,0,0,0,0,0,0,0,0,0,0,0,0,0,0,0,0,0,0,0,0,0,0,0,0,0,0,0,0,0,0,0,0,0,0.0483190252093544,0,0,0,0,0.00119047619047618,0,0,0,0,0,0,0,0,0,0,0,0
0,0,0,0.0090909090909091,0,0,0,0.00772029809756603,0,0,0,0.00526315789473684,0,0,0.00952380952380952,0,0,0,0,0,0,0.00666666666666667,0,0,0,0,0,0,0,0,0,0,0,0.0147058823529412,0,0,0,0,0,0,0,0,0.00400000000000002,0.0285714285714285,0,0,0,0,0,0,0,0,0,0.00133333333333332,0,0,0,0.0213192661473683,0,0,0,0,0.00119047619047618,0,0.0166666666666668,0.0599999999999999,0,0,0,0,0,0.0333333333333333,0,0.105050053637219,0.277312287691787
0,0,0,0,0,0.00909090909090915,0,0.0180332677757237,0.0074074074074074,0,0,0,0,0,0.159505391712231,0,0,0,0,0,0,0.00666666666666667,0,0,0,0.0222222222222223,0,0,0,0.0277777777777778,0.00454545454545454,0.0727272727272727,0.0454545454545455,0,0,0,0.0384615384615385,0.0111111111111112,0,0.0339622641509434,0,0,0.00400000000000002,0,0,0,0,0.0142857142857142,0,0,0,0,0,0.0523805380987768,0,0.00285714285714285,0.0446721297984038,0,0,0,0,0,0.0143388596808014,0,0,0,0,0,0,0.03,0,0,0,0,0
0,0,0,0,0,0,0,0,0,0,0,0,0,0,0,0,0,0,0,0,0,0,0,0,0,0,0,0,0,0,0,0,0,0,0,0,0,0,0,0,0,0,0,0,0,0,0,0,0,0,0,0,0,0.00133333333333332,0,0,0,0,0,0,0,0,0,0,0,0,0,0,0,0,0,0,0,0,0
0,0,0,0,0,0,0,0.00329542601357257,0,0,0,0,0,0,0,0,0,0,0,0,0,0,0,0,0,0,0,0,0,0,0,0,0,0,0,0,0,0,0.0570652173913045,0,0,0,0,0,0,0,0,0,0,0,0,0,0,0,0,0,0,0,0,0,0,0,0.00476190476190476,0,0,0,0,0,0,0,0,0,0,0,0
0,0,0,0,0,0.0181818181818182,0,0.00643776824034335,0.00370370370370369,0,0.0375000000000003,0,0,0,0,0,0,0,0,0,0,0.00333333333333335,0,0,0,0,0,0,0,0,0,0.0272727272727273,0,0,0,0,0,0,0,0,0,0,0.0960926207761972,0,0,0,0,0,0,0,0,0.121063646424611,0,0,0,0,0.0634902705902428,0,0,0,0,0,0.0202380952380952,0,0,0.00999999999999999,0,0,0,0.0200000000000001,0,0,0,0.00588235294117648,0
0,0,0,0,0,0,0,0.000858369098712446,0,0,0,0,0,0,0,0,0,0,0,0,0,0,0,0,0,0,0,0,0,0,0,0,0,0,0,0,0,0,0,0,0,0,0,0,0,0,0,0,0,0,0,0,0,0,0,0,0,0,0,0,0,0,0.00357142857142858,0,0,0,0,0,0,0,0,0,0,0,0
0,0,0,0.150738977413985,0,0.0545454545454545,0.1,0.0690800513059755,0,0,0,0.031578947368421,0,0.0538461538461539,0.143551621712389,0,0.0666666666666667,0.01875,0.0411764705882352,0,0,0.0733333333333333,0,0,0.06,0.1,0,0,0,0.0611111111111111,0.0665449231999104,0.0454545454545455,0.0454545454545455,0.438235294117647,0,0.0406077348066299,0.0461538461538461,0.0555555555555556,0,0,0,0,0.126337037506357,0.0571428571428572,0,0.0666666666666667,0,0.0940845483661919,0,0,0,0.144415706956719,0,0.259020711052256,0,0,0.144997234353049,0.241299691611707,0.0181818181818182,0,0.0666666666666667,0,0.11944843522844,0.1,0,0.00999999999999999,0.0526315789473684,0,0,0.08,0,0.258333333333333,0.4075,0.0739527808767812,0.0425414779531721
0,0,0,0,0,0,0,0.00171673819742489,0,0,0,0,0,0,0,0,0,0,0,0,0,0,0,0,0,0,0,0,0,0,0,0,0,0,0,0,0,0,0,0,0,0,0,0,0,0,0,0,0,0,0,0,0,0,0,0,0,0,0,0,0,0,0,0,0,0,0,0,0,0,0,0,0,0,0
0,0,0,0,0,0,0,0.156376609451241,0,0,0,0,0,0,0,0,0,0,0,0,0,0,0,0,0,0,0,0,0,0,0,0,0,0,0,0,0,0,0,0,0,0,0,0,0,0,0,0,0,0,0,0,0,0,0,0,0,0,0,0,0,0,0.00238095238095238,0,0,0,0,0,0,0,0,0,0,0,0
0,0,0,0,0,0,0,0.000429184549356222,0,0,0,0,0,0,0.0238095238095238,0,0,0,0,0,0,0,0,0,0,0,0,0,0,0,0,0,0,0,0,0,0,0,0,0,0,0,0.00400000000000002,0,0,0,0,0,0,0,0,0,0,0,0,0,0,0,0,0,0,0,0.00238095238095238,0,0,0.02,0,0,0,0,0,0,0,0,0
0.1,0,0,0.136787959704355,0,0.0909090909090908,0.1,0.0717686398301374,0.09698011802606,0,0.1,0.081578947368421,0,0.0153846153846154,0.0634533903486402,0,0.1,0.0437499999999999,0.023529411764706,0,0,0.03,0.0333333333333333,0.0200000000000001,0.02,0.0333333333333333,0,0,0,0.0333333333333333,0.0454545454545454,0.1,0.0818181818181818,0.0952567714828503,0,0.126402043321933,0.0538461538461539,0.1,0.0395348837209303,0.0566037735849057,0,0,0.438,0.1,0,0.0333333333333333,0,0.0571428571428571,0,0,0,0.0749999999999999,0,0.00533333333333334,0,0.0942857142857143,0.105684532348199,0.0558852306133626,0.0818181818181818,0,0.1,0.1,0.135592873041891,0.0857142857142856,0.117061957425372,0.0299999999999999,0.0798781329600966,0.1,0.0666666666666667,0.0699999999999999,0,0.0880341880341881,0.05,0.0993716598687051,0.278050665324188
0,0,0,0.0363636363636364,0,0,0,0.0180535400203301,0,0,0,0,0,0,0.313911289705692,0,0.0333333333333333,0.025,0.0647058823529413,0,0,0.00666666666666667,0,0,0,0.0222222222222223,0,0,0,0.00555555555555556,0,0,0,0.00294117647058824,0,0,0,0,0,0,0,0,0.0640520076231509,0.0571428571428572,0,0,0,0.225873643059693,0,0,0,0.00833333333333333,0,0.00133333333333332,0,0,0,0.0449507597872886,0,0,0,0,0.00491463928476596,0,0.0166666666666668,0.0299999999999999,0.0368421052631579,0,0,0,0,0,0.0025,0.22989465829887,0.241607408845827
0,0,0,0,0,0,0,0.187225058175053,0,0,0,0,0,0,0.0285714285714284,0,0,0,0,0,0,0,0,0,0,0,0,0,0,0,0,0,0,0,0,0,0,0,0,0,0,0,0,0,0,0,0,0,0,0,0,0,0,0,0,0.1,0,0,0,0,0,0,0.00357142857142858,0,0,0,0,0,0,0,0,0.00555555555555557,0,0,0
0,0,0,0,0,0,0,0.00214592274678112,0,0,0,0,0,0,0,0,0,0,0,0,0,0,0,0,0,0,0,0,0,0,0,0,0,0,0,0,0,0,0,0,0,0,0.0143005343308146,0,0,0,0,0,0,0,0,0,0,0,0,0,0,0,0,0,0,0,0.00119047619047618,0,0,0,0,0,0,0,0,0,0,0.0117647058823529,0.115848194062289
0,0,0,0,0,0,0,0.000858369098712446,0,0,0,0,0,0,0,0,0,0,0,0,0,0,0,0,0,0,0,0,0,0,0,0,0,0,0,0,0,0,0,0,0,0,0,0,0,0,0,0,0,0,0,0,0,0,0,0,0,0,0,0,0,0,0,0,0,0,0,0,0,0,0,0,0,0.00588235294117648,0
0,0,0,0.45,0,0.0545454545454545,0,0.0122643888177022,0.265686894365528,0,0.0375000000000003,0.00526315789473684,0,0,0.0868460617924559,0,0,0,0.00588235294117647,0,0,0.0233333333333334,0,0,0,0,0,0,0,0,0.0227272727272728,0,0,0.219375581792593,0,0.0742151188283785,0.0846153846153846,0.0555555555555556,0.263049223274198,0.0792452830188677,0,0,0.314213679811949,0,0,0,0,0.121148152806056,0,0,0,0,0,0.00266666666666666,0,0.00285714285714285,0.025,0.172607137215632,0,0,0.0333333333333333,0,0.0316166196523988,0,0.18347923445334,0.1,0,0,0,0,0,0.0388888888888889,0,0.145394500447348,0.148726149777734
0,0,0,0,0,0,0,0.000429184549356222,0,0,0,0,0,0,0,0,0,0,0,0,0,0,0,0,0,0,0,0,0,0,0,0,0,0,0,0,0,0,0,0,0,0,0.0192150046369511,0,0,0,0,0,0,0,0,0,0,0,0,0,0,0.00222222222222222,0,0,0,0,0.00357142857142858,0,0,0,0,0,0,0,0,0,0,0,0
0,0,0,0,0,0,0,0.00601610039374942,0,0,0,0,0,0,0,0,0,0,0,0,0,0,0,0,0,0,0,0,0,0,0,0,0,0,0,0.0095238095238095,0,0,0,0,0,0,0.00400000000000002,0,0,0,0,0,0,0,0,0,0,0,0,0,0,0.00222222222222222,0,0,0,0,0,0,0,0,0,0,0,0,0,0,0,0.0117647058823529,0
0,0,0,0,0,0,0,0.000429184549356222,0,0,0,0,0,0,0,0,0,0,0,0,0,0,0,0,0,0,0,0,0,0,0,0,0,0,0,0,0,0,0,0,0,0,0,0,0,0,0,0,0,0,0,0,0,0,0,0,0,0.0286401927001619,0,0,0,0,0.00119047619047618,0,0,0,0,0,0,0,0,0,0,0,0
0,0,0,0,0,0,0,0.000429184549356222,0,0,0,0,0,0,0,0,0,0,0,0,0,0,0,0,0,0,0,0,0,0,0,0,0,0,0,0,0,0,0,0,0,0,0,0,0,0,0,0,0,0,0,0,0,0,0,0,0,0,0,0,0,0,0.00238095238095238,0,0,0,0,0,0,0,0,0,0,0,0
0,0,0,0,0,0,0,0.0169274515328906,0,0,0,0,0,0.0307692307692309,0,0,0,0,0.00588235294117647,0,0,0.01,0,0.0200000000000001,0,0.0111111111111111,0,0,0,0,0,0,0,0,0,0,0,0,0,0,0,0,0.0143005343308146,0,0,0,0,0.0762949816963117,0,0,0,0,0,0,0,0,0,0.0144200272569065,0,0,0,0,0.00357142857142858,0,0,0,0.0105263157894737,0,0,0,0,0,0,0.0588103965365486,0
0,0,0,0,0,0,0,0.000429184549356222,0,0,0,0,0,0,0,0,0,0,0,0,0,0,0,0,0,0,0,0,0,0,0,0,0,0,0,0,0,0,0,0,0,0,0.00400000000000002,0,0,0,0,0,0,0,0,0,0,0.00133333333333332,0,0,0,0,0,0,0,0,0.00238095238095238,0,0,0,0,0,0,0,0,0,0,0,0
0,0,0,0,0,0,0,0,0,0,0,0,0,0,0,0,0,0,0,0,0,0,0,0,0,0,0,0,0,0,0,0,0,0,0,0,0,0,0,0,0,0,0,0,0,0,0,0,0,0,0,0,0,0,0,0,0,0,0,0,0,0,0.00119047619047618,0,0,0,0,0,0,0,0,0,0,0,0
0,0,0,0,0,0,0,0.00128755364806867,0,0,0,0,0,0,0,0,0,0,0,0,0,0,0,0,0,0,0,0,0,0,0,0,0,0,0,0,0,0,0,0,0,0,0,0,0,0,0,0,0,0,0,0,0,0,0,0,0,0,0,0,0,0,0,0,0,0,0,0,0,0,0,0,0,0,0
0,0,0,0,0,0,0,0.000858369098712446,0,0,0,0,0,0,0,0,0,0,0,0,0,0,0,0,0,0,0,0,0,0,0,0,0,0,0,0,0,0,0,0,0,0,0,0,0,0,0,0,0,0,0,0,0,0,0,0,0.00714285714285714,0,0,0,0,0,0.00238095238095238,0,0,0,0,0,0,0,0,0,0,0,0
0,0,0,0,0,0,0,0.00257510729613734,0,0,0,0,0,0,0.00476190476190476,0,0,0,0,0,0,0,0,0,0,0,0,0,0,0,0,0,0,0,0,0,0,0,0,0,0,0,0,0,0,0,0,0,0,0,0,0,0,0,0,0,0,0,0,0,0,0,0,0,0,0,0,0,0,0,0,0,0,0,0
0,0,0,0,0,0,0,0.000429184549356222,0,0,0,0,0,0,0,0,0,0,0,0,0,0,0,0,0,0,0,0,0,0,0,0,0,0,0,0,0,0,0,0,0,0,0,0,0,0,0,0,0,0,0,0,0,0,0,0,0,0,0,0,0,0,0.00119047619047618,0,0,0,0,0,0,0,0,0,0,0,0
0,0,0,0,0,0,0,0,0,0,0,0,0,0,0,0,0,0,0,0,0,0,0,0,0,0,0,0,0,0,0,0,0,0,0,0,0,0,0,0,0,0,0,0,0,0,0,0,0,0,0,0,0,0,0,0,0,0,0,0,0,0,0.00119047619047618,0,0,0,0,0,0,0,0,0,0,0,0
0,0,0,0,0,0,0,0.0166966303438737,0,0,0,0.0614035087719296,0,0,0.0152084197397433,0,0,0,0.0294117647058824,0,0,0.01,0,0,0,0.0111111111111111,0,0,0,0.0111111111111111,0,0,0,0,0,0,0,0,0,0,0,0,0.00400000000000002,0,0,0,0,0.315942749941745,0,0,0,0,0,0.0622389529804804,0,0,0.0269596349544846,0.00324246918110847,0,0,0,0,0.0108666529791892,0,0,0,0,0,0,0,0,0,0,0.0166884861747566,0.0208587697321419
0,0,0,0,0,0,0,0.00128755364806867,0,0,0,0,0,0,0,0,0,0,0,0,0,0.00666666666666667,0,0,0,0.0222222222222223,0,0,0,0,0,0,0,0,0,0,0,0,0,0,0,0,0,0,0,0,0,0,0,0,0,0,0,0,0,0,0,0,0,0,0,0,0.00476190476190476,0,0.0166666666666668,0,0,0,0,0,0,0,0,0,0
0,0,0,0,0,0,0,0.000858369098712446,0,0,0,0,0,0,0,0,0,0,0,0,0,0,0,0,0,0,0,0,0,0,0,0,0,0,0,0,0,0,0,0,0,0,0.00400000000000002,0,0,0,0,0,0,0,0,0,0,0,0,0,0,0,0,0,0,0,0.00357142857142858,0,0,0,0,0,0,0,0,0,0,0.0117647058823529,0
0,0,0,0,0,0,0,0,0,0,0,0,0,0,0,0,0,0,0,0,0,0,0,0,0,0,0,0,0,0,0,0,0,0,0,0,0,0,0,0,0,0,0,0,0,0,0,0,0,0,0,0,0,0,0,0,0,0,0,0,0,0,0,0,0,0,0,0,0,0,0,0,0,0,0
0,0,0,0,0,0,0,0.0405673307069348,0,0,0,0,0,0,0.0812560182739676,0,0.0333333333333333,0,0,0,0,0.00666666666666667,0,0,0,0,0,0,0,0,0,0.0363636363636364,0,0.00294117647058824,0,0,0,0,0,0,0,0,0.012,0,0,0,0,0,0,0,0,0,0,0,0,0,0,0.00222222222222222,0,0,0,0,0.00357142857142858,0,0,0.0500000000000001,0,0,0,0,0,0,0,0.0117647058823529,0.0107142857142857
0,0,0,0.0363636363636364,0,0.00909090909090915,0,0.00128755364806867,0.14997204412333,0,0,0,0,0,0,0,0,0,0,0,0,0.00333333333333335,0,0,0,0,0,0,0,0.00555555555555556,0.0577161119022671,0,0,0,0,0,0.0230769230769231,0,0,0,0,0,0,0,0,0,0,0,0,0,0,0,0,0,0,0,0.0178571428571429,0.00222222222222222,0,0,0,0,0.00357142857142858,0,0,0,0,0,0,0,0,0,0,0,0
0,0,0,0,0,0,0,0.000858369098712446,0,0,0,0,0,0,0,0,0,0,0,0,0,0,0,0,0,0,0,0,0,0,0,0,0,0,0,0,0,0,0,0,0,0,0,0,0,0,0,0,0,0,0,0,0,0,0,0,0,0,0,0,0,0,0.00357142857142858,0,0,0,0,0,0,0,0,0,0,0,0
0,0,0,0.0090909090909091,0,0,0,0.00557939914163089,0,0,0,0,0,0,0.0200763642896571,0,0,0.0125000000000001,0.00588235294117647,0,0,0,0,0,0,0,0,0,0,0,0,0,0,0,0,0,0,0,0,0,0,0,0.00800000000000001,0,0,0,0,0,0,0,0,0,0,0,0,0,0,0.0104065189806397,0,0,0,0,0.00238095238095238,0,0,0,0,0,0,0,0,0,0,0.0462174019021772,0.0216358147242963
0,0,0,0,0,0,0,0.000429184549356222,0,0,0,0,0,0,0,0,0,0,0,0,0,0,0,0,0,0,0,0,0,0,0,0,0,0,0,0,0,0,0,0,0,0,0,0,0,0,0,0,0,0,0,0,0,0,0,0,0,0,0,0,0,0,0.00357142857142858,0,0,0,0,0,0,0,0,0,0,0,0
0,0,0,0.100369981795216,0,0.00909090909090915,0,0.0333699902087598,0.0074074074074074,0,0.1,0,0,0.0153846153846154,0.0534096976229904,0,0,0,0,0,0,0.01,0,0,0.02,0.0111111111111111,0,0,0,0.00555555555555556,0.157466309303813,0.0363636363636364,0,0.0205882352941177,0,0.122936398316233,0.0461538461538461,0.0111111111111112,0,0,0,0,0.00800000000000001,0,0,0,0,0.105472875104978,0,0,0,0,0,0.00266666666666666,0,0,0.0214285714285714,0.0133333333333333,0,0,0,0,0.00595238095238095,0,0.00833333333333332,0.0500000000000001,0.0157894736842106,0,0,0.08,0,0.00555555555555557,0,0.0557931410532813,0.00714285714285715
0,0,0,0.0181818181818181,0,0,0,0.00300429184549356,0,0,0,0,0,0,0.101500722537298,0,0,0,0,0,0,0,0,0,0,0,0,0,0,0,0,0,0,0,0,0,0,0,0,0,0,0,0.157835720647426,0,0,0,0,0,0,0,0,0,0,0,0,0,0,0.0323274822924524,0,0,0,0,0.00357142857142858,0,0.00833333333333332,0,0,0,0,0,0,0,0,0.0176470588235294,0.0831786631506563
0,0,0,0,0,0,0,0.000429184549356222,0,0,0,0,0,0,0,0,0,0,0,0,0,0,0,0,0,0,0,0,0,0,0,0,0,0,0,0,0,0,0,0,0,0,0,0,0,0,0,0,0,0,0,0,0,0,0,0,0,0,0,0,0,0,0.00238095238095238,0,0,0,0,0,0,0,0,0,0,0,0
0,0,0,0,0,0,0,0.000858369098712446,0,0,0,0,0,0,0,0,0,0,0,0,0,0,0,0,0,0,0,0,0,0,0,0,0,0,0,0,0,0,0,0,0,0,0.00400000000000002,0,0,0,0,0,0,0,0,0,0,0,0,0,0,0.00222222222222222,0,0,0,0,0.00357142857142858,0,0,0,0,0,0,0,0,0,0,0,0.0093865932352591
0,0,0,0,0,0,0,0.00128755364806867,0,0,0,0,0,0,0,0,0,0,0,0,0,0,0,0,0,0,0,0,0,0,0,0,0,0,0,0,0,0,0,0,0,0,0,0,0,0,0,0,0,0,0,0,0,0,0,0,0,0,0,0,0,0,0.00238095238095238,0,0,0.00999999999999999,0,0,0,0,0,0,0,0,0
0,0,0,0,0,0,0,0.000858369098712446,0,0,0,0,0,0,0,0,0,0,0,0,0,0,0,0,0,0,0,0,0,0,0,0,0,0,0,0,0,0,0,0,0,0,0,0,0,0,0,0,0,0,0,0,0,0,0,0,0,0.00222222222222222,0,0,0,0,0.00238095238095238,0,0,0,0,0,0,0,0,0,0,0.00588235294117648,0
0,0,0,0,0,0,0,0.000858369098712446,0,0,0,0,0,0,0,0,0,0,0,0,0,0,0,0,0,0,0,0,0,0,0,0,0,0,0,0,0,0,0.0919489383215372,0,0,0,0.00400000000000002,0,0,0,0,0,0,0,0,0,0,0,0,0,0.00357142857142857,0,0,0,0,0,0.00357142857142858,0,0,0,0,0,0,0,0,0,0.035,0,0
0,0,0,0,0,0,0,0.000429184549356222,0,0,0,0,0,0,0,0,0,0,0,0,0,0,0,0,0,0,0,0,0,0,0,0,0,0,0,0,0,0,0,0,0,0,0.00400000000000002,0,0,0,0,0,0,0,0,0,0,0,0,0,0,0,0,0,0,0,0.00119047619047618,0,0,0,0,0,0,0,0,0,0,0,0
0,0,0,0,0,0,0,0.00262109174659604,0,0,0,0,0,0,0.00476190476190476,0,0,0,0.00588235294117647,0,0,0,0,0,0,0,0,0,0,0,0,0,0,0,0,0,0,0,0,0,0,0,0.00400000000000002,0,0,0,0,0,0,0,0,0,0,0,0,0,0.00714285714285714,0,0,0,0,0,0.00238095238095238,0,0,0,0,0,0,0,0,0,0,0,0
0,0,0,0,0,0,0,0.00128755364806867,0.00370370370370369,0,0,0,0,0,0.0199703245016481,0,0,0,0,0,0,0,0,0,0,0,0,0,0,0,0,0,0,0,0,0,0,0,0,0,0,0,0.00400000000000002,0,0,0,0,0,0,0,0,0,0,0,0,0,0,0,0,0,0,0,0.00357142857142858,0,0,0,0,0,0,0,0,0,0,0.00588235294117648,0
0,0,0,0,0,0,0,0.000858369098712446,0,0,0,0,0,0,0,0,0,0,0,0,0,0,0,0,0,0,0,0,0,0,0,0,0,0,0,0,0,0,0,0,0,0,0,0,0,0,0,0,0,0,0,0,0,0,0,0,0,0,0,0,0,0,0,0,0,0,0,0,0,0,0,0,0,0,0
0,0,0,0,0,0,0,0.000429184549356222,0,0,0,0,0,0,0,0,0,0,0,0,0,0,0,0,0,0,0,0,0,0,0,0,0,0,0,0,0,0,0,0,0,0,0,0,0,0,0,0,0,0,0,0,0,0,0,0,0,0.00222222222222222,0,0,0,0,0.00119047619047618,0,0,0,0,0,0,0,0,0,0,0,0
0,0,0,0,0,0,0,0.0190515304777199,0,0,0,0,0,0,0.00476190476190476,0,0,0,0,0,0,0.00666666666666667,0,0,0.02,0.0111111111111111,0,0,0,0,0,0,0,0,0,0,0,0,0,0,0,0,0,0,0,0,0,0,0,0,0,0,0,0,0,0,0,0,0,0,0,0,0,0,0,0,0,0,0,0,0,0,0,0,0
0,0,0,0,0,0,0,0,0,0,0,0,0,0,0,0,0,0,0,0,0,0,0,0,0,0,0,0,0,0,0,0,0,0,0,0,0,0,0,0,0,0,0,0,0,0,0,0,0,0,0,0,0,0,0,0,0,0,0,0,0,0,0,0,0,0,0,0,0,0,0,0,0,0,0
0,0,0,0,0,0,0,0.000429184549356222,0,0,0,0,0,0,0,0,0,0,0,0,0,0,0,0,0,0,0,0,0,0,0,0,0,0,0,0,0,0,0,0,0,0,0,0,0,0,0,0,0,0,0,0,0,0.00133333333333332,0,0,0,0.00222222222222222,0,0,0,0,0.00357142857142858,0,0,0,0,0,0,0,0,0,0,0.00588235294117648,0
0,0,0,0.0803261282390917,0,0.0454545454545455,0,0.0456363149541623,0.0333474479415926,0,0,0,0,0.0692307692307693,0.0621818730748062,0,0,0,0,0,0,0.0833333333333334,0,0.1,0.06,0.088888888888889,0,0,0,0.05,0.00909090909090905,0.0818181818181818,0.1,0,0,0.0095238095238095,0.00769230769230769,0.1,0.0209302325581396,0.433018867924528,0,0,0.194961201838113,0,0,0.0333333333333333,0,0,0,0,0,0,0,0.352520315837741,0,0,0.237523123391465,0,0.00909090909090909,0,0,0,0.0688609788044396,0,0.0166666666666668,0,0.0608736881711663,0,0,0.03,0,0.08767094017094,0.0419736842105263,0,0
0,0,0,0,0,0,0,0.000858369098712446,0,0,0,0,0,0,0,0,0,0,0,0,0,0,0,0,0,0,0,0,0,0,0,0,0,0,0,0,0,0,0,0,0,0,0.00400000000000002,0,0,0,0,0,0,0,0,0,0,0,0,0,0,0,0,0,0,0,0.00238095238095238,0,0,0,0,0,0,0,0,0,0,0,0
0,0,0,0,0,0,0,0,0,0,0,0,0,0,0,0,0,0,0,0,0,0,0,0,0,0,0,0,0,0,0,0,0,0,0,0,0,0,0,0,0,0,0,0,0,0,0,0,0,0,0,0,0,0,0,0,0,0,0,0,0,0,0,0,0,0,0,0,0,0,0,0,0,0,0
0,0,0,0,0,0,0,0.0413188021426364,0.0074074074074074,0,0,0.0657894736842105,0,0,0.0347238899895905,0,0,0,0,0,0,0,0,0,0,0,0,0,0,0,0,0,0,0,0,0.152432199859686,0,0,0,0,0,0,0,0,0,0,0,0,0,0,0,0,0,0.00133333333333332,0,0,0,0,0,0,0,0,0.00238095238095238,0,0.0500000000000001,0,0,0,0,0,0,0,0,0.0170159926031036,0.0510121591184624
0,0,0,0,0,0,0,0.00128755364806867,0,0,0,0,0,0,0,0,0,0,0,0,0,0,0,0,0,0,0,0,0,0,0,0,0,0,0,0,0,0,0,0,0,0,0.00400000000000002,0,0,0,0,0,0,0,0,0,0,0,0,0,0,0,0,0,0,0,0.00357142857142858,0,0,0.02,0,0,0,0,0,0,0,0,0
0,0,0,0,0,0.00909090909090915,0,0.0230157371882069,0,0,0,0,0,0,0,0,0,0,0,0,0,0.0200000000000001,0,0,0,0.0555555555555556,0,0,0,0,0,0,0,0.0128089650286636,0,0.0989813535911602,0.0384615384615385,0,0.343966587002482,0,0,0,0,0,0,0,0,0,0,0,0,0,0,0.11153972769856,0,0,0.0918820249598845,0.0477755410688848,0,0,0,0,0.00918029631610365,0,0,0.00999999999999999,0,0,0,0.0400000000000001,0,0,0,0,0.0130829535997048
0,0,0,0,0,0,0,0,0,0,0,0,0,0,0,0,0,0,0,0,0,0,0,0,0,0,0,0,0,0,0,0,0,0,0,0,0,0,0,0,0,0,0,0,0,0,0,0,0,0,0,0,0,0,0,0,0,0,0,0,0,0,0,0,0,0,0,0,0,0,0,0,0,0.00588235294117648,0
0,0,0,0,0,0,0,0.0289754020209252,0,0,0,0,0,0,0.0190283339172969,0,0.0333333333333333,0.03125,0.0411764705882352,0,0,0.0566666666666667,0,0,0,0.0111111111111111,0,0,0,0.0944444444444445,0.00454545454545454,0.0636363636363636,0.0363636363636364,0,0,0.0587301587301587,0.0230769230769231,0.0111111111111112,0,0.0830188679245283,0,0,0,0,0,0,0,0,0,0,0,0,0,0.191556143151579,0,0.08,0.25757921065498,0.0156897760381332,0,0,0,0.0333333333333333,0.0214297770029704,0,0,0.00999999999999999,0.028676368394386,0.0333333333333333,0,0.0699999999999999,0,0,0,0.0352941176470588,0
0,0,0,0,0,0,0,0.00128755364806867,0,0,0,0,0,0,0,0,0,0,0,0,0,0,0,0,0,0,0,0,0,0,0,0,0,0,0,0,0,0,0,0,0,0,0,0,0,0,0,0,0,0,0,0,0,0,0,0,0,0.00444444444444445,0,0,0,0,0,0,0,0,0,0,0,0,0,0,0,0,0
0,0,0,0,0,0,0,0.000858369098712446,0,0,0,0,0,0,0,0,0,0,0,0,0,0,0,0,0,0,0,0,0,0,0,0,0,0,0,0,0,0,0,0.0276729559748427,0,0,0.00400000000000002,0,0,0,0,0,0,0,0,0,0,0,0,0,0,0.00888888888888889,0,0,0,0,0.00357142857142858,0,0,0,0,0,0,0,0,0,0,0,0
0,0,0,0,0,0,0,0.00268250776597058,0,0,0,0,0,0,0,0,0,0,0,0,0,0,0,0,0,0,0,0,0,0,0,0,0,0,0,0,0,0,0,0,0,0,0.00400000000000002,0,0,0,0,0,0,0,0,0,0,0,0,0,0,0,0,0,0,0,0.00357142857142858,0,0,0,0,0,0,0,0,0,0,0,0
0,0,0,0,0,0,0,0.00128755364806867,0,0,0,0,0,0,0,0,0,0,0,0,0,0,0,0,0,0,0,0,0,0,0,0,0,0,0,0.0609116022099445,0.0153846153846153,0,0,0,0,0,0,0,0,0,0,0,0,0,0,0,0,0.00266666666666666,0,0,0,0,0,0,0,0,0.00357142857142858,0,0,0,0.00526315789473684,0,0,0,0,0,0,0,0
0,0,0,0,0,0,0,0.00858369098712446,0,0,0,0,0,0,0.00476190476190476,0,0,0,0,0,0,0,0,0,0,0,0,0,0,0,0,0,0,0,0,0,0,0,0,0,0,0,0.00400000000000002,0,0,0,0,0,0,0,0,0,0,0.00266666666666666,0,0,0.0214285714285714,0.0210866939235732,0,0,0,0.1,0.00357142857142858,0,0,0,0,0,0,0,0,0,0,0.0117647058823529,0.00357142857142856
0,0,0,0,0,0,0,0.00171673819742489,0,0,0,0,0,0,0.0860184324379117,0,0,0,0,0,0,0,0,0,0,0,0,0,0,0,0,0,0,0,0,0,0.0230769230769231,0,0,0,0,0,0.00400000000000002,0,0,0,0,0,0,0,0,0,0,0,0,0,0,0,0,0,0,0,0.00357142857142858,0,0,0.00999999999999999,0,0,0,0,0,0,0,0.030246406557769,0
0,0,0,0,0,0,0,0.000858369098712446,0,0,0,0,0,0,0,0,0,0,0,0,0,0,0,0,0,0,0,0,0,0,0,0,0,0,0,0,0,0,0,0,0,0,0.00400000000000002,0,0,0,0,0,0,0,0,0,0,0,0,0,0,0,0,0,0,0,0.00357142857142858,0,0,0,0,0,0,0,0,0,0,0,0
0,0,0,0,0,0,0,0.000429184549356222,0,0,0,0,0,0,0,0,0,0,0,0,0,0,0,0,0,0,0,0,0,0,0,0,0,0,0,0,0,0,0,0,0,0,0,0,0,0,0,0,0,0,0,0,0,0,0,0,0,0,0,0,0,0,0.00357142857142858,0,0,0,0,0,0,0,0,0,0,0,0
0,0,0,0,0,0,0,0.000858369098712446,0,0,0,0,0,0,0.00476190476190476,0,0,0,0,0,0,0,0,0,0,0,0,0,0,0,0,0,0,0,0,0,0,0,0,0,0,0,0,0,0,0,0,0,0,0,0,0,0,0,0,0,0.00357142857142857,0,0,0,0,0,0.00238095238095238,0,0,0.00999999999999999,0,0,0,0,0,0,0,0.00588235294117648,0
0,0,0,0.0311154927744932,0,0,0,0.0828009488455266,0.0148148148148148,0,0,0,0,0.0538461538461539,0.0326082254128819,0,0.1,0.0500000000000001,0.0823529411764708,0,0,0.0466666666666666,0,0,0.02,0.0555555555555556,0,0,0,0.0611111111111111,0,0.0181818181818182,0,0.0858812948391235,0,0.0989813535911602,0,0,0.00232558139534883,0,0,0,0.0439106561701396,0,0,0,0,0.183541388877601,0,0,0,0,0,0.146849856289135,0,0,0.110699324058262,0.0594292945464526,0,0,0,0,0.048350425225,0,0.0500000000000001,0.0299999999999999,0.0578947368421053,0,0,0,0,0.0277777777777777,0,0.155309890148271,0.127397847173893
0,0,0,0,0,0,0,0.0282655305667507,0.00370370370370369,0,0,0,0,0,0,0,0,0.0375,0.0411764705882352,0,0,0.0166666666666666,0,0,0,0.0111111111111111,0,0,0,0,0,0.0363636363636364,0,0,0,0.00158730158730156,0.00769230769230769,0,0.00232558139534883,0,0,0,0.0589384755853729,0,0,0.0333333333333333,0,0,0,0,0,0,0,0.00133333333333332,0,0,0.0400888720858787,0.00222222222222222,0,0,0,0.0333333333333333,0.0107142857142857,0,0.0583333333333333,0.00999999999999999,0.0157894736842106,0,0.0333333333333333,0.05,0,0,0,0,0
0,0,0,0,0,0,0,0.00128755364806867,0,0,0,0,0,0,0.036099276635254,0,0,0,0,0,0,0,0,0,0,0,0,0,0,0,0.00909090909090905,0,0,0,0,0,0,0.0111111111111112,0,0,0,0,0.0491565062161306,0,0,0,0,0,0,0,0,0,0,0,0,0,0,0.0213700057964292,0,0,0,0,0,0,0.0468633891148803,0,0,0,0,0,0,0,0,0.193191288222753,0.0469946687671171
0,0,0,0,0,0,0,0.00812636197122078,0,0,0,0.00526315789473684,0,0,0.0218883915447792,0,0,0,0,0,0,0,0,0,0,0,0,0,0,0,0.00454545454545454,0,0,0,0,0,0.00769230769230769,0,0,0,0,0,0.016,0,0,0,0,0,0,0,0,0,0,0,0,0,0.00357142857142857,0.00222222222222222,0.00909090909090909,0,0,0,0.00238095238095238,0,0.0333333333333334,0.00999999999999999,0.0109916980589956,0,0,0,0,0.00555555555555557,0,0,0.0201844070360933
0,0,0,0,0,0,0,0.0129409161431673,0,0,0,0,0,0.0153846153846154,0.00476190476190476,0,0,0,0,0,0,0,0,0,0,0,0,0,0,0,0,0,0.0272727272727273,0,0,0,0,0,0.00232558139534883,0,0,0,0.00400000000000002,0,0,0,0,0,0,0,0,0,0,0,0,0,0,0.0115646942733032,0,0,0,0,0.00238095238095238,0,0,0,0,0,0,0,0,0,0,0.019498848834958,0
0,0,0,0,0,0,0,0,0,0,0,0,0,0,0,0,0,0,0,0,0,0,0,0,0,0,0,0,0,0,0,0,0,0,0,0,0,0,0,0,0,0,0,0,0,0,0,0,0,0,0,0,0,0,0,0,0,0,0,0,0,0,0,0,0,0,0,0,0,0,0,0,0,0,0
0.1,0,0,0.053529059152594,0,0.1,0.1,0.00745795475578524,0.0111111111111111,0,0,0,0,0.0307692307692309,0.10584926232916,0,0.0333333333333333,0.0875,0,0,0,0,0.0333333333333333,0.04,0.02,0.0333333333333333,0,0,0,0.05,0.0337669961923183,0.0454545454545455,0,0.134794055184727,0,0,0,0,0.0593907987866533,0,0,0,0.066574908619735,0,0,0.0333333333333333,0,0.0285714285714286,0,0,0,0.100552751419065,0,0.0476075771933644,0,0.00285714285714285,0.0178571428571429,0.101518862923972,0,0,0.0666666666666667,0,0.0501667273387524,0,0.0166666666666668,0.0299999999999999,0.11878834201193,0.1,0,0.03,0,0.0792735042735042,0.0025,0.00588235294117648,0.103603065259245
0,0,0,0,0,0,0,0.00214592274678112,0,0,0,0,0,0,0,0,0,0,0,0,0,0,0,0,0,0,0,0,0,0,0,0,0,0,0,0,0,0,0,0,0,0,0.00400000000000002,0,0,0,0,0,0,0,0,0,0,0,0,0,0,0,0,0,0,0,0.00119047619047618,0,0,0,0,0,0,0,0,0,0,0,0
0,0,0,0,0,0.0181818181818182,0,0.0376353680921375,0,0,0,0,0,0,0.0696111466897765,0,0,0.00624999999999999,0,0,0,0,0,0,0,0,0,0,0,0,0,0,0,0.0984655162904818,0,0.0095238095238095,0,0.0222222222222222,0,0,0,0,0.0510513307414796,0,0,0,0,0,0,0,0,0,0,0.236666810403814,0,0,0,0.0184784798705813,0,0,0,0,0.0174125871735042,0,0.0416666666666666,0,0.0698171994401448,0,0,0,0,0,0,0.070771541096032,0.0450343457597787
0,0,0,0,0,0.00909090909090915,0,0.0570834305309993,0,0,0,0,0,0,0,0,0,0,0,0,0,0.0200000000000001,0,0,0.02,0.0444444444444446,0,0,0,0.0111111111111111,0.00454545454545454,0,0,0,0,0.0571428571428572,0.0384615384615385,0,0,0.0377358490566038,0,0,0.00400000000000002,0,0,0.0333333333333333,0,0,0,0,0,0,0,0.0499489049449378,0,0.0371428571428571,0.0178571428571429,0,0.0181818181818182,0,0.0333333333333333,0,0.059932635464315,0,0,0,0.0342836296602007,0,0,0.0400000000000001,0,0,0.035,0,0
0,0,0,0.0473540281622278,0,0,0,0.134799923128795,0.0186311949780832,0,0,0.0526315789473684,0,0.0307692307692309,0.293049535644466,0,0,0,0.0823529411764708,0,0,0.0366666666666667,0,0,0,0,0,0,0,0,0.152292380700808,0,0.0363636363636364,0.218739569020162,0,0,0,0.1,0.200324593253056,0,0,0,0.133805821717298,0,0,0,0,0.348069371695102,0,0,0,0.4,0,0.0302793448936937,0,0,0.0518194898991823,0.265812209408074,0,0,0,0,0.0879198341516157,0.1,0.0166666666666668,0.02,0.235006360467369,0,0.0666666666666667,0.05,0,0.247542735042735,0.153377192982456,0.344350827102109,0.388085770703738
0,0,0,0,0,0,0,0.00171673819742489,0,0,0,0,0,0,0,0,0,0,0,0,0,0.00333333333333335,0,0,0,0,0,0,0,0,0,0,0,0,0,0,0,0,0,0,0,0,0,0,0,0,0,0,0,0,0,0,0,0,0,0,0,0,0,0,0,0,0.00357142857142858,0,0,0,0,0,0,0,0,0,0,0,0
0,0,0,0,0,0,0,0,0,0,0,0,0,0,0,0,0,0,0,0,0,0,0,0,0,0,0,0,0,0,0,0,0,0,0,0,0,0,0,0,0,0,0,0,0,0,0,0,0,0,0,0,0,0,0,0,0,0,0,0,0,0,0,0,0,0,0,0,0,0,0,0,0,0,0
0,0,0,0,0,0,0,0.000429184549356222,0,0,0,0,0,0,0.00476190476190476,0,0,0.0125000000000001,0,0,0,0,0,0,0,0,0,0,0,0,0,0,0,0,0,0,0,0,0,0,0,0,0.00400000000000002,0,0,0,0,0,0,0,0,0,0,0,0,0,0,0,0,0,0,0,0.00119047619047618,0,0,0,0,0,0,0,0,0,0,0.00588235294117648,0
0,0,0,0,0,0,0,0,0,0,0,0.0263157894736842,0,0,0,0,0,0,0,0,0,0,0,0,0,0,0,0,0,0,0,0,0,0,0,0,0,0,0,0,0,0,0,0,0,0,0,0,0,0,0,0,0,0,0,0,0,0.0297897973158503,0,0,0,0,0,0,0,0,0,0,0,0,0,0.060576923076923,0.0824561403508769,0,0
0,0,0,0,0,0,0,0.000858369098712446,0,0,0,0.00526315789473684,0,0,0,0,0,0,0,0,0,0,0,0,0,0,0,0,0,0,0,0,0,0.00294117647058824,0,0,0,0,0,0,0,0,0.00400000000000002,0,0,0,0,0,0,0,0,0,0,0,0,0,0,0,0,0,0,0,0.00357142857142858,0,0,0,0,0,0,0,0,0,0,0,0.00357142857142856
0,0,0,0,0,0,0,0.000429184549356222,0,0,0,0,0,0,0,0,0,0,0,0,0,0,0,0,0,0,0,0,0,0,0,0,0,0,0,0,0,0,0,0,0,0,0.00400000000000002,0,0,0,0,0,0,0,0,0,0,0,0,0,0.00714285714285714,0,0,0,0,0,0.00357142857142858,0,0,0,0,0,0,0,0,0,0,0,0
0,0,0,0,0,0,0,0.000858369098712446,0.0111111111111111,0,0,0,0,0,0,0,0,0,0,0,0,0,0,0,0,0,0,0,0,0,0.00454545454545454,0,0,0.00294117647058824,0,0,0,0,0,0,0,0,0,0,0,0,0,0,0,0,0,0,0,0.00133333333333332,0,0,0.0464285714285714,0.00444444444444445,0,0,0,0,0.00253368690381358,0,0.0907923778820577,0,0,0,0,0,0,0,0,0,0
0,0,0,0,0,0,0,0.00257510729613734,0,0,0,0,0,0,0,0,0,0,0,0,0,0,0,0,0,0,0,0,0,0,0,0,0,0,0,0,0,0,0,0,0,0,0,0,0,0,0,0,0,0,0,0,0,0,0,0,0,0,0,0,0,0,0,0,0,0,0,0,0,0,0,0,0,0,0
0,0,0,0,0,0,0,0.000858369098712446,0,0,0,0,0,0,0,0,0,0,0,0,0,0,0,0,0,0,0,0,0,0,0,0,0,0,0,0,0,0,0,0,0,0,0,0,0,0,0,0,0,0,0,0,0,0,0,0,0,0,0,0,0,0,0.00357142857142858,0,0,0,0,0,0,0,0,0,0,0,0
0,0,0,0,0,0,0,0.0147727267615089,0,0,0,0.00526315789473684,0,0,0,0,0.1,0.00624999999999999,0.0294117647058824,0,0,0.0166666666666666,0,0,0,0.0444444444444446,0,0,0,0,0,0,0,0,0,0,0,0,0.00697674418604647,0,0,0,0.0590776469552461,0,0,0,0,0,0,0,0,0,0,0.0569506790459971,0,0,0.063611560400841,0.0198264605228536,0,0,0.0333333333333333,0,0.0157462730277574,0,0.025,0,0,0,0,0,0,0,0,0,0
0,0,0,0,0,0,0,0,0,0,0,0,0,0,0,0,0,0,0,0,0,0,0,0,0,0,0,0,0,0,0,0,0,0,0,0,0,0,0,0,0,0,0,0,0,0,0,0,0,0,0,0,0,0,0,0,0,0.0264556588771917,0,0,0,0,0,0,0,0,0,0,0,0,0,0,0,0,0.0101985822694511
0,0,0,0,0,0,0,0.000429184549356222,0,0,0,0,0,0,0,0,0,0,0,0,0,0,0,0,0,0,0,0,0,0,0,0,0,0,0,0,0,0,0,0,0,0,0,0,0,0,0,0,0,0,0,0,0,0,0,0,0,0,0,0,0,0,0,0,0,0,0,0,0,0,0,0,0,0.00588235294117648,0
0,0,0,0,0,0,0,0.000858369098712446,0,0,0,0,0,0,0,0,0,0,0,0,0,0,0,0,0,0,0,0,0,0,0,0,0,0,0,0,0,0,0,0,0,0,0,0,0,0,0,0,0,0,0,0,0,0,0,0,0,0,0,0,0,0,0,0,0,0,0,0,0,0,0,0,0,0,0
0,0,0,0,0,0,0,0.00886092984471554,0,0,0,0.109649122807017,0,0,0,0,0,0.0125000000000001,0.0529411764705883,0,0,0.00333333333333335,0,0,0,0,0,0,0,0,0,0,0,0,0,0,0,0,0,0,0,0,0.016,0,0,0,0,0,0,0,0,0,0,0.008,0,0,0,0.0687007278937829,0,0,0,0,0.013365320646805,0,0.025,0.0299999999999999,0.0785759473388715,0,0,0,0,0.106196581196581,0.173516746411483,0,0.0328102743932181
0,0,0,0,0,0,0,0.00472854674568075,0,0,0,0,0,0,0,0,0,0,0,0,0,0,0,0,0,0,0,0,0,0,0,0,0,0,0,0,0,0,0,0,0,0,0,0,0,0,0,0,0,0,0,0,0,0,0,0,0,0.00222222222222222,0,0,0,0,0.00238095238095238,0,0,0,0,0,0,0,0,0,0,0,0
0,0,0,0,0,0,0,0.00171673819742489,0,0,0,0,0,0,0,0,0,0,0,0,0,0,0,0,0,0,0,0,0,0,0,0,0,0,0,0,0,0,0,0,0,0,0,0,0,0,0,0,0,0,0,0,0,0,0,0,0,0,0,0,0,0,0,0,0,0,0,0,0,0,0,0,0,0,0
0,0,0,0,0,0,0,0.000858369098712446,0,0,0,0,0,0,0,0,0,0.00624999999999999,0,0,0,0,0,0,0,0,0,0,0,0,0,0,0,0,0,0,0,0,0,0,0,0,0,0,0,0,0,0,0,0,0,0,0,0,0,0,0,0,0,0,0,0,0,0,0,0,0,0,0,0,0,0,0,0,0
0,0,0,0,0,0,0,0.0043162468973659,0,0,0,0,0,0,0,0,0,0,0,0,0,0,0,0,0,0,0,0,0,0,0,0,0,0,0,0,0,0,0,0,0,0,0.00400000000000002,0,0,0,0,0,0,0,0,0,0,0,0,0,0,0,0,0,0,0,0.00238095238095238,0,0,0,0,0,0,0,0,0,0,0,0
0,0,0,0,0,0.0363636363636364,0,0.0163090128755365,0,0,0,0,0,0.0538461538461539,0,0,0.1,0,0.0117647058823529,0,0,0.0466666666666666,0,0.04,0.1,0.0444444444444446,0,0,0,0.0277777777777778,0,0.0727272727272727,0.0545454545454545,0.0475467966086548,0,0,0.0153846153846153,0.0555555555555556,0,0,0,0,0.022496405864415,0,0,0,0,0,0,0,0,0,0,0.0502345084140434,0,0,0.0357142857142857,0.0360271586302328,0,0,0,0,0.019579668042025,0,0,0,0.160374694457136,0,0,0.05,0,0,0,0,0
0,0,0,0,0,0,0,0.000429184549356222,0,0,0,0,0,0,0,0,0,0,0,0,0,0,0,0,0,0,0,0,0,0,0,0,0,0,0,0,0,0,0,0,0,0,0,0,0,0,0,0,0,0,0,0,0,0,0,0,0,0,0,0,0,0,0.00455729938314626,0,0,0,0,0,0,0,0,0,0,0,0
0,0,0,0.0181818181818181,0,0,0,0.0104064917938587,0,0,0,0,0,0,0,0,0.1,0.025,0.0647058823529413,0,0,0.00333333333333335,0,0,0,0.0111111111111111,0,0,0,0,0,0,0,0,0,0,0,0,0,0,0,0,0.00979536196743832,0,0,0,0,0,0,0,0,0,0,0,0,0,0,0.0667596443363036,0,0,0,0,0.00884212524199956,0,0.0333333333333334,0,0.0263157894736841,0,0,0,0,0,0,0,0.00859297456522263
0,0,0,0.0194005118890126,0,0.00909090909090915,0,0.0232963551099148,0.00370370370370369,0,0,0,0,0,0.00952380952380952,0,0,0.00624999999999999,0.023529411764706,0,0,0.01,0,0,0,0,0,0,0,0,0,0.1,0.1,0,0,0.168677102516882,0.0461538461538461,0,0.349297959371266,0,0,0,0.02,0,0,0,0,0,0,0,0,0,0,0.00133333333333332,0,0,0.159550943028827,0.0387647369445389,0,0,0,0,0.0464518023086827,0,0.0810701427233009,0.00999999999999999,0.0441797104819915,0,0,0,0,0,0,0.00588235294117648,0.10817355476637
0,0,0,0,0,0,0,0.000429184549356222,0,0,0,0,0,0,0,0,0,0,0,0,0,0,0,0,0,0,0,0,0,0,0,0,0,0,0,0,0,0,0,0,0,0,0,0,0,0,0,0,0,0,0,0,0,0,0,0,0,0,0,0,0,0,0.00119047619047618,0,0,0,0,0,0,0,0,0,0,0,0
0,0,0,0,0,0,0,0.000976571299422083,0,0,0,0,0,0,0.0105584419240297,0,0,0,0,0,0,0,0,0,0,0,0,0,0,0,0,0,0,0,0,0,0,0,0,0,0,0,0,0,0,0,0,0,0,0,0,0,0,0,0,0,0,0,0,0,0,0,0.00238095238095238,0,0.00833333333333332,0,0,0,0,0,0,0,0,0.0127260046202568,0
0,0,0,0,0,0,0,0.00257510729613734,0,0,0,0,0,0,0,0,0,0,0,0,0,0,0,0,0,0,0,0,0,0,0,0,0,0,0,0,0,0,0,0,0,0,0,0,0,0,0,0,0,0,0,0,0,0,0,0,0,0,0,0,0,0,0.00119047619047618,0,0,0,0,0,0,0,0,0,0,0,0
0,0,0,0,0,0,0,0.000261950364974281,0,0,0,0,0,0,0,0,0,0,0,0,0,0,0,0,0,0,0,0,0,0,0,0,0,0,0,0,0,0,0,0,0,0,0,0,0,0,0,0,0,0,0,0,0,0.0185231335904875,0,0,0,0.00969569118141572,0,0,0,0,0,0,0,0,0,0,0,0,0,0,0,0,0
0,0,0,0.0090909090909091,0,0,0,0.000858369098712446,0,0,0,0,0,0,0.0124916777692745,0,0,0,0,0,0,0,0,0,0,0,0,0,0,0,0,0,0,0,0,0,0,0,0,0,0,0,0,0,0,0,0,0,0,0,0,0,0,0,0,0,0,0,0,0,0,0,0.00238095238095238,0,0,0.00999999999999999,0,0,0,0,0,0,0,0,0
0,0,0,0,0,0,0,0.00171673819742489,0.0407407407407407,0,0,0,0,0,0.141331883941155,0,0,0,0,0,0,0.00333333333333335,0,0,0,0,0,0,0,0,0,0.0181818181818182,0,0,0,0,0.0461538461538461,0,0,0,0,0,0.00400000000000002,0,0,0,0,0,0,0,0,0,0,0.004,0,0,0.0107142857142857,0.0177777777777778,0,0,0,0,0.00357142857142858,0,0.025,0.0299999999999999,0.00526315789473684,0,0,0,0,0,0,0.134516491467448,0
0,0,0,0,0,0,0,0.000964431708021807,0,0,0,0,0,0,0.0247322292635529,0,0,0,0,0,0,0,0,0,0,0,0,0,0,0,0,0,0,0,0,0,0,0,0,0,0,0,0.022496405864415,0,0,0,0,0,0,0,0,0,0,0,0,0,0,0,0,0,0,0,0.00238095238095238,0,0,0,0,0,0,0,0,0,0,0,0.0128894618478339
0,0,0,0,0,0,0,0.000858369098712446,0,0,0,0,0,0,0,0,0,0,0,0,0,0,0,0,0,0,0,0,0,0,0,0,0,0,0,0,0,0,0,0,0,0,0.00800000000000001,0,0,0,0,0,0,0,0,0,0,0,0,0,0,0,0,0,0,0,0.00357142857142858,0,0,0,0,0,0,0,0,0,0,0.054383124577444,0
0,0,0,0,0,0,0,0.000858369098712446,0,0,0,0,0,0,0,0,0,0,0,0,0,0,0,0,0,0,0,0,0,0,0,0,0,0,0,0,0,0,0,0,0,0,0,0,0,0,0,0,0,0,0,0,0,0,0,0,0,0,0,0,0,0,0.00119047619047618,0,0,0,0,0,0,0,0,0,0,0,0
0,0,0,0,0,0,0,0.000858369098712446,0,0,0,0,0,0,0,0,0,0,0,0,0,0,0,0,0,0,0,0,0,0,0,0,0,0,0,0,0,0,0,0,0,0,0,0,0,0,0,0,0,0,0,0,0,0.00133333333333332,0,0,0,0,0,0,0,0,0.00238095238095238,0,0,0,0,0,0,0,0,0,0,0,0
0,0,0,0.155279032605505,0,0.0363636363636364,0,0.00472103004291846,0.044542338314981,0,0,0,0,0,0.0340391561234626,0,0,0,0,0,0,0.00333333333333335,0,0,0,0,0,0,0,0,0,0,0,0,0,0,0.0461538461538461,0,0,0,0,0,0.0252874543098674,0.0142857142857143,0,0,0,0,0,0,0,0,0,0.00133333333333332,0,0,0,0.0177777777777778,0,0,0,0,0.00476190476190476,0,0.114548034560981,0.0599999999999999,0.0368421052631579,0,0,0,0,0,0,0.166257866591012,0
0,0,0,0,0,0,0,0.0372949466297912,0,0,0,0,0,0,0.00476190476190476,0,0,0,0,0,0,0,0,0,0,0,0,0,0,0.00555555555555556,0,0,0,0,0,0,0,0,0,0,0,0,0.00400000000000002,0,0,0,0,0,0,0,0,0,0,0.00133333333333332,0,0,0,0,0,0,0,0,0.00426527820787455,0,0,0,0,0,0,0,0,0,0,0,0
0,0,0,0.0090909090909091,0,0,0,0.00686192899885358,0,0,0,0,0,0,0.0226134994652307,0,0,0.01875,0.0117647058823529,0,0,0,0,0,0,0,0,0,0,0,0,0,0,0.0409443201591109,0,0,0,0,0.00232558139534883,0,0,0,0.024,0,0,0,0,0,0,0,0,0,0,0.00533333333333334,0,0,0.025,0.00444444444444445,0,0,0,0,0.00488201991152187,0,0.0166666666666668,0.0299999999999999,0.00526315789473684,0,0,0,0,0.00555555555555557,0,0.0352941176470588,0.05494704043398
0,0,0,0.0225578734951292,0,0.0363636363636364,0,0.0312660901985805,0.00370370370370369,0,0,0.00263157894736849,0,0,0.108468493468468,0,0,0,0,0,0,0.00333333333333335,0,0,0,0.0111111111111111,0,0,0,0,0,0,0,0.00294117647058824,0,0,0,0.0111111111111112,0,0,0,0,0.0429163486810302,0.0857142857142857,0,0,0,0.0142857142857142,0,0,0,0,0,0.00266666666666666,0,0,0.0392857142857143,0.0155555555555556,0,0,0,0,0.0166666666666667,0,0.00833333333333332,0.0500000000000001,0,0,0,0,0,0.00555555555555557,0,0.10226498837345,0.25082709588851
0,0,0,0,0,0,0,0.000858369098712446,0,0,0,0,0,0,0,0,0,0,0,0,0,0,0,0,0,0,0,0,0,0,0,0,0,0,0,0,0,0,0,0,0,0,0,0,0,0,0,0,0,0,0,0,0,0,0,0,0,0,0,0,0,0,0,0,0,0,0,0,0,0,0,0,0,0,0
0,0,0,0,0,0,0,0.000858369098712446,0,0,0,0,0,0,0,0,0,0,0,0,0,0,0,0,0,0,0,0,0,0,0,0,0,0,0,0,0,0,0,0,0,0,0.01444630504798,0,0,0,0,0,0,0,0,0,0,0,0,0,0,0.00772643893146619,0,0,0,0,0.00238095238095238,0,0,0,0,0,0,0,0,0,0,0,0
0,0,0,0,0,0,0,0,0,0,0,0,0,0,0,0,0,0,0,0,0,0,0,0,0,0,0,0,0,0,0,0,0,0,0,0,0,0,0,0,0,0,0,0,0,0,0,0,0,0,0,0,0,0,0,0,0,0,0,0,0,0,0,0,0,0,0,0,0,0,0,0,0,0,0
0,0,0,0,0,0,0,0.0202354615715776,0,0,0,0,0,0,0.019047619047619,0,0,0,0,0,0,0,0,0,0,0,0,0,0,0,0,0,0,0,0,0,0,0,0,0,0,0,0,0,0,0,0,0,0,0,0,0,0,0,0,0,0,0,0,0,0,0,0.00357142857142858,0,0,0,0,0,0,0,0,0,0,0,0
0,0,0,0.106580762142927,0,0.0363636363636364,0.1,0.0798868238383363,0.0074074074074074,0,0,0,0,0,0.174682938588181,0,0,0.05625,0.0470588235294119,0,0,0.0200000000000001,0,0,0,0.0111111111111111,0,0,0,0.00555555555555556,0.0657067122596798,0.00909090909090907,0.0363636363636364,0.10515117986172,0,0,0,0.0555555555555556,0.0415019762845852,0,0,0,0.0727839383692464,0.0285714285714285,0,0,0,0.118221428252632,0,0,0,0.189896287094378,0,0.0436883933669662,0,0,0.0749275553534347,0.0665353438366308,0,0,0,0,0.0259485489120732,0.0857142857142856,0.025,0,0.0602553157628071,0,0,0.0200000000000001,0,0,0,0.122932794981388,0.23229708308576
0,0,0,0,0,0,0,0,0,0,0,0,0,0,0,0,0,0,0,0,0,0,0,0,0,0,0,0,0,0,0,0,0,0,0,0,0,0,0,0,0,0,0,0,0,0,0,0,0,0,0,0,0,0,0,0,0,0,0,0,0,0,0,0,0,0,0,0,0,0,0,0,0,0,0
0,0,0,0,0,0,0,0,0,0,0,0,0,0,0,0,0,0,0,0,0,0,0,0,0,0,0,0,0,0,0,0,0,0,0,0,0,0,0,0,0,0,0,0,0,0,0,0,0,0,0,0,0,0,0,0,0,0,0,0,0,0,0,0,0,0,0,0,0,0,0,0,0,0,0
0,0,0,0,0,0,0,0.00343347639484978,0,0,0,0,0,0,0,0,0,0,0,0,0,0,0,0,0,0,0,0,0,0,0,0,0,0,0,0,0,0,0,0,0,0,0.00400000000000002,0,0,0,0,0,0,0,0,0,0,0.00266666666666666,0,0,0.0214285714285714,0,0,0,0,0,0.00357142857142858,0,0,0,0,0,0,0,0,0,0,0,0
0,0,0,0.156205138313035,0,0.0909090909090908,0,0.45,0.0333333333333334,0,0.1,0.431578947368421,0,0.0846153846153846,0.316553598816099,0,0.0666666666666667,0,0.023529411764706,0,0,0.0633333333333334,0.1,0.0800000000000003,0.06,0.0666666666666668,0,0,0,0.0444444444444445,0.201250849548781,0.1,0.1,0.220082657548594,0,0.330696143558712,0.1,0.1,0,0,0,0,0.0747100856641685,0.0428571428571428,0,0.0666666666666667,0,0.127531755284616,0,0,0,0.0916666666666666,0,0.344973025882306,0,0.0914285714285714,0.374329996347615,0.244570732152196,0.1,0,0.1,0.1,0.45,0,0.0749999999999999,0.0500000000000001,0.45,0.0333333333333333,0.0333333333333333,0.1,0,0.341538461538461,0.36377990430622,0.120561688050688,0.45
0,0,0,0,0,0.00909090909090915,0,0.00858369098712446,0,0,0,0,0,0,0.22138374867246,0,0,0.00624999999999999,0.0176470588235294,0,0,0,0,0,0,0.0111111111111111,0,0,0,0,0,0,0,0.00588235294117646,0,0,0,0.0111111111111112,0,0,0,0,0.115574931204132,0,0,0,0,0.0142857142857142,0,0,0,0.0916666666666666,0,0.00266666666666666,0,0,0,0.00222222222222222,0,0,0,0,0.00357142857142858,0,0,0.04,0,0,0,0,0,0,0,0.0511323465600544,0.123302570510256
0,0,0,0,0,0,0,0,0,0,0,0,0,0,0,0,0,0,0,0,0,0,0,0,0,0,0,0,0,0,0,0,0,0,0,0,0,0,0,0,0,0,0.00400000000000002,0,0,0,0,0,0,0,0,0,0,0.00133333333333332,0,0,0,0,0,0,0,0,0,0,0,0,0,0,0,0,0,0,0,0,0
0,0,0,0.0090909090909091,0,0,0,0.0099761846160255,0,0,0,0.00526315789473684,0,0,0.0580655625968861,0,0,0,0,0,0,0.0266666666666667,0,0,0,0,0,0,0,0,0.00909090909090905,0,0.00909090909090909,0.0256642392694832,0,0,0,0,0,0,0,0,0.012,0.0285714285714285,0,0,0,0,0,0,0,0,0,0.00266666666666666,0,0,0.00714285714285714,0.00222222222222222,0,0,0,0,0.00952380952380953,0,0,0,0,0,0,0,0,0.00555555555555557,0,0.09075004313169,0.0285714285714285
0,0,0,0.0090909090909091,0,0.00909090909090915,0,0.000858369098712446,0.0111111111111111,0,0,0,0,0,0.00476190476190476,0,0,0,0,0,0,0,0,0,0,0,0,0,0,0,0,0,0,0.0088235294117647,0,0,0,0.0111111111111112,0,0,0,0,0.00400000000000002,0,0,0,0,0,0,0,0,0,0,0.004,0,0,0,0.0169392573263209,0,0,0,0,0.00357142857142858,0,0,0,0,0,0,0,0,0,0,0.0464277573089859,0
0,0,0,0,0,0,0,0.000858369098712446,0,0,0,0,0,0,0,0,0,0,0,0,0,0,0,0,0,0,0,0,0,0,0,0,0,0,0,0,0,0,0,0,0,0,0,0,0,0,0,0,0,0,0,0,0,0,0,0,0,0,0,0,0,0,0.00357142857142858,0,0,0,0,0,0,0,0,0,0,0,0
0,0,0,0,0,0,0,0,0,0,0,0,0,0,0,0,0,0,0,0,0,0,0,0,0,0,0,0,0,0,0,0,0,0,0,0,0,0,0,0,0,0,0,0,0,0,0,0,0,0,0,0,0,0,0,0,0,0,0,0,0,0,0,0,0,0,0,0,0,0,0,0,0,0,0
0,0,0,0,0,0,0,0,0,0,0,0,0,0,0,0,0,0,0,0,0,0,0,0,0,0,0,0,0,0,0,0,0,0,0,0,0,0,0,0,0,0,0,0,0,0,0,0,0,0,0,0,0,0,0,0,0,0,0,0,0,0,0,0,0,0,0,0,0,0,0,0,0,0,0
0,0,0,0,0,0,0,0,0,0,0,0,0,0,0,0,0,0,0,0,0,0,0,0,0,0,0,0,0,0,0,0,0,0,0,0,0,0,0,0,0,0,0,0,0,0,0,0,0,0,0,0,0,0,0,0,0,0,0,0,0,0,0,0,0,0,0,0,0,0,0,0,0,0,0
0,0,0,0,0,0,0,0.000429184549356222,0,0,0,0,0,0,0,0,0,0,0,0,0,0,0,0,0,0,0,0,0,0,0,0,0,0,0,0,0,0,0,0,0,0,0.00400000000000002,0,0,0,0,0,0,0,0,0,0,0,0,0,0,0,0,0,0,0,0.00238095238095238,0,0,0,0,0,0,0,0,0,0,0,0
0,0,0,0,0,0,0,0,0,0,0,0,0,0,0,0,0,0,0,0,0,0,0,0,0,0,0,0,0,0,0,0,0,0,0,0,0,0,0,0,0,0,0,0,0,0,0,0,0,0,0,0,0,0,0,0,0,0,0,0,0,0,0,0,0,0,0,0,0,0,0,0,0,0,0
0,0,0,0,0,0,0,0,0,0,0,0,0,0,0,0,0,0,0,0,0,0,0,0,0,0,0,0,0,0,0,0,0,0,0,0,0,0,0,0,0,0,0,0,0,0,0,0,0,0,0,0,0,0,0,0,0,0,0,0,0,0,0,0,0,0,0,0,0,0,0,0,0,0,0
0,0,0,0,0,0,0,0.0048372762961593,0,0,0,0,0,0,0.0142857142857143,0,0,0,0,0,0,0,0,0,0,0,0,0,0,0,0,0,0,0,0,0.0095238095238095,0,0,0,0,0,0,0.00400000000000002,0,0,0,0,0,0,0,0,0,0,0,0,0,0,0,0,0,0,0,0.00357142857142858,0,0,0,0,0,0,0,0,0,0,0,0
0,0,0,0,0,0,0,0.00257510729613734,0,0,0,0,0,0,0,0,0,0,0,0,0,0,0,0,0,0,0,0,0,0,0,0,0,0,0,0.00158730158730156,0,0,0,0,0,0,0,0,0,0,0,0,0,0,0,0,0,0.00266666666666666,0,0,0,0,0,0,0,0,0.0165125135842908,0,0,0,0,0,0,0,0,0,0,0,0
